---,Name,DistancePc,RaDeg,DecDeg,SpectralType,TeffK,RadiusSun,MassSun,Log10LumSun,PlanetCount
Proxima_Cen,Proxima Cen,1.30119,217.393,-62.6762,M5.5 V,2900,0.141,0.1221,-2.82102,2
Barnard_s_star,Barnard's star,1.82655,269.449,4.73798,M3.5-4 V,3195,0.185,0.162,-2.44977,4
eps_Eri,eps Eri,3.2026,53.2284,-9.45817,K2 V,5020.38,0.759106,0.82,-0.41928,1
GJ_887,GJ 887,3.28679,346.503,-35.8473,M1 V,3688,0.468,0.495,-1.43415,4
Ross_128,Ross 128,3.37454,176.938,0.79929,M4,3192,0.1967,0.168,-2.44129,1
Gl_725_A,Gl 725 A,3.5214,280.683,59.6381,M3,3433,0.351,0.33,-1.809,1
GJ_15_A,GJ 15 A,3.56228,4.61267,44.0247,M1,3607,0.38,0.38,-1.655,2
tau_Cet,tau Cet,3.60304,26.0093,-15.9338,G8.5V,5310,0.83,0.783,-0.30539,3
eps_Ind_A,eps Ind A,3.63857,330.871,-56.7969,K5 V,4700,0.713,0.8,-0.6216,1
GJ_1061,GJ 1061,3.67278,54.0032,-44.5143,M5.5 V,2953,0.156,0.12,-2.76955,3
YZ_Cet,YZ Cet,3.71207,18.1331,-16.9962,M4.5 V,3151,0.157,0.142,-2.65857,3
Teegarden_s_Star,Teegarden's Star,3.83078,43.2691,16.8649,M7.0 V,3034,0.12,0.097,-3.14146,3
Kapteyn,Kapteyn,3.93305,77.9587,-45.043,M2.0V,3550,0.291,0.281,-1.79289,1
Wolf_1061,Wolf 1061,4.30592,247.575,-12.6677,M3.5,3342,0.307,0.294,-1.9914,3
GJ_9066,GJ 9066,4.471,30.0588,13.0443,M5.0 V,3154,0.164,0.15,-2.59517,1
GJ_674,GJ 674,4.54896,262.17,-46.899,M2.5,3600,0.36463,0.35,-1.796,1
GJ_687,GJ 687,4.54939,264.104,68.3337,M3.0V,3413,0.4183,0.4,-1.672,2
GJ_876,GJ 876,4.67517,343.324,-14.2666,M2.5V,3293.74,0.3,0.32,-1.90658,4
GJ_1002,GJ 1002,4.84867,1.67646,-7.54621,M5.5 V,3024,0.137,0.12,-2.85201,2
GJ_832,GJ 832,4.96435,323.391,-49.0125,M2/3 V,3472,0.441557,0.45,-1.585,1
GJ_682,GJ 682,5.00671,264.261,-44.3233,M3.5 V,3028,0.298255,0.27,-2.69897,2
GJ_3323,GJ 3323,5.37484,75.4869,-6.94851,M4,3159,0.119,0.164,-2.56864,2
GJ_251,GJ 251,5.58057,103.7,33.2665,M3.0 V,3342,0.36,0.35,-1.80967,2
GJ_411,GJ 411,5.67577,165.834,35.9723,M1.5 V,3719,0.3685,0.3899,-1.70997,2
GJ_229,GJ 229,5.75624,92.6436,-21.8677,M1.5V,3564,0.46,0.509,-1.55284,2
HD_180617,HD 180617,5.91059,289.228,5.16316,M2.5 V,3534,0.481,0.484,-1.49,1
GJ_273,GJ 273,5.92154,111.852,5.22581,M3.5,3382,0.293,0.29,-2.05552,2
HD_20794,HD 20794,6.00278,49.9998,-43.0667,G6 V,5368,0.93,0.79,-0.16311,4
HN_Lib,HN Lib,6.24442,218.568,-12.517,M4.0 V,3347,0.299,0.291,-1.99542,1
GJ_896_A,GJ 896 A,6.26022,352.97,19.937,M3.5 V,3345,0.394682,0.43599,-1.75523,1
GJ_581,GJ 581,6.2981,229.856,-7.72269,M3.0 V,3500,0.302,0.295,-1.90781,3
GJ_338_B,GJ 338 B,6.33256,138.592,52.6835,M0 V,4014,0.58,0.64,-1.10127,1
GJ_625,GJ 625,6.47249,246.356,54.3034,M2,3499,0.31,0.3,-1.894,1
HD_219134,HD 219134,6.53127,348.337,57.1696,K3 V,4913,0.77,0.794,-0.50864,6
Gl_725_B,Gl 725 B,6.84236,280.695,59.6271,M4,3379,0.28,0.25,-2.038,1
LTT_1445_A,LTT 1445 A,6.86929,45.4625,-16.5945,M3.0,3562,0.271,0.257,-2.04591,2
GJ_393,GJ 393,7.03149,157.229,0.837848,M2.0 V,3579,0.426,0.426,-1.57073,1
GJ_4274,GJ 4274,7.23556,335.781,-17.6104,M4.5 V,3228,0.19,0.18,-2.46218,2
GJ_667_C,GJ 667 C,7.24396,259.751,-34.9978,M1.5 V,3350,1,0.33,-1.863,5
GJ_514,GJ 514,7.61778,202.504,10.3725,M0.5-1.0 V,3728,0.5,0.51,-1.36653,1
GJ_3378,GJ 3378,7.72274,90.2951,59.5932,M4 V,3340,0.275,0.262,-2.07058,1
GJ_1151,GJ 1151,8.03625,177.73,48.3732,M 4.5V,3280,0.1781,0.1639,-2.47952,1
GJ_486,GJ 486,8.07426,191.982,9.74942,M3.5 V,3317,0.3243,0.312,-1.93892,1
Gl_686,Gl 686,8.15728,264.476,18.596,M1.0 V,3656,0.427,0.426,-1.53,1
Gliese_48,Gliese 48,8.23366,15.6582,71.6782,M3.5 V,3450,0.463,0.47,-1.56384,1
GJ_1289,GJ 1289,8.35147,355.781,36.5363,M4.5 Ve,3296,0.245012,0.21,-2.25995,1
61_Vir,61 Vir,8.50332,199.596,-18.3158,G5 V,5577,0.963,0.942,-0.095,3
CD_Cet,CD Cet,8.60715,48.353,4.77519,M5.0 V,3130,0.175,0.161,-2.53254,1
HD_192310,HD 192310,8.79687,303.828,-27.0338,K3V,5166,0.857922,0.8,-0.41454,2
GJ_849,GJ 849,8.80058,332.423,-4.64083,M3.5,3467,0.45,0.45,-1.59,2
GJ_433,GJ 433,9.06456,173.862,-32.5436,M2V,3461,0.5,0.48,-1.69897,3
GJ_367,GJ 367,9.41263,146.121,-45.779,M V,3535,0.457,0.451,-1.54061,3
GJ_357,GJ 357,9.44181,144.007,-21.6651,M2.5 V,3505,0.337,0.342,-1.79833,3
HD_285968,HD 285968,9.47045,70.7354,18.9534,M2 V,3703.49,0.478214,0.5,-1.658,1
GJ_3512,GJ 3512,9.48637,130.332,59.4918,M5.5 V,3141,0.139,0.123,-2.8041,2
G_192_15,G 192-15,9.53114,90.6221,49.8619,M5.0 V,2999,0.170718,0.132,-2.67285,2
Wolf_1069,Wolf 1069,9.58341,306.524,58.5753,M5.0 V,3158,0.1813,0.167,-2.53106,1
GJ_680,GJ 680,9.67315,263.807,-48.6788,K5,3563,0.45933,0.456,-1.51379,1
AU_Mic,AU Mic,9.7221,311.291,-31.3424,M1 V,3540,0.862,0.635,-0.97757,4
GJ_436,GJ 436,9.75321,175.551,26.7031,M2.5 V,3586.11,0.455,0.47,-1.585,1
Gl_49,Gl 49,9.8528,15.6687,62.3454,M1.5 V,3805,0.511,0.515,-1.30645,1
GJ_3988,GJ 3988,9.9105,255.85,51.409,M4.5 V,3273,0.19734,0.1842,-2.39513,1
HD_260655,HD 260655,10.0055,99.2915,17.5663,M0 V,3803,0.439,0.439,-1.43997,2
WISEP_J121756_91_162640_2_A,WISEP J121756.91+162640.2 A,10.1,184.487,16.4445,T8.5,575,0.091,0.029,-6.09,1
L_363_38,L 363-38,10.2295,10.8555,-41.2953,,3129,0.274,0.21,-1.88606,1
GJ_1265,GJ 1265,10.2525,333.432,-17.6871,M4.5 V,3236,0.192,0.178,-2.4389,1
HD_62509,HD 62509,10.34,116.329,28.0261,K0IIIvar,4892.63,8.9,2,1.612,1
GJ_649,GJ 649,10.3796,254.536,25.742,M1.0,3734,0.5,0.51,-1.361,1
GJ_536,GJ 536,10.4092,210.26,-2.65229,M1 V,3641,0.529,0.528,-1.35291,2
GJ_341,GJ 341,10.454,140.399,-60.2812,M1,3770,0.5066,0.48,-1.31072,1
HIP_48714,HIP 48714,10.5298,149.033,62.786,M0.5 Ve,4015.5,0.595456,0.58,-1.15565,1
L_98_59,L 98-59,10.6194,124.533,-68.3145,M3 V,3415,0.3155,0.2923,-1.91364,5
G_261_6,G 261-6,10.6267,291.074,75.5558,M5.5 V,2907,0.153162,0.118,-2.82122,1
HD_147379,HD 147379,10.7643,244.173,67.2392,M0.0 V,4090,0.628304,0.58,-1.09691,1
GJ_86,GJ 86,10.7836,32.6225,-50.821,K1V,5182,0.77,0.93,-0.38952,1
COCONUTS_2_A,COCONUTS-2 A,10.8864,117.301,-76.7027,M3 V,3552,0.366,0.4,-1.719,1
HD_115404_A,HD 115404 A,10.9816,199.216,17.016,K2V,5019.17,0.727007,0.83,-0.5197,2
GJ_1148,GJ 1148,11.0143,175.433,42.7516,M5,3287,0.358519,0.344045,-1.86908,2
GJ_740,GJ 740,11.1017,284.5,5.90287,M1.0 V,3913,0.56,0.58,-1.206,1
HD_3651,HD 3651,11.1336,9.83872,21.2489,K0 V,5221,0.871954,0.799,-0.27415,1
Ross_508,Ross 508,11.2103,230.961,17.4605,M4.5 V,3071,0.2113,0.1774,-2.44503,1
HD_222237,HD 222237,11.4469,354.908,-72.7253,K3 V,4751,0.71,0.76,-0.66555,1
Ross_458,Ross 458,11.5094,195.191,12.3756,M2,3965.42,0.562566,0.556419,-1.29769,1
HD_141004,HD 141004,11.8148,236.61,7.35277,G0Vvar,5885.38,1.38937,1.0519,0.346,1
GJ_414_A,GJ 414 A,11.8893,167.775,30.4452,K7 V,4120,0.68,0.65,-0.92445,2
GJ_96,GJ 96,11.9315,35.5624,47.8802,M2,3785,0.580612,0.6,-1.05159,1
Gl_410,Gl 410,11.9324,165.66,21.9669,K,3842,0.543,0.55,-1.239,1
GJ_180,GJ 180,11.9407,73.4601,-17.7762,M3,3371,0.413049,0.43,-1.88606,3
GJ_806,GJ 806,12.0445,311.27,44.5002,M1.5 V,3600,0.4144,0.413,-1.58528,2
Gliese_12,Gliese 12,12.21,3.95791,13.5576,M4 V,3328,0.265,0.255,-2.13787,1
GJ_179,GJ 179,12.356,73.0245,6.47523,M3.5 V,3370,0.38,0.357,-1.796,1
TRAPPIST_1,TRAPPIST-1,12.4299,346.626,-5.04346,M8.0 V,2566,0.1192,0.0898,-3.25727,7
55_Cnc_B,55 Cnc B,12.4773,133.168,28.3153,M4.5 V,3286,0.274,0.26,-2.10811,2
LHS_475,LHS 475,12.4814,290.238,-82.5598,M3.5 V,3300,0.2789,0.262,-2.06449,1
HD_69830,HD 69830,12.5591,124.601,-12.6364,K0V,5385,0.886947,0.86,-0.22,3
55_Cnc,55 Cnc,12.5855,133.147,28.3298,G8 V,5198,0.98,1.015,-0.19695,5
GJ_1132,GJ 1132,12.613,153.709,-47.1549,M4.5 V,3229,0.2211,0.1945,-2.32148,2
GJ_422,GJ 422,12.6631,168.981,-57.5426,M3.5 V,3323,0.370328,0.35,-1.95861,1
VHS_J125601_92_125723_9,VHS J125601.92-125723.9,12.7,194.009,-12.956,M7.5,2620,1,0.07,-3.14,1
HD_190007,HD 190007,12.7141,300.696,3.3267,K4 V,4610,0.79,0.77,-0.68,1
HIP_56998,HIP 56998,12.7781,175.256,-44.4041,K4/5V,4675,0.63,0.653,-0.78186,2
HD_147513,HD 147513,12.9032,246.006,-39.193,G3/5V,5883,0.98,1.11,-0.01,1
HD_40307,HD 40307,12.9363,88.5172,-60.0237,K2.5 V,4956,0.716684,0.77,-0.639,5
HD_211970,HD 211970,13.1277,335.566,-54.5596,K7 V,4127,0.574175,0.61,-1.06479,1
ups_And,ups And,13.4054,24.1984,41.4038,F8 V,6156.77,1.56,1.3,0.52541,3
HD_22496,HD 22496,13.5956,53.7565,-48.4178,K5/M0V,4385,0.674,0.684,-1.17393,1
GJ_3779,GJ 3779,13.743,200.734,24.4639,M4.0 V,3324,0.281,0.27,-2.06198,1
47_UMa,47 UMa,13.7967,164.865,40.4305,G0V,5872,1.21334,1.06,0.1978,3
TOI_540,TOI-540,14.0022,76.3097,-47.9375,M V,3216,0.1895,0.159,-2.46092,1
gam_Cep,gam Cep,14.1024,354.836,77.6331,K1 III-IV,4775,4.74,1.26,1.073,1
GJ_480,GJ 480,14.2358,189.713,11.6951,M3.5 Ve,3509,0.449,0.45,-1.562,1
GJ_685,GJ 685,14.3155,263.896,61.6793,M0.5,3816,0.54,0.55,-1.253,1
CWISEP_J193518_59_154620_3,CWISEP J193518.59-154620.3,14.43,293.826,-15.7726,Y,5772,1,0.024,0,1
HIP_79431,HIP 79431,14.5324,243.174,-18.8764,M3 V,3191,0.478625,0.49,-1.54921,1
GJ_1214,GJ 1214,14.6427,258.831,4.96068,M4 V,3101,0.2162,0.182,-2.40894,1
HD_136352,HD 136352,14.682,230.44,-48.3188,G4 V,5664,1.058,0.87,0.0162,3
LHS_3844,LHS 3844,14.8846,340.496,-69.1721,M4.5-M5.0,3080,0.189,0.151,-2.56543,1
HD_86728,HD 86728,14.9202,150.25,31.9218,G1V,5610,1.237,0.967,0.13513,1
Gl_378,Gl 378,14.9545,150.587,48.0825,M1,3879,0.56,0.56,-1.22185,1
LHS_1140,LHS 1140,14.9861,11.2486,-15.2741,M4.5 V,3096,0.2159,0.1844,-2.42022,2
GJ_163,GJ 163,15.1285,62.3228,-53.3712,M,3500,0.409738,0.4,-1.708,3
GJ_317,GJ 317,15.1968,130.245,-23.4528,M3.5 V,3496,0.403,0.402,-1.68663,2
GJ_238,GJ 238,15.2142,98.4549,-58.525,M2.5 V,3485,0.4314,0.4193,-1.61618,1
HD_238090,HD 238090,15.2354,183.089,54.4862,M0.0 V,3933,0.57,0.578,-1.15366,1
HD_140901,HD 140901,15.2528,236.869,-37.9172,G7 IV,5610,0.95,0.99,-0.10237,2
51_Peg,51 Peg,15.4614,344.368,20.7691,G5V,5761,1.19,1.07,0.13631,1
TYC_2187_512_1,TYC 2187-512-1,15.4744,320.527,22.9319,M1.0 V,3734,0.495,0.498,-1.38091,1
GJ_720_A,GJ 720 A,15.5575,278.829,45.7456,M0.5 V,3837,0.56,0.57,-1.217,1
HD_160691,HD 160691,15.5981,266.036,-51.8349,G3 IV-V,5773,1.33,1.13,0.27848,4
tau_Boo,tau Boo,15.6521,206.813,17.4572,F7 V,6466.27,1.42588,1.32,0.50548,1
LHS_3154,LHS 3154,15.7606,241.637,40.9068,M6.5,2861,0.1405,0.1118,-2.72125,1
GJ_3929,GJ 3929,15.8095,239.578,35.4081,M3.5 V,3384,0.32,0.313,-1.96257,2
GJ_9773,GJ 9773,15.9211,333.15,8.55034,M3.0 V,3528,0.362,0.358,-1.73666,1
HD_190360,HD 190360,16.0069,300.909,29.8945,G7 IV-V,5560,1.14,0.996,0.06647,3
G_264_012,G 264-012,16.009,326.672,66.8038,M4.0 V,3326,0.305,0.297,-1.97224,2
GJ_676_A,GJ 676 A,16.0272,262.545,-51.6378,M0,3734,0.69,0.626,-1.04251,4
HD_113538,HD 113538,16.2817,196.234,-52.4464,K9 V,4462,0.53,0.585,-1.04576,2
GJ_143,GJ 143,16.32,51.7502,-63.5002,K4.5,4640,0.695,0.73,-0.6862,2
HD_128311,HD 128311,16.3292,219.003,9.74544,K0,4965,0.76,0.828,-0.5116,2
GJ_3082,GJ 3082,16.6186,18.6432,-53.9408,M4,3910,0.465216,0.47,-1.46273,1
GJ_508_2,GJ 508.2,16.6374,200.244,34.2777,M1.0 V,3720,0.53,0.54,-1.222,1
HD_48948,HD 48948,16.9043,102.49,60.3373,K3 V,4593,0.679,0.686,-0.78885,3
HD_177565,HD 177565,16.9179,286.718,-37.8122,G8V,5627,0.971489,1,-0.05395,1
GJ_3942,GJ 3942,16.9287,242.265,52.9441,M0,3867,0.61,0.63,-1.12,1
GJ_724,GJ 724,16.9658,280.238,-13.3825,M1.0 V,3799,0.52226,0.5271,-1.2909,1
HD_7924,HD 7924,16.9922,20.4957,76.7101,K0.5 V,5075,0.7821,0.832,-0.40636,3
HR_810,HR 810,17.3181,40.6417,-50.7993,G0V,6167,1.13,1.34,0.25309,1
HD_10647,HD 10647,17.3357,25.6234,-53.7413,F9 V,6218,1.1,1.11,0.149,1
rho_CrB,rho CrB,17.4671,240.26,33.3002,G0,5817,1.3617,1,0.23198,3
GJ_504,GJ 504,17.5299,199.192,9.42498,G0 V,6234,1.26,1.22,0.332,1
GJ_3021,GJ 3021,17.5559,4.06343,-79.8514,G6 V,5540,0.9,0.9,-0.18,1
LSPM_J2116_0234,LSPM J2116+0234,17.6297,319.115,2.58077,M3.0 V,3475,0.431,0.43,-1.69897,1
HIP_38594,HIP 38594,17.7886,118.544,-25.3023,M0,4086.3,0.626646,0.61,-1.06243,2
70_Vir,70 Vir,17.9011,202.106,13.7763,G5V,5495,1.89,1.09,0.4513,1
HD_189567,HD 189567,17.9055,301.396,-67.3238,G3 V,5726,1.04,0.83,0.32428,2
HD_3765,HD 3765,17.926,10.2073,40.1843,K2V,5049.8,0.83061,0.851785,-0.41634,1
14_Her,14 Her,17.9323,242.602,43.8164,K0,5338,0.93,0.97,-0.15273,2
HD_153557,HD 153557,17.9412,254.471,47.3679,K0,4837,0.745171,0.79,-0.56249,3
TOI_4527,TOI-4527,18.1037,19.4723,5.4712,M2V:,3702,0.485948,0.483901,-1.39838,1
HN_Peg,HN Peg,18.1186,326.132,14.7715,G0 V,6186,1.00695,1.08,0.06024,1
GJ_3998,GJ 3998,18.1459,259.002,11.0562,M1,3726,0.5,0.52,-1.358,3
HD_99492,HD 99492,18.2038,171.69,3.00713,K2 V,4929,0.822539,0.85,-0.4749,2
LHS_1478,LHS 1478,18.2276,44.3389,76.5514,m3 V,3415,0.2462,0.2301,-2.1296,1
GJ_3222,GJ 3222,18.2382,50.8972,-40.0762,K0V,5257.46,0.931389,0.89,-0.252,1
HD_154088,HD 154088,18.2692,256.116,-28.5838,K0 IV-V,5374,0.95,0.91,-0.13077,1
HD_39091,HD 39091,18.2702,84.2993,-80.4646,G0 V,5998,1.17,1.07,0.15957,3
HD_27442,HD 27442,18.2704,64.1205,-59.3029,K1/2III,4846,3.18,1.23,0.8509,1
HD_154345,HD 154345,18.284,255.652,47.0856,G8,5468,0.85,0.89,-0.21934,1
HD_87883,HD 87883,18.2912,152.179,34.242,K0,4980,0.798557,0.8,-0.47108,1
GJ_463,GJ 463,18.3554,185.744,64.0324,M3.0 V,3563,0.483,0.486,-1.52293,1
TOI_5388,TOI-5388,18.5226,152.177,35.5476,M3.0 V,3440,0.3,0.292,-1.94539,1
HIP_54373,HIP 54373,18.7168,166.864,-19.2917,K5 V,4021,0.564998,0.57,-1.22239,2
TOI_6716,TOI-6716,18.8873,111.657,-30.5522,M4,3110,0.231,0.223,-2.31942,1
WD_0806_661,WD 0806-661,19.2444,121.728,-66.3059,DQ,10393,1,0.605,0,1
HD_216520,HD 216520,19.552,341.877,83.6975,K2,5103,0.76,0.82,-0.452,2
TOI_2194,TOI-2194,19.5711,299.156,-31.3352,,4756,0.6909,0.74,-0.68955,1
HD_192263,HD 192263,19.6359,303.499,-0.865757,K2 V,4976,0.74,0.66,-0.47,1
bet_Pic,bet Pic,19.7442,86.8212,-51.0661,A6 V,8038.68,1.54416,1.789,0.95282,3
HD_189733,HD 189733,19.7638,300.182,22.7098,K2 V,5052,0.75,0.79,-0.46119,1
7_CMa,7 CMa,19.8101,99.1713,-19.2562,K1III(+M),4826,4.87,1.34,1.06258,2
LHS_1678,LHS 1678,19.8782,68.179,-39.7909,M2.0 V,3490,0.329,0.345,-1.83863,3
HD_217107,HD 217107,20.0619,344.565,-2.39545,G,5622,1.2245,1.045,0.09754,2
TOI_260,TOI-260,20.1852,4.77302,-9.96615,K8 V,4026,0.607,0.616,-1.05899,1
GJ_3293,GJ 3293,20.1903,67.1484,-25.1713,M2.5,3466,0.404,0.42,-1.65758,4
alf_Ari,alf Ari,20.2102,31.7933,23.4624,K2III,4553,13.9,1.5,1.934,1
BD_06_1339,BD-06 1339,20.2695,88.2512,-5.99634,K7/M0 V,4324,0.686355,0.7,-1.022,2
HD_149806,HD 149806,20.2727,249.286,0.254679,K0V,5352.05,0.89,0.93,-0.2446,1
TOI_6255,TOI-6255,20.3167,331.503,39.2988,,3421,0.37,0.353,-1.77344,1
HD_104067,HD 104067,20.3632,179.792,-20.3556,K2V,4952,0.78,0.82,-0.51256,2
GJ_1252,GJ 1252,20.373,306.929,-56.4623,M3,3458,0.391,0.381,-1.70774,1
GJ_3634,GJ 3634,20.3779,164.643,-31.1443,M2.5,3517,0.43,0.45,-1.699,1
alf_Tau,alf Tau,20.4332,68.9802,16.5092,K5 III,4055,45.1,1.13,2.672,1
TOI_5789,TOI-5789,20.4581,302.773,16.1897,K1 V,5185,0.833,0.821,-0.32883,4
GJ_9714,GJ 9714,20.5121,315.414,-32.525,K5V,4263,0.662662,0.67,-0.88386,1
GJ_328,GJ 328,20.5266,133.782,1.542,M0.0,3897,0.63,0.65,-1.08,2
TOI_6324,TOI-6324,20.5488,330.845,67.4987,,3247,0.293,0.269,-1.99802,1
DENIS_P_J082303_1_491201,DENIS-P J082303.1-491201,20.77,125.762,-49.2003,L1.5,5772,1,0.075,0,1
GJ_900_A,GJ 900 A,20.8065,353.753,1.60552,K7,3976,0.716187,1.08,-0.921,1
HD_33564,HD 33564,20.9531,80.6379,79.2318,F6 V,6250,1.4367,1.25,0.53504,1
HD_114783,HD 114783,21.0628,198.182,-2.26499,K0,5135,0.840622,0.853,-0.3725,2
HIP_4845,HIP 4845,21.0974,15.5882,-10.4246,K7V,4010,0.603999,0.62,-1.0339,1
16_Cyg_B,16 Cyg B,21.1397,295.466,50.5168,G3 V,5750,1.13,1.08,0.09729,1
RR_Cae,RR Cae,21.1916,65.2734,-48.6543,M,3904,0.193119,0.44,-2.10762,1
nu_Oct_A,nu Oct A,21.1999,325.37,-77.3911,K1 IV,4910,5.04,1.57,1.12057,1
HD_210277,HD 210277,21.2985,332.375,-7.5506,G0 V,5538,1.07,1.01,-0.032,1
GJ_4276,GJ 4276,21.3362,336.322,59.4125,M4.0,3387,0.407,0.406,-1.70553,1
HD_97658,HD 97658,21.5618,168.638,25.7106,K1 V,5212,0.728,0.85,-0.45469,1
HD_215152,HD 215152,21.5974,340.838,-6.40207,K3 V,4935,0.73,0.77,-0.52254,4
G_196_3,G 196-3,21.7912,151.088,50.3862,,3517,0.522432,0.519782,-1.42456,1
K2_415,K2-415,21.8182,137.202,11.8623,M5 V,3173,0.1965,0.1635,-2.45469,1
HD_90156,HD 90156,21.9496,155.98,-29.6451,G5V,5599,0.920286,0.84,-0.14267,1
HD_45184,HD 45184,21.9532,96.182,-28.7806,G1.5 V,5869,1.07514,1.03,0.05308,2
LTT_3780,LTT 3780,21.9814,154.645,-11.7178,M3.5 V,3358,0.38,0.381,-1.78252,2
HD_164922,HD 164922,22.0016,270.63,26.3104,G9 V,5390,0.946,0.926,-0.14874,4
HD_4308,HD 4308,22.0158,11.1653,-65.6527,G5V,5686,1.02,0.93,-0.004,1
TOI_244,TOI-244,22.0337,10.5698,-36.718,M2.5 V,3433,0.426,0.428,-1.64264,1
HD_63433,HD 63433,22.4035,117.479,27.3631,G5 V,5553,0.934,0.956,-0.1261,3
TOI_1450_A,TOI-1450 A,22.4467,286.854,59.0866,M3.0 V,3437,0.483,0.48,-1.56499,2
GJ_3090,GJ 3090,22.4751,20.4384,-46.7147,M2 V,3707,0.516,0.519,-1.34199,2
TOI_270,TOI-270,22.4793,68.4161,-51.9574,M3 V,3506,0.38,0.386,-1.7122,3
HD_19994,HD 19994,22.5242,48.1943,-1.1964,F8 V,6188,1.79647,1.365,0.58,1
HD_18143,HD 18143,22.5243,43.914,26.8724,K2,5078,0.87,0.85,-0.31953,2
HD_127506,HD 127506,22.5279,217.685,35.4546,K3V,4595.32,0.735766,0.73,-0.66256,1
TOI_4336_A,TOI-4336 A,22.5455,206.107,-40.3374,M3.5 V,3307,0.326,0.306,-1.95861,2
TOI_2267_A,TOI-2267 A,22.55,65.0615,84.9008,M5 V,3030,0.2075,0.171,-2.48149,2
TOI_2267_B,TOI-2267 B,22.55,65.0615,84.9008,M6 V,3022,0.13,0.0989,-2.95861,1
TOI_2134,TOI-2134,22.6202,271.936,39.0729,K5 V,4580,0.709,0.744,-0.7167,2
psi1_Dra_B,psi1 Dra B,22.7188,265.493,72.1557,G0 V,6212,1.25574,1.19,0.32579,1
HIP_34222,HIP 34222,22.8386,106.426,27.4704,K7 V,4050,0.6186,0.62,-1.03267,1
CFBDSIR_J145829_101343,CFBDSIR J145829+101343,23.1,224.621,10.2286,,580.5,1,0.021,0,1
TOI_6008,TOI-6008,23.1008,310.449,49.6469,M5.0,3075,0.242,0.23,-2.32873,1
HD_39855,HD 39855,23.2599,88.6261,-19.7044,G8 V,5576,0.744665,0.87,-0.31625,1
HD_168009,HD 168009,23.3032,273.885,45.2088,G2V,5778.33,1.20951,0.986073,0.14982,1
HIP_12961,HIP 12961,23.371,41.6801,-23.086,M0,3901,0.65,0.69,-1.00302,1
HD_1461,HD 1461,23.4534,4.67626,-8.05362,G0 V,5765,1.15229,1.02,0.0954,2
HD_207496,HD 207496,23.606,328.718,-77.3388,K2.5 V,4819,0.769,0.8,-0.50858,1
GJ_27_1,GJ 27.1,23.6062,9.998,-44.2542,M0.5 V,3542,0.518887,0.53,-1.58503,1
GJ_3341,GJ 3341,23.619,78.9471,-31.2948,M2.5,3526,0.439,0.47,-1.538,1
HIP_107772,HIP 107772,23.6434,327.498,-41.244,M0 V,4006,0.513922,0.63,-1.16322,1
TOI_198,TOI-198,23.7262,2.27151,-27.1217,M0 V,3801,0.418,0.417,-1.484,1
BD_210397,BD-210397,23.7324,33.3024,-21.1962,K7 V,4051,0.747,0.69,-0.86967,2
GJ_9404,GJ 9404,23.8839,184.847,28.3827,M2V,3811,0.626041,0.62,-1,1
TOI_2443,TOI-2443,23.9258,40.1799,1.19968,K5 V,4375,0.631,0.642,-0.86487,1
KOBE_1,KOBE-1,23.9718,19.166,25.331,K7 V,4135,0.619,0.629,-0.99576,2
HD_134060,HD 134060,24.0125,227.685,-61.4224,G3 IV,5966,1.16429,1.095,0.15836,2
HIP_70849,HIP 70849,24.0572,217.327,-46.4647,K7 V,4105,0.633112,0.65,-1.04817,1
HD_199509,HD 199509,24.3056,317.345,-82.0275,G3V,5796.02,0.92,1.04,-0.08419,1
HD_156668,HD 156668,24.3323,259.418,29.2282,K2,4903.69,0.774528,0.785167,-0.54025,2
HD_42618,HD 42618,24.3358,93.0032,6.78197,G4 V,5727,0.999,1.015,-0.00877,1
WD_1856_534,WD 1856+534,24.7359,284.416,53.509,DC,4710,0.0131,0.518,-4.12,1
TOI_1468,TOI-1468,24.7399,16.6539,19.2249,M3.0 V,3376,0.3714,0.3527,-1.7921,2
L_168_9,L 168-9,25.1496,350.029,-60.0657,M0.5 V,3842,0.604,0.614,-1.14086,1
TOI_771,TOI-771,25.2788,164.114,-72.9852,M3,3370,0.232,0.22,-2.20343,2
DMPP_4,DMPP-4,25.3284,293.583,51.2358,F5-F8 V,6400,1.38,1.25,0.45939,1
HD_16417,HD 16417,25.3936,39.2441,-34.5791,G1 V,5841,1.63998,1.2,0.44317,1
HD_96700,HD 96700,25.4111,166.974,-30.1751,G0 V,5845,1.16,0.89,0.13988,3
HIP_55507,HIP 55507,25.4893,170.523,46.9078,M0,4171,0.723643,0.65,-0.8453,1
TOI_1080,TOI-1080,25.559,276.368,-52.2146,M4.0&plusmn;1.0 V,3065,0.2019,0.1667,-2.48945,1
GJ_160_2,GJ 160.2,25.8557,61.6454,-20.8565,M0 V,4347,0.655173,0.69,-0.79588,1
HIP_57274,HIP 57274,25.8618,176.171,30.9576,K4 V,4510,0.78,0.29,0.19,3
HD_60532,HD 60532,25.9716,113.513,-22.2959,F6 IV,6245,2.57,1.5,1.00089,2
TOI_912,TOI-912,26.1072,229.329,-80.4733,M3,3572,0.419,0.418,-1.59007,1
HD_128356,HD 128356,26.1548,219.27,-25.8032,K3 V,4875,0.85,0.65,-0.4437,1
HD_30562,HD 30562,26.1597,72.153,-5.67512,G2 IV,5882,1.61,1.12,0.45,1
HD_134987,HD 134987,26.1804,228.368,-25.3097,G5 V,5736,1.22,1.1,0.25527,2
HD_142,HD 142,26.1853,1.58368,-49.0754,F7V,6245,1.47,1.21,0.47418,3
HD_39194,HD 39194,26.4131,86.1291,-70.1382,K0 V,5205,0.783742,0.86,-0.40894,3
LP_791_18,LP 791-18,26.4927,165.69,-16.4064,M(6.1 +/- 0.7) V,2960,0.182,0.139,-2.63827,3
HD_103949,HD 103949,26.4997,179.548,-23.9241,K3 V,4792,0.753113,0.77,-0.56946,1
HD_216437,HD 216437,26.6902,343.664,-70.0734,G1 V,5909,1.394,1.22,0.35,1
HD_134606,HD 134606,26.7909,228.81,-70.5203,G5IV,5576,1.158,1.046,0.06483,5
AF_Lep,AF Lep,26.8564,81.7699,-11.9012,F8,6140,1.25,1.218,0.29,1
HD_181433,HD 181433,26.8762,291.287,-66.4678,K3 IV,4918,0.79,0.86,-0.45618,3
HD_158259,HD 158259,27.0498,261.35,52.7905,G0,5801.89,1.21,1.08,0.21233,5
BD_11_4672,BD-11 4672,27.1665,278.369,-11.637,K7V,4550,0.639,0.651,-0.8041,2
TOI_776,TOI-776,27.1701,178.578,-37.5534,M1 V,3725,0.547,0.542,-1.3098,2
TOI_4552,TOI-4552,27.2684,264.714,-47.637,M4.5 V,3258,0.2869,0.2619,-2.07779,1
GJ_3473,GJ 3473,27.3644,120.594,3.33716,M4,3347,0.364,0.36,-1.82391,2
HD_179949,HD 179949,27.4573,288.889,-24.1798,F8 V,6168,1.26686,1.21,0.30146,1
TOI_836,TOI-836,27.5024,225.08,-24.4542,K V,4552,0.665,0.678,-0.85276,2
HD_155918,HD 155918,27.561,260.536,-75.3492,G2V,5771.84,1.01906,1.03,0.01635,2
HD_82943,HD 82943,27.5902,143.711,-12.1303,G2/3V,5935,1.1826,1.08,0.19405,2
TOI_1231,TOI-1231,27.6227,156.747,-52.4679,M3 V,3553,0.476,0.485,-1.48678,1
HD_176986,HD 176986,27.7843,285.774,-11.0449,K2.5 V,4931,0.782,0.789,-0.48017,3
K2_129,K2-129,27.7957,289.149,-25.6463,,3459.09,0.36001,0.360031,-1.82842,1
TOI_5799,TOI-5799,27.8123,301.63,15.9891,M2 V,3452,0.321,0.325,-1.82974,2
HD_114386,HD 114386,27.9243,197.665,-35.0562,K3 VC,4895,0.76,0.8,-0.54,2
G_9_40,G 9-40,27.9276,134.719,21.0748,M2.5 V,3395,0.3026,0.2952,-1.96019,1
TOI_2018,TOI-2018,27.9956,229.837,29.2079,K V,4174,0.62,0.57,-1,1
HD_125595,HD 125595,28.1989,215.343,-40.3942,K4 V,4691,0.74,0.29,-0.61738,1
HD_13808,HD 13808,28.2305,33.1781,-53.7438,K2 V,5035,0.781,0.771,-0.43455,2
HD_164595,HD 164595,28.254,270.161,29.5727,G2 V,5790,1.02361,0.99,0.01725,1
HD_150706,HD 150706,28.2697,247.826,79.7894,G0 V,5961,0.96,1.17,0.03175,1
HD_207897,HD 207897,28.2938,325.202,84.3338,K0 V,5106,0.7827,0.8208,-0.42136,1
TOI_4529,TOI-4529,28.384,16.9688,12.881,M1.5 V,3697,0.48,0.482,-1.41263,1
GJ_2056,GJ 2056,28.4434,108.019,-24.8921,M0V:,4069.95,0.709495,0.62,-0.90505,1
GJ_3138,GJ 3138,28.4712,32.2977,-16.3392,M0,3717,0.5,0.681,-1.34679,3
TOI_2427,TOI-2427,28.5147,52.2917,-31.3629,,4072,0.65,0.64,-0.94244,1
HD_93083,HD 93083,28.5159,161.087,-33.5777,K2 IV-V,5033.8,0.837,0.836,-0.39041,2
Wolf_327,Wolf 327,28.5321,148.378,35.5705,M2.5 V,3542,0.406,0.405,-1.62986,1
HD_204941,HD 204941,28.7165,323.097,-20.958,K1/2V,5026,0.78,0.58,-0.50864,1
HD_218566,HD 218566,28.8274,347.297,-2.26116,K3V,4730,0.85,0.76,-0.45223,1
HD_111232,HD 111232,28.9571,192.216,-68.4247,G8 V,5512,0.9,0.96,-0.161,2
HD_75289,HD 75289,29.1158,131.918,-41.7378,G0,6117,1.23,1.29,0.31247,1
HD_21411,HD 21411,29.1328,51.5474,-30.6168,G8 V,5605,0.825605,0.89,-0.26595,1
HD_219077,HD 219077,29.1864,348.532,-62.7018,G8 V+,5362,1.91,0.92,0.425,1
HD_70642,HD 70642,29.276,125.366,-39.7044,G6 V,5732,0.984,1.078,0.01204,1
HD_102195,HD 102195,29.3386,176.425,2.82099,K0 V,5301,0.82,0.76,-0.33442,1
GJ_3470,GJ 3470,29.4214,119.774,15.3912,M1.5,3600,0.547,0.539,-1.5376,1
HIP_86221,HIP 86221,29.4898,264.295,27.8964,K5 V,5772,1,0.79,0,1
HD_46375,HD 46375,29.5529,98.3031,5.46251,K1 IV-V,5285,0.914196,0.92,-0.24502,1
GJ_9827,GJ 9827,29.661,351.772,-1.28534,K7 V,4236,0.58,0.62,-1.00436,3
51_Eri,51 Eri,29.7575,69.4007,-2.47382,F0 IV,7422,1.45,1.75,0.7574,1
LHS_1815,LHS 1815,29.8424,91.09,-55.3115,M1,3643,0.501,0.502,-1.38722,1
HD_52265,HD 52265,29.9803,105.075,-5.36681,G0V,6136,1.32,1.204,0.297,1
HD_101930,HD 101930,30.0274,175.876,-58.0054,K1 V,5108,0.86,0.57,-0.3098,1
TOI_4438,TOI-4438,30.0346,270.317,35.5949,M3.5 V,3501,0.365,0.345,-1.76802,1
kap_CrB,kap CrB,30.0651,237.808,35.6559,K0 III-IV,4840,4.68,1.33,1.03583,1
HD_75302,HD 75302,30.3288,132.302,3.48501,G5 V,5697.46,0.940904,1.06,-0.07549,1
TOI_1452,TOI-1452,30.5212,290.174,73.1951,M4 +/- 0.5 V,3185,0.275,0.249,-2.1549,1
DE_CVn,DE CVn,30.5225,201.721,45.5455,,3579,0.424754,0.51,-1.57398,1
GJ_9689,GJ 9689,30.6203,303.468,13.3889,M0.5,3836,0.57,0.59,-1.2,1
TOI_1801,TOI-1801,30.6796,175.576,23.027,M0.5+/-0.5 V,3863,0.547,0.556,-1.23003,1
HD_8326,HD 8326,30.6862,20.5314,-26.8941,K2 V,4914,0.783181,0.8,-0.49184,1
TOI_1693,TOI-1693,30.7947,90.3083,34.7731,,3499,0.46,0.49,-1.55409,1
HD_162020,HD 162020,30.8248,267.66,-40.3185,K3 V,4723,0.75,0.42,-0.60206,1
HD_29021,HD 29021,30.9939,69.4681,60.6763,G5,5560,0.85,0.86,-0.18111,1
TOI_406,TOI-406,31.0597,49.2626,-42.2441,M3,3392,0.41,0.408,-1.71444,2
K2_239,K2-239,31.0849,160.594,4.44138,M3.0 V,3420,0.36,0.4,-1.79588,3
TOI_700,TOI-700,31.1265,97.0957,-65.5786,M2.5 V,3459,0.4104,0.417,-1.63264,4
HD_221420,HD 221420,31.1415,353.332,-77.3853,G2 IV-V,5847,1.947,1.351,0.60293,1
HD_50554,HD 50554,31.1664,103.678,24.2451,F8 V,6050,1.02,1.1,0.17543,3
HD_29985,HD 29985,31.2707,70.5217,-33.9211,,4678,0.574666,0.75,-0.84623,1
iot_Dra,iot Dra,31.3283,231.232,58.9661,K2 III,4504,11.79,1.54,1.72247,2
HD_185283,HD 185283,31.395,295.323,-56.3221,K3 V,4848,0.743303,0.8,-0.56072,1
TOI_6086,TOI-6086,31.4566,265.37,30.3038,M3.0,3200,0.259,0.254,-2.19791,1
HR_5183,HR 5183,31.4607,206.736,6.3499,G0 V,5794,1.53,1.07,0.39748,1
HD_64114,HD 64114,31.5262,117.983,-11.0337,G7 V,5676,0.882858,0.95,-0.13735,1
HD_73583,HD 73583,31.5666,129.688,-13.2565,K4 V,4511,0.65,0.73,-0.74425,2
TOI_4559,TOI-4559,31.6354,211.014,-30.0141,,3558,0.374,0.392,-1.6925,1
HD_37124,HD 37124,31.6634,84.26,20.729,G4 V,5698.64,0.949168,0.85,-0.11224,3
HD_12235,HD 12235,31.7627,30.0392,3.09591,,5986,1.80185,1.1,0.57468,2
HD_130322,HD 130322,31.8766,221.886,-0.282078,K0 V,5387,0.85,0.92,-0.23544,1
HIP_5763,HIP 5763,31.9043,18.4953,16.4943,K6 V,4352,0.750378,0.72,-0.73999,1
HR_858,HR 858,31.964,42.985,-30.8141,F6 V,6354,1.258,1.204,0.36361,3
HD_89307,HD 89307,32.0104,154.587,12.6209,G0 V,5955,1.1,1.27,0.13131,1
TOI_6002,TOI-6002,32.0266,299.614,32.2872,M3.5+/-0.5,3229,0.2432,0.2101,-2.23508,1
HD_110067,HD 110067,32.1585,189.839,20.0273,K0.0 V,5266,0.788,0.798,-0.36224,6
TOI_2120,TOI-2120,32.1755,23.5073,65.514,,3131,0.245,0.211,-2.28651,1
HIP_71135,HIP 71135,32.3311,218.216,-52.6465,M1,4146,0.681296,0.66,-0.908,1
HD_117207,HD 117207,32.3547,202.337,-35.5713,G7 IV-V,5732,1.074,1.053,0.06566,1
HD_97037,HD 97037,32.413,167.555,-7.39015,,5874.1,1.26356,1.06,0.23365,1
LP_890_9,LP 890-9,32.4298,64.1309,-28.3158,M6 V,2850,0.1556,0.118,-2.84134,2
HD_98736,HD 98736,32.4459,170.455,18.1896,G5,5271,0.93,0.92,-0.22,1
TOI_1411,TOI-1411,32.4778,232.946,47.0556,,4115,0.614,0.6045,-1.01323,1
TOI_5734,TOI-5734,32.5102,111.256,37.2311,K3-K4 V,4750,0.639,0.724,-0.74232,1
HD_63765,HD 63765,32.5376,116.958,-54.2653,G9 V,5449,0.83,0.65,-0.25647,1
TOI_431,TOI-431,32.5686,83.2693,-26.7239,,4850,0.731,0.78,-0.56509,3
HD_22781,HD 22781,32.6034,55.2066,31.8259,K1,5027,0.743475,0.75,-0.47556,1
mu_Leo,mu Leo,32.6081,148.19,26.0067,K2 III,4538.2,11.4,1.5,1.797,1
HD_100508,HD 100508,32.7548,173.301,-67.0546,K1 IV,5419,1.0179,0.94,-0.0942,1
HD_216435,HD 216435,32.9834,343.409,-48.5986,G0 V,5999,1.80003,1.3,0.55689,1
TOI_620,TOI-620,33.0231,142.173,-12.1672,M2.5 V,3708,0.55,0.577,-1.28819,1
HD_10697,HD 10697,33.1205,26.2324,20.0827,G3 V,5641,1.86308,0.99,0.47665,1
HIP_35173,HIP 35173,33.1562,109.045,-3.66613,K2 V,4881,0.773404,0.79,-0.51439,1
HD_197037,HD 197037,33.1944,309.887,42.2476,F7 V,6150,1.105,1.11,0.23857,1
HD_111998,HD 111998,33.2237,193.295,-3.55311,F6 V,6557,1.45,1.4,0.51231,1
HD_21693,HD 21693,33.255,51.804,-58.3233,G8 V,5430,0.914378,0.8,-0.20761,2
HD_88986,HD 88986,33.2673,154.117,28.6821,G2 V,5861,1.543,1.25,0.3934,1
HD_141937,HD 141937,33.3622,238.074,-18.436,G1 V,5870,1.03,1.09,0.022,1
TOI_2136,TOI-2136,33.3631,281.176,36.5631,M4.5 V,3342,0.34,0.34,-1.88606,1
HD_68475,HD 68475,33.4297,122.719,-42.8129,K2 VC,5022,0.79099,0.83,-0.44562,1
HD_23079,HD 23079,33.4591,54.9282,-52.9162,F9.5 V,5994,1.08,1.16,0.13033,2
HD_85390,HD 85390,33.5225,147.511,-49.7905,K1.5 V,5186,0.8,0.758,-0.36653,1
HD_11964,HD 11964,33.5369,29.2884,-10.2435,G9 V CN+1,5303,2.00971,0.91,0.45905,2
2MASS_J01225093_2439505,2MASS J01225093-2439505,33.8281,20.7128,-24.6646,M3.5 V,3530,0.36645,0.4,-1.72,1
LP_261_75_A,LP 261-75 A,33.928,147.769,35.9686,M4.5 V,3138,0.308,0.22,-2.08618,1
TWA_7,TWA 7,33.9958,160.625,-33.6713,,3509,0.917173,0.46,-0.93967,1
HR_2562,HR 2562,34.0071,102.504,-60.2487,F5 V,6597,1.334,1.3,0.53147,1
HD_40979,HD 40979,34.0883,91.1253,44.2598,F8 V,6165,1.21,1.45,0.29056,1
HD_106515_A,HD 106515 A,34.0915,183.776,-7.25754,G5 V,5362,0.91,0.89,-0.16368,1
2MASS_J21252752_8138278,2MASS J21252752-8138278,34.1154,321.366,-81.6415,,3592,0.672832,0.643977,-1.16815,1
HD_196885_A,HD 196885 A,34.1692,309.966,11.25,F8 V,6254,1.31,1.28,0.38,1
HD_4208,HD 4208,34.1937,11.1126,-26.515,G7 V Fe-1 CH-0.5,5717,0.846,0.883,-0.09961,1
HD_142022_A,HD 142022 A,34.2802,242.548,-84.2317,G9 IV-V,5421,1.04,0.9,0.00432,1
HD_45364,HD 45364,34.354,96.4106,-31.481,K0 V,5466,0.89,0.82,-0.19586,2
HD_81040,HD 81040,34.4341,140.946,20.3646,G2/G3,5755,0.91,0.99,-0.07676,1
BD_17_63,BD-17 63,34.4603,7.14135,-16.2273,K5 V,4714,0.74,0.741,-0.678,1
HD_80883,HD 80883,34.6011,139.933,-59.4781,,5177.91,0.814842,0.88,-0.36654,1
HD_92788,HD 92788,34.6538,160.702,-2.18472,G6 V,5744,1.14,1.15,0.02,2
HIP_948,HIP 948,34.8523,2.92763,-39.2305,,4497,0.688488,0.71,-0.75782,1
HD_45652,HD 45652,34.8541,97.3059,10.9336,G8/K0,5294,0.94,0.92,-0.2,1
HD_51608,HD 51608,35.0553,103.714,-55.26,G7 V,5358,0.916136,0.8,-0.24413,2
HD_65216,HD 65216,35.1205,118.421,-63.6467,G5 V,5612,0.88,0.874,-0.1498,2
HD_73344,HD 73344,35.26,129.689,23.6853,F6 V,6252.6,1.22,1.2,0.26184,3
TOI_1634,TOI-1634,35.2736,56.3906,37.1123,M2,3472,0.45,0.451,-1.5784,2
TOI_7166,TOI-7166,35.4153,320.681,8.8894,M4.5+/-0.5,3099,0.222,0.19,-2.3869,1
HIP_66074,HIP 66074,35.4438,203.164,75.0071,,4300,0.69,0.705,-0.81816,1
HD_60779,HD 60779,35.4445,114.005,-3.15129,G1 V,6081,1.129,1.05,0.19479,2
HD_142415,HD 142415,35.5318,239.419,-60.2007,G1 V,5940,1.04,1.07,0.06,1
LHS_1903,LHS 1903,35.6917,107.866,48.3279,M,3664,0.539,0.538,-1.32451,4
TOI_5720,TOI-5720,35.8256,170.314,25.2733,M3.5 +/- 1.0,3325,0.383,0.383,-1.79183,1
HD_88072,HD 88072,35.9098,152.347,2.37105,,5785.33,1.032,1.04,0.03137,1
HD_20781,HD 20781,35.9715,50.014,-28.7841,K0 V,5256,0.833609,0.7,-0.3098,4
HD_20782,HD 20782,35.9864,50.0166,-28.8544,G1.5 V,5782.13,1.12681,1.04,0.10674,1
TOI_1266,TOI-1266,36.0118,197.997,65.8337,M2,3563,0.4232,0.437,-1.58021,3
TOI_2431,TOI-2431,36.0559,37.7653,8.38163,K7 V,4109,0.651,0.661,-0.96257,1
HD_7199,HD 7199,36.1531,17.6979,-66.1887,K1 IV,5371,0.97,0.77,-0.1549,1
HD_113337,HD 113337,36.18,195.444,63.6103,F6 V,6774,1.5,1.41,0.63246,2
HD_156279,HD 156279,36.1945,258.097,63.3528,G6,5453,0.95,0.94,-0.14596,2
HIP_39330,HIP 39330,36.3958,120.612,-46.3353,G5 V,5748,1.02786,0.96,0.05041,1
Kepler_444,Kepler-444,36.4396,289.753,41.6319,K,5046,0.752,0.758,-0.42455,5
TOI_2128,TOI-2128,36.578,256.982,32.1053,,5968,1.1174,1.0251,0.15625,1
TOI_2459,TOI-2459,36.6113,82.1433,-39.373,,4195,0.6751,0.66,-0.89565,1
HD_216770,HD 216770,36.6625,343.975,-26.6595,G9 V CN+1,5399,0.93,0.74,-0.1,1
HD_41004_A,HD 41004 A,36.6912,89.9566,-48.2394,K1/K2 V,5310,0.85,0.95,-0.293,1
HD_73256,HD 73256,36.708,129.095,-30.0373,G8 IV,5570,0.944723,1,-0.13198,1
HD_42012,HD 42012,36.7984,92.4855,34.1342,K0,5405,0.82,0.83,-0.26975,1
HD_95338,HD 95338,36.9941,164.856,-56.6236,K0.5 V,5097,0.868,0.848,-0.3098,1
HD_141399,HD 141399,37.0169,236.724,46.9863,K0,5600,1.38724,1.07,0.2014,4
GJ_2030,GJ 2030,37.0788,50.8238,-7.79504,,5485,2.24104,0.96,0.6123,2
TOI_1680,TOI-1680,37.2209,292.314,65.9738,M4.5+/-0.5,3225,0.2106,0.1798,-2.36251,1
TOI_1224,TOI-1224,37.3312,37.1978,-80.8991,,3326,0.404,0.4,-1.6968,2
HD_25015,HD 25015,37.433,59.4335,-20.2673,K2 V,5160,0.83,0.86,-0.38416,1
TOI_1467,TOI-1467,37.4418,19.1146,49.2331,,3834,0.491,0.489,-1.42022,1
HD_47186,HD 47186,37.4574,99.0367,-27.6234,G6 V,5657,1.08,0.96,0.04298,2
HD_169830,HD 169830,37.6048,276.956,-29.8168,F7 V,6300,1.93571,1.17,0.662,2
TOI_1685,TOI-1685,37.6153,68.594,43.037,M3 V,3470,0.462,0.466,-1.51856,1
HD_126525,HD 126525,37.6506,216.885,-51.9329,G4 V,5638,0.979,0.897,-0.0403,1
HS_Psc,HS Psc,37.6604,24.3474,26.9528,K7 V,4203,0.65,0.69,-0.91364,1
HD_195019,HD 195019,37.6681,307.079,18.7693,G3 IV-V,5751,1.48,1.21,0.3331,1
HD_63454,HD 63454,37.6894,114.841,-78.2791,K4 V,4812,0.77,0.42,-0.592,1
HAT_P_11,HAT-P-11,37.7647,297.71,48.0819,K4,4653,0.683,0.811,-0.56702,2
HD_117618,HD 117618,37.7781,203.107,-47.2719,G2 V,5990,1.2,1.077,0.21304,1
HD_16141,HD 16141,37.7861,38.8324,-3.56249,G5 IV,5757,1.48,1.11,0.36558,1
HD_114729,HD 114729,37.8063,198.183,-31.8747,G0 V,5844,1.473,0.936,0.42095,1
HD_12661,HD 12661,37.8478,31.1424,25.4136,K0,5748,1.11,1.02,0.063,2
HD_8673,HD 8673,37.8619,21.5378,34.5793,F5,6389.05,1.50225,1.28,0.52992,1
TOI_1201,TOI-1201,37.8871,42.2477,-14.5373,M2.0 V,3476,0.508,0.512,-1.46852,1
K2_18,K2-18,38.0266,172.56,7.58783,M2.5 V,3457,0.411,0.359,-1.59688,2
BD_63_1405,BD+63 1405,38.0473,271.398,63.67,K0,5000,0.804724,0.816,-0.41295,1
HD_38283,HD 38283,38.0615,84.2605,-73.6998,F9.5 V,5981,1.49,1.37,0.41069,1
TOI_237,TOI-237,38.0749,353.244,-29.4165,M4.5 V,3212,0.211,0.179,-2.38722,2
HD_32963,HD 32963,38.0786,76.982,26.3277,G5 IV,5727,1.11104,0.94,0.06398,1
GJ_2126,GJ 2126,38.129,257.361,-35.3917,M0 V,4159,0.728,0.65,-0.84527,1
HD_106252,HD 106252,38.185,183.373,10.0404,G0,5874,1.05,1.05,0.1232,1
HD_31527,HD 31527,38.4473,73.9096,-23.2413,G2 V,5898,1.07369,0.96,0.07918,3
HD_18599,HD 18599,38.5653,44.262,-56.1919,K2 V,5145,0.767,0.863,-0.42946,1
TOI_6478,TOI-6478,38.6057,149.992,-16.1598,M4.0+/-0.5,3230,0.234,0.23,-2.24244,1
HD_89744,HD 89744,38.6364,155.543,41.2289,F7 V,6291,2.13257,1.86,0.79579,1
HD_7449,HD 7449,38.662,18.6215,-5.04797,F8 V,6024,0.97,1.196,0.10138,1
HD_108202,HD 108202,38.6846,186.461,-1.11092,K4/5 V,4556.03,0.66355,0.74,-0.76721,1
bet_UMi,bet UMi,38.7747,222.676,74.1555,K4 III,4126,38.3,1.4,2.73,1
HD_108147,HD 108147,38.92,186.441,-64.0223,F8 V CH+0.4,6255.73,1.20664,1.22,0.30297,1
HD_10180,HD 10180,38.9607,24.4731,-60.5115,G1 V,5911,1.109,1.06,0.17319,6
HD_11505,HD 11505,38.9679,28.275,-1.32844,,5757.15,1.19568,1.03,0.15075,1
HD_23472,HD 23472,39.0341,55.459,-62.7673,K4 V,4684,0.71,0.67,-0.62525,5
HD_203030,HD 203030,39.2503,319.743,26.2306,G8 V,5603,0.856458,0.94,-0.2272,1
HD_125271,HD 125271,39.3466,216.647,-81.4543,,4703.93,0.751364,0.75,-0.60376,1
HD_164604,HD 164604,39.3633,270.779,-28.5608,K3.5 V,4663,0.78,0.77,-0.58503,2
HD_28185,HD 28185,39.3809,66.61,-10.5511,G5,5602,1.048,0.974,-0.01323,2
TOI_5716,TOI-5716,39.4122,201.901,73.1774,,3436,0.22,0.19,-2.24692,1
HD_102117,HD 102117,39.5792,176.21,-58.704,G6 V,5655,1.23,1.06,0.15737,1
HD_168443,HD 168443,39.6245,275.016,-9.59669,G5,5491,1.71148,0.98,0.38246,2
TOI_1235,TOI-1235,39.6345,152.218,69.2766,M0.5 V,3997,0.619,0.63,-1.05404,1
HD_16905,HD 16905,39.7401,40.0136,-61.355,K3 V,4866.12,0.77494,0.85,-0.51804,1
HIP_54597,HIP 54597,39.7429,167.608,-29.4143,K5 V,4799,0.66,0.8,-0.68194,1
gam1_Leo,gam1 Leo,39.8883,154.993,19.8414,K1 IIIb Fe-0.5,4330,31.88,1.23,2.51,1
HD_168863,HD 168863,39.8979,275.664,-18.022,,4905,0.777826,0.8,-0.50098,1
UCAC4_328_061594,UCAC4 328-061594,39.9089,152.699,-24.4533,DC,5772,1,1.19,0,1
HD_196067,HD 196067,39.9346,310.436,-75.3515,G0 V,6072,1.71,1.16,0.549,2
Kepler_42,Kepler-42,40.0595,292.22,44.6174,M,3068,0.17,0.13,-2.62,3
TOI_1759,TOI-1759,40.0654,326.852,62.7538,M0.0 V,4065,0.597,0.606,-1.05715,1
HIP_99770,HIP 99770,40.0765,303.634,36.8066,A5-A6,8000,1.93986,1.9,1.14176,1
2MASS_J02192210_3925225,2MASS J02192210-3925225,40.0896,34.8427,-39.4231,M6,3064,0.281,0.108,-2.23,1
HIP_19976,HIP 19976,40.2707,64.2598,-40.7985,,4316,0.772319,0.67,-0.72939,1
HD_175607,HD 175607,40.3303,285.274,-66.1943,G6 V,5392,0.7,0.71,-0.27097,1
HD_86065,HD 86065,40.3661,148.926,-18.1069,,4927.56,0.780347,0.81,-0.4902,1
HD_147018,HD 147018,40.4256,245.749,-61.6901,G9 V,5441,0.937948,0.927,-0.14757,2
HD_137388,HD 137388,40.4841,233.915,-80.2044,K2 IV,5181,0.88,0.68,-0.33724,1
HD_215497,HD 215497,40.5468,341.653,-56.5998,K3 V,5110,0.85,0.67,-0.41,2
HD_206893,HD 206893,40.7583,326.342,-12.7834,F5 V,6500,1.31116,1.31,0.4561,2
TOI_5713,TOI-5713,40.8668,208.459,52.6028,M3.5+/-0.5,3225,0.2992,0.2653,-2.05849,1
HD_213240,HD 213240,40.8707,337.751,-49.4341,G0/1 V,5979,1.51,1.57,0.42935,1
HD_83443,HD 83443,40.8991,144.299,-43.2727,K0 V,5442,0.94,1,-0.10403,2
HD_26161,HD 26161,40.9128,62.4122,31.6524,,6057.62,1.45598,1.12,0.39304,1
HD_178911_B,HD 178911 B,40.9727,287.263,34.6007,G5,5588,1.08,1.24,-0.04317,1
HD_213519,HD 213519,41.0014,337.773,45.1452,,5840,1.08287,1.05,0.0895,1
TOI_544,TOI-544,41.1166,82.2901,-0.342898,,4169,0.623,0.631,-0.90049,2
TOI_1442,TOI-1442,41.1659,287.292,74.1743,,3330,0.31,0.29,-1.97722,1
HD_235088,HD 235088,41.1706,300.615,53.3774,K V,5075,0.772,0.849,-0.4437,1
Gaia_5,Gaia-5,41.1813,302.041,41.9415,,3447,0.345,0.339,-1.82594,1
HR_8799,HR 8799,41.2441,346.87,21.134,A5 V,7204.58,1.49338,1.5,0.69197,4
TOI_1743,TOI-1743,41.2758,257.747,71.8722,M4 V,3277,0.338,0.339,-1.97074,1
gam_Psc,gam Psc,41.3107,349.295,3.28237,G7 III,4742,11.2,0.99,1.76649,1
BD_08_2823,BD-08 2823,41.3342,150.197,-9.51657,K3 V,4746,0.71,0.74,-0.62597,2
HD_41004_B,HD 41004 B,41.5504,89.9566,-48.2394,M2 V,5036,1.04137,0.4,-0.20175,1
HD_168746,HD 168746,41.5681,275.457,-11.923,G5,5570,1.09,1.07,0.04139,1
HD_121504,HD 121504,41.6592,209.32,-56.0404,G2 V,6027,1.07,1.62,0.19,1
TOI_833,TOI-833,41.7148,145.645,-62.4759,,3920,0.6,0.61,-1.11104,1
HD_20003,HD 20003,41.8316,46.909,-72.3219,G8 V,5494,0.921637,0.875,-0.14267,2
HD_4113,HD 4113,41.8727,10.8028,-37.9831,G5 V,5688,1.07751,1.008,0.086,1
TOI_2076,TOI-2076,41.9091,217.392,39.7904,K V,5187,0.758,0.849,-0.42285,4
TOI_2095,TOI-2095,41.9176,285.637,75.4185,M2.5 V,3759,0.44,0.44,-1.45892,2
HD_222582,HD 222582,42.1586,355.464,-5.98624,G5 V,5790,1.13,1.12,0.11471,1
HD_98649,HD 98649,42.1727,170.215,-23.2181,G3/G5 V,5759,1.01,0.97,-0.01412,1
HD_210193,HD 210193,42.2029,332.395,-41.2252,G3 V,5790,1.05971,1.04,0.05578,1
HD_38529,HD 38529,42.3538,86.6451,1.16759,G4 IV,5697,2.85784,0.98,0.8342,2
HD_6434,HD 6434,42.358,16.1663,-39.4905,G2/3 V,5769,1.12,1.1,0.05,1
TOI_715,TOI-715,42.4048,113.852,-73.5774,M4,3075,0.24,0.225,-2.30899,1
TOI_139,TOI-139,42.4061,336.402,-34.9097,,4570,0.7007,0.69,-0.77842,1
TOI_2285,TOI-2285,42.409,332.563,58.7061,,3491,0.464,0.454,-1.54212,1
HD_109988,HD 109988,42.5279,189.815,-32.7264,,5185.97,0.869694,0.88,-0.30725,1
TOI_1807,TOI-1807,42.5775,201.283,38.9224,,4914,0.746,0.8048,-0.53313,1
TOI_5800,TOI-5800,42.9052,305.066,-7.41192,K3 V,4850,0.773,0.778,-0.51004,1
HD_49674,HD 49674,43.0399,102.877,40.8672,G5 V,5602,1.02,1.03,-0.02162,1
TOI_5082,TOI-5082,43.1406,106.57,22.6831,,5670,0.93,0.99665,-0.08961,1
TOI_3884,TOI-3884,43.1448,181.572,12.507,M4,3180,0.302,0.298,-2.03152,1
TOI_1243,TOI-1243,43.1865,135.733,71.6364,M2.0 V,3515,0.511,0.515,-1.44551,1
HD_93385,HD 93385,43.3475,161.563,-41.4646,G2/G3 V,5977,1.18484,1.04,0.20683,3
HIP_21152,HIP 21152,43.4073,68.0205,5.41007,F5 V,6655,1.59186,1.4,0.63565,1
HD_13724,HD 13724,43.465,33.086,-46.8167,,5835.31,1.04198,1.004,0.05467,1
BD_05_4868_A,BD+05 4868 A,43.5687,326.861,6.60532,K V,4596,0.69,0.7,-0.7167,1
HD_151450,HD 151450,43.6002,252.008,-15.9643,,6091.98,1.17184,1.14,0.23147,2
HD_155358,HD 155358,43.6197,257.393,33.3549,G0,5905,1.38,1.15,0.29949,2
HD_28471,HD 28471,43.6455,66.2875,-64.0787,G5 V,5766,1.08,0.98,0.06167,3
HD_27894,HD 27894,43.8214,65.1976,-59.4097,K2 V,4875,0.891767,0.81,-0.449,3
HIP_81991,HIP 81991,43.9016,251.249,6.08705,G8 V,5100,2.82111,1.09,0.686,1
TOI_262,TOI-262,43.932,32.5347,-31.0706,K0 V,5310,0.853,0.913,-0.28987,1
TOI_4364,TOI-4364,43.9662,80.0669,-4.23925,M4 V,3528,0.4684,0.487,-1.51215,1
91_Aqr,91 Aqr,44.0304,348.975,-9.08781,K0 III,4665,11,1.4,1.69239,1
DS_Tuc_A,DS Tuc A,44.0622,354.915,-69.196,G6 V,5428,0.964,1.01,-0.13966,1
K2_3,K2-3,44.0727,172.335,-1.45514,M V,3844,0.546,0.549,-1.23136,3
HD_29399,HD 29399,44.1518,68.3903,-62.8238,K1 III,4845,4.5,1.17,1.00173,1
HD_11112,HD 11112,44.3804,27.0881,-41.4944,,5905.64,1.47368,1.07,0.37657,1
HD_17674,HD 17674,44.4264,42.7685,30.2866,G0 V,5904,1.18,0.98,0.20472,1
Wolf_503,Wolf 503,44.526,206.846,-6.13934,K3.5 V,4716,0.689,0.688,-0.67572,1
TOI_1776,TOI-1776,44.647,164.777,40.9837,,5785,0.9356,0.9196,-0.05306,1
HD_171238,HD 171238,44.8113,278.682,-28.0728,G8 V,5467,1.01,0.92,-0.20273,1
HD_15337,HD 15337,44.8155,36.8679,-27.6361,K1 V,5131,0.855,0.829,-0.32606,2
HD_8574,HD 8574,44.8264,21.3034,28.566,F8,6064,1.38,1.34,0.37649,1
BD_60_1417,BD+60 1417,44.9543,190.888,60.0144,K0,4993,0.797,1,0.35595,1
K2_25,K2-25,44.9565,63.2739,15.2477,M4.5 V,3207,0.2932,0.2634,-2.08831,1
HD_285507,HD 285507,45.0293,61.7557,15.3349,K4.5 V,4503,0.69,0.82,-0.71932,1
HD_110537,HD 110537,45.0858,190.746,-4.05011,G6/8 V,5718,1.16626,1.02,0.11726,1
TOI_5489,TOI-5489,45.0907,128.691,11.4896,,3547,0.42,0.41,-1.60776,2
TOI_1695,TOI-1695,45.1309,21.9217,72.2966,M1 V,3690,0.515,0.513,-1.3536,1
HD_166724,HD 166724,45.1342,273.499,-42.5757,K0 IV-V,5127,0.797485,0.81,-0.509,1
HD_208487,HD 208487,45.147,329.333,-37.7641,G2 V,6134,1.16,1.15,0.233,1
HD_330075,HD 330075,45.2989,237.405,-49.9639,K1,5000,0.84,0.47,-0.33,1
HD_103720,HD 103720,45.5352,179.171,-2.77914,K3 V,5017,0.73,0.794,-0.45834,1
HD_15906,HD 15906,45.5621,38.2713,-10.3522,K V,4757,0.762,0.79,-0.56864,2
HD_25463,HD 25463,45.6181,60.7483,9.20777,,6353,1.4182,1.251,0.47276,2
HD_86226,HD 86226,45.683,149.124,-24.0992,G1 V,5863,1.053,1.019,0.07188,2
TOI_1860,TOI-1860,45.864,226.457,64.0477,G V,5752,0.94,0.99,-0.09475,1
HIP_91258,HIP 91258,45.8846,279.221,61.7015,G5 V,5519,0.89,0.97,-0.222,1
HD_187085,HD 187085,45.8993,297.392,-37.781,G0 V,6117,1.27,1.189,2.13,1
HD_77338,HD 77338,45.935,135.302,-25.5282,K0 IV,5341,0.97,1.37,-0.2596,1
HD_187123,HD 187123,45.9548,296.743,34.419,G3 V,5790,1.15043,1.04,0.12713,2
HD_202206,HD 202206,45.9665,318.741,-20.7897,G2 V,5764.23,1.04,1.06,0.03743,2
TOI_674,TOI-674,46.0851,164.587,-36.8581,M2 V,3514,0.42,0.42,-1.61439,1
TOI_904,TOI-904,46.0891,89.3713,-83.1297,,3770.2,0.527,0.557,-1.29243,2
HD_34445,HD 34445,46.0907,79.4207,7.35272,G0 V,5836,1.38,1.07,0.3032,6
nu_Oph,nu Oph,46.2107,269.757,-9.77413,K0 III,4887,12.24,2.61,1.89476,2
HIP_113103,HIP 113103,46.2122,343.572,-43.0102,,4930,0.742,0.761,-0.57629,2
HD_50499,HD 50499,46.2845,103.008,-33.9153,G1 V,6099,1.42,1.31,0.37632,2
Ross_176,Ross 176,46.4488,305.69,47.3086,K7 V,4041,0.569,0.577,-1.10891,1
HD_24040,HD 24040,46.6224,57.5962,17.4753,G0 V,5802,1.3,1.11,0.27569,2
HD_143105,HD 143105,46.7789,238.402,68.72,F5,6380,1.6473,1.51,0.55557,1
HD_37605,HD 37605,46.7864,85.0074,6.05951,K0,5329,0.91,0.94,-0.22,2
HD_45350,HD 45350,46.8733,97.1902,38.9627,G5 V,5566,1.26442,0.98,0.14065,1
HD_220689,HD 220689,46.8778,351.471,-20.6168,G3 V,5921,1.068,1.016,0.093,1
DMPP_3_A,DMPP-3 A,46.8917,91.6244,-72.5143,K0 V,5138,0.91,0.9,-0.29513,1
HIP_18606,HIP 18606,47.0288,59.7181,-5.4707,K0/1 III,4860,4.83,1.21,1.06,1
PZ_Tel,PZ Tel,47.0648,283.275,-50.1809,G9 IV,5169,1.25646,1.36,0.00662,1
2MASS_J01033563_5515561_A,2MASS J01033563-5515561 A,47.2,15.8992,-55.2658,M5.5/M6,5772,1,0.19,0,1
TOI_1846,TOI-1846,47.2496,257.955,54.5278,,3568,0.397,0.418,-1.63714,1
HD_3167,HD 3167,47.2899,8.74015,4.38072,K0 V,5338,0.871,0.864,-0.25727,4
TOI_2015,TOI-2015,47.3444,232.133,27.3611,M4 +/- 0.5,3297,0.3273,0.3041,-1.49214,2
TOI_500,TOI-500,47.3924,106.559,-47.5878,K6 V,4440,0.678,0.74,-0.70002,4
HD_13931,HD 13931,47.3963,34.198,43.7722,G0,5867,1.25,1.3,0.1959,1
gam_Lib,gam Lib,47.4017,233.882,-14.7895,K0 III,4879,12.38,1.78,1.8973,2
eps_Tau,eps Tau,47.5285,67.1547,19.1803,K0 III,4877,12.35,2.57,1.89271,1
GU_Psc,GU Psc,47.5501,18.1465,17.065,M3,4031.81,0.450458,0.325,-1.60189,1
HD_20868,HD 20868,47.7223,50.1794,-33.7297,K3/4 IV,4802,0.76,0.39,-0.529,1
HD_156846,HD 156846,47.7332,260.142,-19.3344,G0 V,6090,1.9,1.38,0.69723,1
HD_181234,HD 181234,47.7458,290,-9.32497,G8 IV,5386,1.05942,0.94,-0.09853,1
TOI_206,TOI-206,47.7465,73.7382,-62.5219,,3383,0.35,0.35,-1.83581,1
HD_204313,HD 204313,47.7945,322.051,-21.7274,G5 V,5767,1.1,1.03,0.09981,3
HD_136925,HD 136925,47.874,230.716,13.3663,,5773.19,1.19308,0.875104,0.13441,1
HD_213885,HD 213885,48.0883,338.984,-59.8648,G,5978,1.1011,1.068,0.13862,2
HD_156098,HD 156098,48.249,259.265,-32.6631,,6419.19,2.75716,1.29,1.06554,2
HD_209458,HD 209458,48.3016,330.795,18.8842,G0 V,6091,1.19,1.23,0.23086,1
HD_12484,HD 12484,48.3367,30.6115,2.81581,F8,5920,1.00185,1.01,0.02217,1
HD_153950,HD 153950,48.4549,256.129,-43.3104,F8 V,6124,1.28,1.25,0.34635,1
TOI_2096,TOI-2096,48.4809,151.619,74.8272,M4,3300,0.235,0.231,-2.22768,2
TOI_2445,TOI-2445,48.582,43.3162,0.0523366,,3333,0.27,0.25,-2.08408,1
TOI_2274,TOI-2274,48.876,277.459,40.5414,M,3943,0.631,0.612,-1.06233,1
HD_108341,HD 108341,48.9102,186.879,-71.4225,K2 V,5122,0.79,0.843,-0.37001,1
HD_79498,HD 79498,48.9489,138.789,23.3749,G5,5748,1.05,1.08,0.03,1
HD_63935,HD 63935,48.9739,117.925,9.38524,,5513,0.9598,0.9406,-0.11464,2
HD_25912,HD 25912,49.1661,60.9075,-51.9315,,5920.58,0.995896,1.08,0.04058,2
HD_62549,HD 62549,49.3305,116.082,-5.05412,,5930.46,1.23227,1.08,0.22846,1
BD_14_4559,BD+14 4559,49.352,318.401,14.6894,K2 V,4864,0.86,0.49,-0.32,1
K2_116,K2-116,49.3855,336.152,-11.5793,,4348.35,0.6694,0.694512,-0.74639,1
HD_107148,HD 107148,49.4156,184.806,-3.31999,G5 V,5797,1.16919,1.12,0.12081,2
HD_100777,HD 100777,49.5336,173.965,-4.75554,G8 V,5533,1.04,1.08,0.02119,1
HD_167042,HD 167042,49.6633,272.633,54.2876,K1 IV,4919,4.63,1.39,1.0569,1
WASP_80,WASP-80,49.7876,303.167,-2.14444,K7-M0 V,4143,0.586,0.577,-1.03998,1
HD_28192,HD 28192,49.8063,66.7033,-1.72448,,5919.87,1.07094,1.08,0.10347,1
WASP_69,WASP-69,49.9605,315.026,-5.09486,K,4792,0.801,0.83,-0.48149,1
kap_And,kap And,50.0177,355.103,44.3339,B9 IVn,11327,2.109,2.768,1.7966,1
TOI_2094,TOI-2094,50.0248,254.143,70.0273,M3 V,3435,0.384,0.425,-1.74473,1
AB_Pic,AB Pic,50.0475,94.8039,-58.0541,K2 V,5285,0.999394,0.9,-0.22631,1
HIP_35965,HIP 35965,50.1677,111.203,-51.3258,,4836,0.697551,0.78,-0.62021,1
HD_16760,HD 16760,50.1756,40.5892,38.6182,G5 V,5518,0.835,0.93,-0.14267,1
HD_331093,HD 331093,50.1928,295.62,31.7395,K0,5544,1.1112,1.03,0.00646,1
TIC_231949697,TIC 231949697,50.2408,94.2577,-43.3662,,3451.32,0.492584,0.490679,-1.38707,1
HD_27631,HD 27631,50.2862,64.9392,-41.9607,G3 IV/V,5737,0.923,0.944,-0.056,1
HD_9446,HD 9446,50.3503,23.335,29.2649,G5 V,5793,1,1,0.04139,2
HD_73267,HD 73267,50.4093,129.074,-34.4594,K0 V,5387,0.909,0.93,-0.106,2
HIP_14810,HIP 14810,50.48,47.8093,21.0971,G5,5544,1.07,1.01,-0.01,3
HD_220773,HD 220773,50.5103,351.614,8.64289,F9,5940,1.6797,1.16,0.49796,1
HD_222155,HD 222155,50.6078,354.503,48.996,G2 V,5701,1.85,1.21,0.50892,1
HD_188015,HD 188015,50.6706,298.019,28.1,G5 IV,5746,1.1253,1.09,0.05892,1
HD_196050,HD 196050,50.6742,309.464,-60.6348,G3 V,5879,1.42,1.27,0.26,1
HD_564,HD 564,51.1659,2.46945,-50.2679,G2/G3 V,5902,1.01,0.961,0.01893,1
TOI_1683,TOI-1683,51.1884,65.9797,27.8224,,4402,0.7,0.694661,-0.78662,1
HD_11506,HD 11506,51.261,28.2107,-19.5074,G0 V,6123,1.24,1.22,0.33685,3
HD_133131_B,HD 133131 B,51.2993,225.9,-27.8416,G2 V,5805,0.989538,0.93,-0.0092,1
HD_6718,HD 6718,51.3444,16.9536,-8.23362,G5 V,5746,1.02,0.96,0.0531,1
HD_136118,HD 136118,51.4359,229.731,-1.59229,F7 V,6097,1.67754,1.18,0.56868,1
HD_133131_A,HD 133131 A,51.4736,225.898,-27.8431,G2 V,5799,0.955014,0.95,-0.01658,2
TOI_2266,TOI-2266,51.6004,245.28,31.577,M5.0+0.5-0.5,3200,0.24,0.23,-2.16716,1
HIP_5158,HIP 5158,51.6026,16.5095,-22.4536,,4962,0.75,0.78,-0.95861,2
HD_72659,HD 72659,51.8949,128.513,-1.56863,G2 V,5929,1.36,1.033,0.37397,2
TOI_1470,TOI-1470,51.9503,10.0891,61.2134,M1.5 V,3709,0.469,0.471,-1.42481,2
HD_185269,HD 185269,51.9917,294.299,28.4995,G0 IV,5923,2,1.3,0.69362,1
HD_23596,HD 23596,52.0018,57.0019,40.5307,F8,6040,1.53,1.1,0.45821,1
HD_74698,HD 74698,52.0648,130.074,-71.8769,G5 V,5783,1.333,1.039,0.25285,2
TOI_1718,TOI-1718,52.3044,112.018,30.3217,,5304.91,0.939285,0.93,-0.17723,1
TOI_782,TOI-782,52.5122,183.92,-18.9103,,3370,0.413,0.397,-1.70246,1
BD_55_362,BD+55 362,52.5697,23.9637,56.6982,K3,5012,0.896193,0.909,-0.31295,1
UCAC3_113_933,UCAC3 113-933,52.5829,5.27581,-33.8032,M0,3864,0.564484,0.61,-1.19385,1
ups_Leo,ups Leo,52.5973,174.237,-0.823564,G9 III,4836,11.22,1.48,1.80003,1
LP_714_47,LP 714-47,52.616,64.1902,-12.0849,M1 V,4123,0.536,0.542,-1.12494,1
TOI_1011,TOI-1011,52.62,113.985,-32.842,,5475,0.92,0.91,-0.1549,1
HD_44219,HD 44219,52.9051,95.06,-10.7251,G3 V,5752,1.32,1.2,0.26,1
TOI_2068,TOI-2068,52.9328,186.274,60.4183,,3710,0.535,0.559,-1.31069,1
HD_5388,HD 5388,53.0661,13.799,-47.4067,F6 V,6297,1.91,1.21,0.66276,1
HD_164509,HD 164509,53.1119,270.38,0.104469,G5,5859,1.11,1.12,0.12,1
HD_62364,HD 62364,53.112,113.905,-75.5443,F7 V,6255,1.401,1.19,0.43297,2
HD_122562,HD 122562,53.2528,210.589,20.881,,4956,2.16627,1.241,0.407,1
HD_66428,HD 66428,53.2817,120.869,-1.1636,G8 IV (+ G),5716,1.13,1.01,0.09579,2
HD_145377,HD 145377,53.4884,242.902,-27.0781,G3 V,6014,1.05,1.2,0.19312,1
HD_191939,HD 191939,53.6089,302.026,66.8503,G9 V,5348,0.94,0.81,-0.18709,6
BD_45_564,BD+45 564,53.622,32.947,45.9242,K1,5004,0.813064,0.81,-0.39918,1
TOI_1774,TOI-1774,53.974,148.162,35.111,,5746,1.1303,0.991,0.10143,2
HD_183263,HD 183263,54.1955,292.102,8.35792,G2 IV,5948,1.23,1.06,0.25025,2
HD_210702,HD 210702,54.1963,332.964,16.0405,K1 IV,4912,4.54,1.33,1.03543,1
HD_212301,HD 212301,54.2304,336.88,-77.7183,F8 V,6239,1.16,1.55,0.24304,1
HD_167677,HD 167677,54.3258,274.207,-11.4068,G5 V,5474,0.95271,0.96,-0.13215,1
HD_190647,HD 190647,54.4738,301.832,-35.5395,G5 V,5656,1.376,1.069,0.29667,1
TOI_480,TOI-480,54.5306,88.3785,-16.2654,,6174,1.4877,1.2793,0.46195,1
DMPP_6,DMPP-6,54.6303,120.386,-70.0234,,6182.09,1.27,1.079,0.31544,2
6_Lyn,6 Lyn,54.6599,97.696,58.1612,K0 IV,4941,4.94,1.32,1.1186,1
TOI_5728,TOI-5728,54.7045,260.351,67.5504,,3419,0.37,0.36,-1.74669,1
HD_4732,HD 4732,54.7841,12.3085,-24.1369,K0 IV,4898,5.03,1.39,1.11826,2
HD_99109,HD 99109,54.7901,171.072,-1.52976,G8/K0 IV,5282,0.98,0.76,-0.17178,1
HD_24085,HD 24085,54.9004,56.2563,-70.0245,G0 V,6034,1.41255,1.22,0.37712,1
omi_UMa,omi UMa,54.9149,127.565,60.7177,G4 II-III,5075,13.84,2.72,2.06266,1
HD_2638,HD 2638,54.9621,7.499,-5.76496,K1 V,5186,0.94,0.77,-0.33,1
TOI_1416,TOI-1416,55.0135,216.923,41.953,G9 V,4884,0.793,0.798,-0.46008,1
HD_457,HD 457,55.0375,2.24929,-39.7372,,6114.04,1.28194,1.15,0.31574,1
TOI_5159,TOI-5159,55.1788,142.786,20.0193,,5156.16,0.854084,0.9,-0.29869,1
HD_105779,HD 105779,55.2411,182.661,-16.9565,G2,5792,0.94,0.89,-0.10791,1
HD_28254,HD 28254,55.2884,66.2108,-50.6228,G5 V,5664,1.48,1.1,0.34,1
HD_109286,HD 109286,55.4156,188.396,7.28091,G4 V,5694,1.089,0.98,-0.08393,1
TOI_2406,TOI-2406,55.419,8.80605,-3.37208,M4 V,3100,0.204,0.166,-2.46218,1
HD_8535,HD 8535,55.4401,20.9055,-41.2701,G0 V,6136,1.19,1.13,0.33266,1
HD_217786,HD 217786,55.4847,345.784,-0.430359,F8 V,5966,1.27,1.14,0.27646,2
TOI_1806,TOI-1806,55.5211,166.118,30.4586,,3272,0.401575,0.392935,-1.77852,1
HD_103891,HD 103891,55.5213,179.438,-8.54862,F9,6072,2.22,1.28,0.78604,1
HD_30177,HD 30177,55.5867,70.4771,-58.0208,G8 V,5680,1.019,0.98,0.0835,2
HD_25171,HD 25171,55.6146,58.9575,-65.1863,F8 V,6125,1.23,1.076,0.27646,1
HD_159868,HD 159868,55.8503,264.747,-43.1462,G5 V,5534,2.13,1.19,0.55574,2
HD_221585,HD 221585,55.8535,353.229,63.1556,G8 IV,5620,1.85058,1.19,0.4216,1
HD_109271,HD 109271,55.8716,188.397,-11.6215,G5 V,5783,1.29459,1.047,0.301,2
HD_221287,HD 221287,55.9231,352.836,-58.2098,F7 V,6304,1.13864,1.25,0.22011,1
TOI_4443,TOI-4443,56.0739,274.269,21.9095,,5834,1.01733,1.04913,0.03349,1
HD_93351,HD 93351,56.163,161.678,-1.68858,,5408,0.911435,0.94,-0.19371,2
xi_Aql,xi Aql,56.1858,298.562,8.46111,K0 III,4841,10.86,1.74,1.76745,1
HD_103774,HD 103774,56.4089,179.231,-12.108,F5 V,6489,1.58105,1.335,0.544,1
HD_290327,HD 290327,56.433,80.84,-2.27804,G8 V,5505,0.95,0.84,-0.14,1
HD_135625,HD 135625,56.518,229.451,-45.9226,G3 IV/V,6040.64,1.35743,1.28,0.34446,1
HD_156411,HD 156411,56.8655,259.964,-48.5502,F8 IV/V,5900,2.16,1.25,0.731,1
K2_315,K2-315,56.9686,228.021,-20.1082,M(3.5+/-0.5) V,3300,0.196,0.174,-2.38722,1
TOI_269,TOI-269,57.0225,75.8463,-54.1777,M2 V,3514,0.398,0.3917,-1.64675,1
HD_148156,HD 148156,57.1289,247.072,-46.3175,G0/2 V,6308,1.21,1.22,0.25042,1
HD_103197,HD 103197,57.1463,178.22,-50.2928,K1 V(P),5250,0.88,0.8,-0.3279,1
2MASS_J22501512_2325342,2MASS J22501512+2325342,57.2309,342.563,23.4259,M3,3352,0.437589,0.433173,-1.66196,1
HD_183579,HD 183579,57.2651,293.287,-54.5327,G2 V,5784,0.96,0.996,-0.03386,1
HD_89839,HD 89839,57.3063,155.169,-53.664,F7 V,6314,1.28588,1.21,0.37479,1
TOI_444,TOI-444,57.3973,64.184,-26.7664,K1/2 V,5225,0.779,0.96,-0.41794,1
HD_165131,HD 165131,57.4263,271.344,-21.6737,G3/5 V,5870,1.06419,1.06,0.08329,1
HD_5278,HD 5278,57.5846,12.5468,-83.7438,F V,6203,1.194,1.126,0.28035,2
HD_74156,HD 74156,57.603,130.605,4.57723,G0,6068,1.51058,1.1,0.40075,2
HD_125612,HD 125612,57.6207,215.223,-17.4818,G3 V,5900,1.07,1.05,0.06,3
TOI_6281,TOI-6281,57.7451,172.379,-40.6094,,4533.23,0.874219,0.65,-0.68565,1
TOI_654,TOI-654,57.7553,164.725,-5.54754,M2 V,3521,0.43,0.419,-1.60906,1
HD_94771,HD 94771,57.7807,163.975,-35.1145,G3/G5 V,5631,1.903,1.2,0.51587,1
TOI_2257,TOI-2257,57.7911,194.74,77.6617,M3,3430,0.313,0.328,-1.86713,1
HD_155193,HD 155193,57.7995,257.421,10.0381,F8 IV,6239,1.76439,1.221,0.6411,1
HD_30669,HD 30669,58.0844,72.1199,-28.4191,G9 V,5400,0.91,0.92,-0.14602,1
HD_5608,HD 5608,58.1105,14.5594,33.9506,K0 IV,4807,5.43,1.29,1.15473,1
HD_31253,HD 31253,58.1438,73.6823,12.352,F8,6130,1.75,1.7,0.51667,1
TOI_1130,TOI-1130,58.2609,286.376,-41.4376,K6-K7,4360,0.697,0.745,-0.85387,2
HIP_94235,HIP 94235,58.5146,287.741,-60.2726,G V,5991,1.08,1.094,0.13759,1
TOI_1184,TOI-1184,58.5946,272.205,60.6788,,4534,0.69,0.71,-0.70115,1
TOI_712,TOI-712,58.6212,92.9361,-65.8258,K4.5 V,4622,0.674,0.732,-0.72793,3
HD_233832,HD 233832,58.742,171.52,50.3763,G0,4981,0.68,0.71,-0.52273,1
HD_207832,HD 207832,58.9291,328.152,-26.0272,G5 V,5726,0.89,1.05,-0.11,2
HIP_109384,HIP 109384,58.9582,332.409,71.314,G5,5180,0.831075,0.78,-0.31878,1
HD_70573,HD 70573,59.182,125.708,1.85911,G1-1.5 V,5737,0.976919,1,-0.00083,1
TOI_286,TOI-286,59.2293,90.9843,-60.6663,K3 V,5152,0.78,0.832,-0.41364,2
K2_136,K2-136,59.2474,67.4129,22.8826,K5 V,4500,0.677,0.742,-0.7765,3
TOI_1824,TOI-1824,59.4314,197.731,61.7448,,5165,0.8123,0.8801,-0.37263,1
HD_108874,HD 108874,59.5175,187.613,22.8794,G5,5600,1.05,1.1,-0.00072,2
TOI_2411,TOI-2411,59.5362,20.9225,-8.70179,,4099,0.68,0.65,-0.87076,1
TOI_815,TOI-815,59.7117,155.872,-43.8349,K3 V,4869,0.77,0.776,-0.50459,2
HD_16175,HD 16175,59.859,39.2577,42.0625,G2,5981,1.72,1.63,0.50786,1
TOI_2322,TOI-2322,59.861,116.973,-71.002,K4,4664,0.662,0.703,-0.74232,2
HD_170469,HD 170469,60.178,277.296,11.6954,G5 IV,5842,1.24,1.1,0.204,1
HD_124330,HD 124330,60.1977,212.821,54.409,G4 IV,5873,1.30446,1.15,0.33766,1
HD_181720,HD 181720,60.2046,290.721,-32.9208,G1 V,5736,1.5,1.03,0.288,1
TOI_757,TOI-757,60.3418,187.995,-35.5545,K0 V,5278,0.78,0.8,-0.37675,1
TOI_880,TOI-880,60.6679,94.1645,-13.9873,K,5050,0.83,0.87,-0.44771,2
TOI_1728,TOI-1728,60.798,120.612,64.7972,M0,3980,0.6243,0.646,-1.05552,1
HD_184010,HD 184010,60.7993,292.84,26.6173,K0 III-IV,4971,4.86,1.35,1.11694,3
HD_68988,HD 68988,60.8447,124.594,61.4609,G2 V,5932,1.19,1.28,0.22184,2
HD_76700,HD 76700,60.8831,133.478,-66.8005,G6 V,5644,1.37,0.99,0.25719,1
TOI_521,TOI-521,60.9425,123.344,12.2221,M3,3544,0.421,0.42,-1.5986,1
HD_6860,HD 6860,61.1247,17.433,35.6205,M0 III,3802,86.4,2.49,3.22398,1
TOI_5319,TOI-5319,61.171,35.2136,23.5204,M,3580,0.485,0.5,-1.45905,1
HD_80913,HD 80913,61.3603,138.102,-81.7685,,6013.24,1.6542,1.11,0.50831,1
TOI_1075,TOI-1075,61.4592,309.971,-65.4497,K9 V/M0 V,3875,0.581,0.604,-1.14436,1
HD_56957,HD 56957,61.4925,109.325,-40.6561,,5743,1.77793,1.03,0.49108,1
TOI_4342,TOI-4342,61.5204,324.389,-77.9791,M0 V,3866,0.598,0.587,-1.12494,2
HD_94890,HD 94890,61.7012,164.18,-37.1383,K0 III,4867,10.71,1.74,1.7635,2
HD_203387,HD 203387,61.7477,320.562,-16.8345,,5174.32,10.5852,2.817,1.86,2
HIP_65407,HIP 65407,61.7804,201.088,48.8847,K0,5460,0.952252,0.93,-0.18603,2
HIP_65_A,HIP 65 A,61.7856,0.185606,-54.8308,K4 V,4590,0.7242,0.781,-0.67799,1
HD_217958,HD 217958,61.7957,346.137,-25.6918,,5930.64,1.32619,1.08,0.29231,1
K2_141,K2-141,61.8736,350.917,-1.18918,K7 V,4570,0.681,0.708,-0.75,2
HD_112300,HD 112300,62.0732,193.899,3.39724,M1 III,3657,65.8,1.4,2.70121,1
TOI_122,TOI-122,62.118,332.948,-58.9461,M3 V,3403,0.334,0.312,-1.85387,1
TOI_1799,TOI-1799,62.1274,167.233,34.303,,5690,0.957,1.01,-0.06198,1
TOI_2081,TOI-2081,62.3446,264.302,53.0256,M1.0,3800,0.534,0.54,-1.33847,1
K2_400,K2-400,62.3804,154.511,3.69693,M3,3578,0.382,0.374,-1.74791,1
HD_43197,HD 43197,62.4112,93.3993,-29.8972,G8 V,5508,1,0.96,-0.137,2
HIP_116454,HIP 116454,62.4491,353.954,0.444704,K1,5048,0.758,0.8,-0.47314,1
DMPP_1,DMPP-1,62.5388,86.7761,-10.6303,F8 V,6196,1.26,1.21,0.31955,4
K2_91,K2-91,62.5785,63.2182,24.2047,,3622,0.284,0.292,-1.84126,1
TOI_178,TOI-178,62.699,7.30201,-30.4541,K,4316,0.662,0.647,-0.86646,6
HD_190228,HD 190228,62.7146,300.754,28.3066,G5 IV,5360,2.58658,1.415,0.697,1
HD_102843,HD 102843,62.758,177.585,-1.2523,K0 V,5436,0.961488,0.95,-0.13814,1
HD_177830,HD 177830,62.7674,286.336,25.9204,K0,4949,2.62,1.47,0.68502,2
HD_22946,HD 22946,62.7792,54.8195,-42.763,F7/F8V,6169,1.117,1.098,0.20919,3
K2_28,K2-28,62.9969,335.623,-7.95635,M4,3214,0.288,0.257,-1.9397,1
HD_154672,HD 154672,63.0484,257.521,-56.4498,G3 IV,5743,1.32,1.18,0.25722,1
TOI_4602,TOI-4602,63.0637,60.6003,31.3298,G5,5966,1.08,0.9,0.11394,1
HD_109749,HD 109749,63.0821,189.317,-40.8121,G3 V,5824,1.22,1.13,0.19,1
HD_165155,HD 165155,63.3574,271.489,-29.9173,G8 V,5426,0.95,1.02,-0.1549,1
HD_154857,HD 154857,63.4482,257.816,-56.681,G5 V,5605,1.76,1.718,0.66269,2
HD_20329,HD 20329,63.6796,49.1781,15.6564,,5596,1.13,0.9,0.04922,1
Kepler_37,Kepler-37,63.9207,284.059,44.5184,,5357,0.789,0.79,-0.32187,4
TOI_824,TOI-824,63.9262,222.165,-57.5889,K4 V,4600,0.695,0.71,-0.70997,1
K2_257,K2-257,64.0065,188.278,-1.95329,,3725,0.5,0.52,-1.38099,1
HIP_67851,HIP 67851,64.1181,208.465,-35.3147,K0 III,4840,5.45,1.28,1.16673,2
TOI_663,TOI-663,64.2308,160.066,-8.51108,M1 V,3681,0.512,0.514,-1.37033,3
2MASS_J12073346_3932539,2MASS J12073346-3932539,64.308,181.889,-39.5484,M8,2825,0.21887,0.188001,-2.56086,1
HD_188641,HD 188641,64.3399,299.405,-37.7449,,5897.32,1.94492,1.07,0.61512,1
HD_220197,HD 220197,64.411,350.495,16.6323,G5,5683,0.98,0.91,-0.00343,1
HD_213472,HD 213472,64.4527,337.707,40.7222,,5729.54,1.4339,1.04813,0.28533,1
HD_108236,HD 108236,64.5978,186.574,-51.3631,G3 V,5660,0.877,0.869,-0.14997,5
HD_307842,HD 307842,64.5997,159.341,-63.6557,G,5558,0.907,0.91,-0.19034,1
HD_211810,HD 211810,64.6353,334.529,61.135,G5,5652,1.13,1.03,0.07,1
HD_220842,HD 220842,64.6498,351.653,56.8871,F8,5960,1.41647,1.13,0.35703,1
TOI_277,TOI-277,64.6692,19.0767,-20.9533,,4031,0.362,0.16,-1.3504,1
WASP_107,WASP-107,64.7414,188.386,-10.1462,K6,4425,0.657,0.683,-0.87943,2
TOI_1696,TOI-1696,64.9172,65.2806,48.8198,M5V,3185,0.2775,0.255,-2.14813,1
TOI_1203,TOI-1203,64.9943,168.227,-34.4069,G3 V,5737,1.179,0.886,0.12977,4
TOI_913,TOI-913,65.1769,234.572,-80.8034,,4969,0.7325,0.82,-0.53057,1
K2_288_B,K2-288 B,65.6138,55.4443,18.2685,M3 V,3341,0.32,0.33,-1.93,1
HD_191806,HD 191806,65.6668,302.369,52.2767,K0,6010,1.40223,1.07,0.3483,1
HIP_97166,HIP 97166,65.9501,296.245,74.0629,K0 V,5216,0.8418,0.9342,-0.32514,2
HIP_8923,HIP 8923,65.9957,28.7251,-11.5113,G3 V,5980,1.32164,1.01,0.27354,1
2MASS_J0249_0557_A,2MASS J0249-0557 A,66.0613,42.4852,-5.95999,M6 V,2859,0.315959,0.046,-2.59,1
TOI_1630,TOI-1630,66.0929,352.017,75.5526,,5504,0.83,0.95,-0.26764,1
HIP_39017,HIP 39017,66.3217,119.767,-4.3326,A9/F0,7201,1.51987,1.52,0.74788,1
HIP_109600,HIP 109600,66.3361,333.027,29.0662,G5,5530,0.971958,0.87,-0.07873,1
Kepler_1651,Kepler-1651,66.4074,283.628,48.3908,,3713,0.503,0.522,-1.368,1
K2_72,K2-72,66.4321,334.623,-9.61201,,3360.47,0.330989,0.271365,-1.83673,4
HD_80606,HD 80606,66.4711,140.657,50.6038,G5,5565,1.05,1.05,-0.00237,1
TOI_7384,TOI-7384,66.7902,83.1032,-39.8343,M4,3185,0.319,0.318,-2.02507,1
Kepler_138,Kepler-138,66.8624,290.381,43.2931,M1 V,3841,0.535,0.535,-1.25181,4
TOI_672,TOI-672,66.9071,167.991,-39.3281,M0 V,3810,0.54,0.54,-1.31885,1
TOI_512,TOI-512,67.3975,96.6467,-38.6072,,5277,0.89,0.74,-0.25696,1
HD_129445,HD 129445,67.4386,221.51,-68.763,G6 V,5646,1.17582,0.99,0.08968,1
HD_208897,HD 208897,67.4872,329.749,19.0202,K0,4860,4.98,1.25,1.09,1
K2_233,K2-233,67.5062,230.48,-20.2318,K3,4796,0.71,0.79,-0.52288,3
HIP_9618,HIP 9618,67.5478,30.905,21.2813,,5649,0.9593,0.942,-0.0716,2
HD_6061,HD 6061,67.6203,15.5981,37.1854,,5934,1.0072,1.0269,0.05538,1
HD_163607,HD 163607,67.7855,268.418,56.3925,G5,5522,1.76,1.12,0.42,2
HD_86264,HD 86264,67.8107,149.241,-15.8954,F7 V,6210,1.88,1.26,0.66,1
HD_109246,HD 109246,67.8349,188.027,74.4893,G0 V,5844,1.07,1.2,0.10028,1
HD_27969,HD 27969,67.9328,66.7068,42.9087,G0 V,5966,1.27,1.16,0.5282,1
HD_11977,HD 11977,67.9331,28.7347,-67.647,G8 III/IV,4970,10.09,1.91,1.83858,1
TOI_871,TOI-871,68.0473,74.7376,-50.6274,,4929,0.719,0.758,-0.56004,1
TOI_1064,TOI-1064,68.0726,296.004,-47.562,,4734,0.726,0.748,-0.62342,2
HD_66141,HD 66141,68.1509,120.566,2.33503,K2 III,4323,21.4,1.1,2.24,1
Kepler_409,Kepler-409,68.173,293.679,46.8527,,5421,0.897,0.913,-0.20201,1
TOI_469,TOI-469,68.192,93.0578,-14.6493,,5289,0.98,0.901,-0.14921,3
TOI_128,TOI-128,68.4727,79.5209,-80.9644,,6086,1.13,0.851969,0.18874,1
HD_143361,HD 143361,68.5146,240.459,-44.4351,G6 V,5507,0.916,0.968,-0.09151,1
TOI_4184,TOI-4184,69.3649,43.8285,-79.4147,M5.5+/-0.5,3238,0.2347,0.2109,-2.2644,1
K2_151,K2-151,69.4798,19.3048,9.50127,M1.5 V,3695,0.45,0.47,-1.55284,1
2MASS_J22362452_4751425,2MASS J22362452+4751425,69.5737,339.103,47.8617,K7 V,4045,0.641152,0.6,-1.02143,1
HD_35843,HD 35843,69.6026,81.3489,-44.4313,,5666,0.897,0.94,-0.12494,2
HD_179079,HD 179079,69.7116,287.79,-2.63877,G5 IV,5646,1.63,1.14,0.38,1
HD_72892,HD 72892,69.7311,128.72,-14.4574,G5 V,5688,1.22,1.01,0.14613,1
TOI_1648,TOI-1648,69.835,45.4012,69.2299,,4850,0.81,0.83,-0.45377,1
eps_CrB,eps CrB,69.8683,239.397,26.8776,K2 III,4406,21,1.7,2.23521,1
HD_105618,HD 105618,70.0837,182.402,11.2116,,5671,1.27399,1.01,0.17967,2
TOI_2211,TOI-2211,70.2932,308.539,-29.6726,,5253,0.834,0.9,-0.32094,1
TOI_1238,TOI-1238,70.7145,201.382,68.8361,K7/M0,4089,0.58,0.59,-1.08249,2
HD_132406,HD 132406,70.7832,224.228,53.381,G0 V,5766,1.34,0.973,0.25996,1
TOI_1739,TOI-1739,70.9819,240.172,83.2587,,4814,0.781,0.78,-0.52433,1
HAT_P_20,HAT-P-20,71.0374,111.916,24.3361,K3,4595,0.694,0.756,-0.721,1
HD_175167,HD 175167,71.0863,285.003,-69.9451,G5 IV/V,5635,1.75,1.09,0.45593,1
HD_35759,HD 35759,71.2423,82.8887,64.3184,G0,6060,1.75997,1.15,0.53724,1
HD_148427,HD 148427,71.3499,247.117,-13.3996,K0 III- IV,5025,3.86,1.64,0.78,1
TOI_1823,TOI-1823,71.6456,196.22,63.7533,,4927,0.8049,0.8414,-0.46092,1
HD_192699,HD 192699,71.8627,304.025,4.58057,G8 IV,5041,4.41,1.38,1.009,1
TOI_1180,TOI-1180,72.0238,214.556,82.1938,,4738,0.73,0.75,-0.57675,1
K2_122,K2-122,72.0444,126.476,20.3593,M0,4009,0.59,0.63,-1.10237,1
24_Sex,24 Sex,72.0691,155.868,-0.9024,K0 IV,5098,4.9,1.54,1.164,2
K2_65,K2-65,72.2,333.213,-10.9261,,5213,0.84,0.87,-0.328,1
HD_95872,HD 95872,72.2195,165.866,-22.0943,K0 V,5312,0.84,0.7,-0.24208,1
TOI_6041,TOI-6041,72.4731,46.061,43.5577,G7,5445,0.879,0.885,-0.21254,2
HD_200964,HD 200964,72.5922,316.666,3.80334,G8 IV,4982,4.92,1.39,1.064,2
TOI_1410,TOI-1410,72.7512,334.883,42.5603,,4635,0.7558,0.7941,-0.6216,2
K2_155,K2-155,72.7998,65.4696,21.3533,K7,4258,0.58,0.65,-1.22915,3
TOI_3235,TOI-3235,72.811,207.474,-46.0665,M V,3388.8,0.3697,0.3939,-1.78968,1
TOI_1742,TOI-1742,72.8871,257.329,71.8767,,5815,1.131,1.0861,0.12123,1
K2_240,K2-240,72.9105,227.849,-17.8754,M0.5 V,3810,0.54,0.58,-1.27572,2
HD_126614,HD 126614,73.0961,216.701,-5.17841,G8 IV,5568,1.36979,0.96,0.08279,1
HD_219828,HD 219828,73.114,349.695,18.6458,G0 IV,5891,1.56,1.04,0.42,2
HD_149143,HD 149143,73.2801,248.213,2.08445,G0,5856,1.44,1.2,0.35,1
HD_159243,HD 159243,73.3055,263.34,5.70083,G0 V,6123,1.12,1.125,0.114,2
TOI_1448,TOI-1448,73.3345,316.324,57.7711,,3412,0.38,0.372,-1.75498,1
4_UMa,4 UMa,73.4603,130.053,64.3281,K1 III,4415,18.11,1.234,2.06236,1
Gaia_4,Gaia-4,73.4829,209.506,31.6955,,4034,0.624,0.644,-0.99957,1
TIC_88692598,TIC 88692598,73.5258,149.211,47.7707,,3483.17,0.532473,0.529218,-1.36028,1
HD_87646,HD 87646,73.5835,151.67,17.895,G,5770,1.55,1.12,0.95972,1
TOI_1260,TOI-1260,73.5977,157.144,65.8542,K6 V,4227,0.672,0.679,-0.88941,3
HD_88133,HD 88133,73.6123,152.532,18.1857,G5,5392,2.2,1.26,0.49678,1
HD_128717,HD 128717,73.636,219.088,57.561,,6210,1.248,1.212,0.322,1
TOI_6894,TOI-6894,73.8131,173.469,12.4511,,3007,0.2276,0.207,-2.42597,1
HD_135694,HD 135694,73.8713,227.868,71.8413,,5712,1.08,1.02,0.03941,1
TOI_1732,TOI-1732,74.7599,111.801,53.0453,,4201.93,0.632571,0.613891,-1.08955,1
TOI_421,TOI-421,74.7969,81.8533,-14.2767,G9 V,5291,0.866,0.833,-0.26777,2
Kepler_16,Kepler-16,75.0852,289.076,51.7572,,4450,0.6489,0.6897,-0.90301,1
HD_69123,HD 69123,75.116,123.555,-35.4899,K1 III,4842,7.72,1.68,1.46997,1
K2_344,K2-344,75.1691,136.361,21.6686,,4374,0.49,0.51,-1.22508,1
K2_133,K2-133,75.1703,70.1494,25.0098,M1.5 V,3655,0.455,0.461,-1.47886,4
TOI_2133,TOI-2133,75.1973,261.244,32.7984,,4250,0.62,0.644,-0.85248,1
TOI_733,TOI-733,75.2092,159.409,-40.8883,G,5585,0.949,0.956,-0.08619,1
HD_206255,HD 206255,75.2363,325.592,-50.0936,G5 IV/V,5635,2.22149,1.42,0.65156,1
14_And,14 And,75.4392,352.824,39.2358,K0 III,4888,11.55,1.78,1.83992,1
TOI_1278,TOI-1278,75.5759,320.478,35.6486,M0 V,3799,0.573,0.54,-1.21183,1
K2_184,K2-184,75.5857,129.141,14.4619,,5245,0.75,0.84,-0.39912,1
TOI_6000,TOI-6000,75.7664,292.606,68.1546,,3419,0.38,0.37,-1.75585,1
HD_149026,HD 149026,75.8643,247.623,38.3475,G0,6179,1.41,1.42,0.48,1
HIP_98599,HIP 98599,75.9428,300.409,-22.1111,F7 V,5978,1.39484,1.19,0.43205,1
DMPP_8,DMPP-8,76.1335,305.308,-81.6167,,6009,1.24,0.99,0.23219,1
K2_286,K2-286,76.1486,233.37,-16.7737,M0 V,3926,0.62,0.64,-1.04576,1
18_Del,18 Del,76.222,314.608,10.8391,G6 III,4980,8.8,2.1,1.63367,1
K2_209,K2-209,76.4986,14.6903,1.38281,,4720,0.712365,0.74479,-0.58815,1
HD_67087,HD 67087,76.5217,121.916,31.5512,F8 V,6330,1.55,1.36,0.54,2
TOI_2104,TOI-2104,76.7418,151.612,83.0878,,4856.13,0.723757,0.8,-0.56286,1
ome_Ser,ome Ser,76.7556,237.573,2.1963,G8 III,4724,10.99,1.01,1.73384,1
TOI_257,TOI-257,76.9028,47.5173,-50.8323,,6095,1.867,1.407,0.63649,1
HD_148164,HD 148164,77.1971,246.435,11.9191,F8,6032,1.34,1.21,0.33,2
TOI_969,TOI-969,77.2554,115.137,2.09859,K V,4435,0.671,0.734,-0.70042,2
K2_266,K2-266,77.5586,157.936,0.937278,,4285,0.703,0.686,-0.82333,4
TOI_2141,TOI-2141,77.682,258.762,18.3403,,5635,0.95,0.896,-0.05,3
K2_321,K2-321,77.6888,156.405,2.51388,,3750,0.595,0.578,-1.20066,1
TOI_4363,TOI-4363,77.7751,37.1106,-12.5494,,4278.45,0.69132,0.62,-0.95684,1
HD_55696,HD 55696,77.9693,108.062,-38.1746,G0 V,6012,1.52,1.29,0.43,1
HD_75898,HD 75898,78.0505,133.461,33.0567,F8 V,6122,1.55,1.295,0.46,2
HD_17156,HD 17156,78.0863,42.4366,71.7531,G5,6046,1.517,1.285,0.44091,1
HD_68402,HD 68402,78.4293,121.347,-74.4101,G5 IV/V,5950,1.02,1.12,0.06819,1
TOI_2768,TOI-2768,78.4525,99.3641,-15.4812,M,4008,0.657,0.63,-0.99801,1
HIP_105854,HIP 105854,78.6381,321.596,-37.8295,K2 III,4780,10.3051,2.1,1.67,1
HIP_74890,HIP 74890,78.6562,229.571,-41.4211,K1 III,4850,5.77,1.74,1.21484,1
TOI_1453,TOI-1453,78.7415,258.223,57.1978,,4975,0.72,0.715,-0.57539,2
TOI_3353,TOI-3353,78.7577,106.53,-75.8196,,6365,1.0207,1.33209,-0.0264,1
Kepler_1582,Kepler-1582,78.8906,289.377,41.1581,,3208,0.3,0.28,-2.38864,1
HD_224538,HD 224538,79.0608,359.716,-61.5869,F8/G0 IV/V,6097,1.54,1.23,0.46982,1
HD_21520,HD 21520,79.208,51.6403,-43.6137,,5871,1.044,1.09,0.06595,1
K2_146,K2-146,79.3002,130.027,19.0923,M3.0 V,3385,0.33,0.331,-1.82391,2
TOI_6054,TOI-6054,79.407,56.337,60.3509,,6047,1.662,1.107,0.52244,2
TOI_1105,TOI-1105,79.5225,146.054,-89.4715,,4678.46,0.755833,0.74,-0.61342,1
HD_13908,HD 13908,79.5515,34.5609,65.5942,F8 V,6255,1.67,1.29,0.602,2
HD_109833,HD 109833,79.5561,189.776,-74.574,,5881,1,1.08,0.07188,2
HD_1397,HD 1397,79.5702,4.44716,-66.3589,G5 III/IV,5521,2.336,1.324,0.65992,1
TOI_1898,TOI-1898,79.6682,144.555,23.5467,,6241,1.6131,1.2484,0.55121,1
TOI_3785,TOI-3785,79.7634,130.9,63.0781,M2 V,3576,0.5,0.52,-1.43533,1
TOI_1777,TOI-1777,79.7665,151.807,46.1149,,5859,0.98,1.06,0.01189,1
TOI_4860,TOI-4860,80.1423,183.564,-13.1748,M3.5 V,3260,0.358,0.34,-1.83565,1
HD_194490,HD 194490,80.2349,306.998,-51.6645,,5861.32,1.14911,1.06,0.1474,1
LTT_9779,LTT 9779,80.4373,358.669,-37.6282,G7 V,5443,0.949,1.02,-0.16749,1
TOI_238,TOI-238,80.5407,349.231,-18.6066,K2V,5059,0.733,0.79,-0.47083,2
TOI_4479,TOI-4479,80.6532,316.097,24.6537,M3.0,3400,0.451,0.452,-1.60432,1
HD_332231,HD 332231,80.6665,306.741,33.7444,F8,6128,1.266,1.1642,0.30792,1
TOI_5817,TOI-5817,80.7542,322.378,21.4745,G2 IV-V,5770,1.427,0.97,0.31175,1
K2_167,K2-167,80.8994,336.576,-18.0117,F7 V,6310,1.499,1.084,0.50651,1
TOI_1710,TOI-1710,81.2271,94.2838,76.211,G5 V,5775,0.93,1.02,-0.0655,1
HD_4203,HD 4203,81.3795,11.1722,20.4484,G5,5582,1.49795,0.99,0.29285,2
HD_9174,HD 9174,81.4893,22.5043,-19.6053,G8 IV,5577,1.67,1.03,0.38202,1
TOI_2345,TOI-2345,81.6541,43.8848,-34.978,K,4687,0.729,0.727,-0.63639,2
HIP_75092,HIP 75092,81.6696,230.172,-25.9911,K0 III,4891,4.53,1.28,1.01995,1
HAT_P_22,HAT-P-22,81.7647,155.681,50.1287,G5 V,5302,1.11,1.13,-0.114,1
TOI_2453,TOI-2453,81.9043,74.8375,12.9364,,3720.23,0.502498,0.500519,-1.41349,1
TOI_1062,TOI-1062,82.1733,38.121,-78.0237,G9 V,5328,0.84,0.94,-0.27446,2
HD_93963_A,HD 93963 A,82.3432,162.777,25.6411,G0 V,5908,1.0311,1.0844,0.06781,2
HIP_10090,HIP 10090,82.3937,32.4351,-30.7471,K0,5661,1.38268,0.94,0.20641,2
HD_135872,HD 135872,82.4251,229.421,-5.20247,,4992,3.93038,1.646,0.937,1
K2_384,K2-384,82.6603,20.4998,0.75097,M4 V,3623,0.348,0.33,-1.86986,5
TOI_283,TOI-283,82.7013,118.569,-65.4415,K,5213,0.85,0.8,-0.33724,1
TOI_2093,TOI-2093,82.7982,302.738,70.8697,K5 V,4426,0.729,0.745,-0.73565,2
HIP_54515,HIP 54515,82.8101,167.307,-1.33328,A5 V,8100,1.64915,1.9,1.02101,1
TOI_5076,TOI-5076,82.857,50.5104,17.2392,K2 V,4780,0.844,0.789,-0.47366,1
HD_126105,HD 126105,82.8811,216.002,-19.8011,K1 III,4875,4.21,1.2,0.95424,1
75_Cet,75 Cet,82.9613,38.0392,-1.03503,G3 III,4809,10.38,1.92,1.7145,2
K2_9,K2-9,82.9631,176.264,0.0054085,M2.5 V,3390,0.31,0.3,-1.92082,1
HD_211403,HD 211403,83.0919,333.816,58.2756,F7 V,6273,1.206,1.2,0.36406,1
TOI_682,TOI-682,83.1548,167.885,-22.0728,,5085,1.08,0.85,-0.14982,1
HD_73534,HD 73534,83.3321,129.815,12.96,G5,4917,2.58,1.16,0.522,1
K2_21,K2-21,83.6448,340.304,-14.4893,M0.0,4222.06,0.646783,0.676023,-0.98492,2
TOI_5803,TOI-5803,84.0126,327.249,6.27818,,5134,0.7625,0.87,-0.43899,1
HD_47366,HD 47366,84.3552,99.42,-12.9857,K1 III,4866,7.3,1.81,1.41664,2
BD_10_3166,BD-10 3166,84.4069,164.619,-10.7704,K0 V,5393,0.91,1.47,-0.1912,1
TOI_1136,TOI-1136,84.5362,192.185,64.8553,,5770,0.968,1.022,-0.02687,6
HD_127195,HD 127195,84.7167,217.871,-47.7293,,4981,4.16,1.34,0.98272,2
omi_CrB,omi CrB,84.7883,230.035,29.616,K0 III,4769,11.87,1.3,1.82197,1
HD_96167,HD 96167,85.3006,166.313,-10.2913,G5,5733,1.94,1.27,0.57,1
K2_406,K2-406,85.3751,230.887,-25.3706,G4,5784,0.961,0.798,-0.05965,1
HD_80869,HD 80869,85.3951,140.791,33.9048,G5,5837,1.062,1.06,0.39977,1
HD_75784,HD 75784,85.4321,133.099,13.2331,G5,4867,3.4,1.26,0.756,2
HD_43691,HD 43691,85.6009,94.8946,41.0921,G0,6093,1.6,1.32,0.5,1
HD_2039,HD 2039,85.6922,6.08511,-56.65,G2/G3 IV/V,5945,1.19,1.23,0.1939,1
HD_81688,HD 81688,85.7183,142.167,45.6009,K0 III-IV,4797,11.13,1.07,1.78032,1
TOI_561,TOI-561,85.799,148.185,6.2161,G9 V,5342,0.843,0.806,-0.28233,4
TOI_1443,TOI-1443,85.8034,297.399,76.1392,,5224,0.7511,0.7663,-0.42022,1
TOI_6699,TOI-6699,85.8463,317.07,-63.2505,,4705.1,0.75309,0.75,-0.59732,1
K2_89,K2-89,86.0386,57.0671,20.4595,,3691,0.318,0.347,-1.32653,1
TOI_756,TOI-756,86.1759,192.104,-45.4705,M1 V,3657,0.505,0.505,-1.38722,2
HD_95086,HD 95086,86.2279,164.262,-68.6673,A8 III,7595,1.48667,1.6,0.82124,1
TOI_4641,TOI-4641,86.3501,42.5582,25.3335,,6560,1.72,1.41,0.69461,1
TOI_5205,TOI-5205,86.4493,313.771,24.361,M4.0,3430,0.394,0.392,-1.7122,1
TOI_1466,TOI-1466,86.5783,307.397,61.5507,,4435.39,0.749646,0.66,-0.80218,1
HD_205158,HD 205158,86.6159,323.919,-59.6933,,6133.55,1.87741,1.16,0.65266,1
TOI_1756,TOI-1756,86.7159,306.329,77.6364,,3891.86,0.562607,0.556454,-1.24599,1
WASP_43,WASP-43,86.7467,154.908,-9.80644,K7 V,4400,0.6,0.58,-0.82509,1
WASP_29,WASP-29,87.5953,357.879,-39.9071,,4800,0.79,0.77,-0.52509,1
HD_115954,HD 115954,87.6437,199.985,38.3691,G0 V,5957,1.213,1.18,0.4809,1
HD_95544,HD 95544,87.8049,166.323,81.039,G0,5722,1.088,1.01,0.47797,1
HD_152079,HD 152079,87.8888,253.373,-46.3334,G6 V,5907,1.128,1.147,0.10721,1
HIP_111909,HIP 111909,88.077,340.03,-49.5985,K1 III,4891,4.53,1.28,1.02,2
TOI_1054,TOI-1054,88.4343,302.114,-54.3175,,6122,1.17,1.14,0.23193,1
Kepler_408,Kepler-408,88.7832,284.786,48.4233,,6104,1.23,1.08,0.28298,1
HD_1605,HD 1605,88.8047,5.13175,30.9751,K1 IV,4915,3.49,1.33,0.81,2
TOI_1736,TOI-1736,88.9482,43.4345,69.1013,,5636,1.4286,1.0373,0.27068,2
bet_Cnc,bet Cnc,89.0472,124.129,9.18533,K4 III,4092.1,47.2,1.7,2.9,1
HD_59686_A,HD 59686 A,89.2721,112.952,17.0857,K2 III,4658,13.2,1.9,1.82166,1
TOI_5704,TOI-5704,89.637,169.825,44.9891,,4590,0.7575,0.73,-0.63927,1
TOI_5486,TOI-5486,89.6811,190.55,3.7886,,3750.17,0.553216,0.548138,-1.30844,1
HD_33283,HD 33283,89.8623,77.0045,-26.7977,G3/G5 V,5935,1.97,1.38,0.64,1
WASP_8,WASP-8,89.9606,359.901,-35.0313,G8 V,5690,0.96,1.04,-0.05754,2
K2_291,K2-291,90.0562,76.4459,21.5482,,5520,0.899,0.934,-0.16622,1
TIC_46432937,TIC 46432937,90.5369,83.869,-14.5972,,3572,0.5299,0.563,-1.3851,1
HD_48265,HD 48265,90.5446,100.007,-48.5418,G5 IV/V,5733,1.901,1.312,0.58433,2
K2_147,K2-147,90.5494,293.833,-28.4985,,3690,0.578,0.563,-1.25181,1
TOI_220,TOI-220,90.7402,91.7997,-61.9972,K0 V,5298,0.858,0.825,-0.26668,1
TOI_1301,TOI-1301,90.8693,275.863,71.5817,,4820,0.732,0.77,-0.59857,1
TOI_5532,TOI-5532,90.9985,41.3804,5.15073,,4208.45,0.662052,0.636083,-1.00617,1
HD_222076,HD 222076,91.1538,354.532,-70.9032,K0 III,4806,4.1,1.07,0.92942,1
WASP_145_A,WASP-145 A,91.299,322.254,-58.8361,K2 V,4900,0.68,0.76,-0.68352,1
HD_38801,HD 38801,91.4349,86.9963,-8.32803,K0,5338,2.029,1.207,0.65896,1
K2_354,K2-354,91.722,129.13,10.1472,,3669,0.41,0.43,-1.6137,1
TIC_139702105,TIC 139702105,91.7884,66.498,-18.2145,,5742.35,1.25423,0.9,0.03698,1
TOI_1451,TOI-1451,91.9362,186.524,61.2589,,5801,1.0162,1.0022,0.02449,1
Kepler_1649,Kepler-1649,92.1913,292.503,41.83,,3240,0.2317,0.1977,-2.28735,2
HD_118203,HD 118203,92.2589,203.51,53.7282,K0 IV,5742,2.04,1.27,0.6458,2
TOI_5736,TOI-5736,92.3604,213.758,49.5009,,3949,0.58,0.57,-1.1332,1
HAT_P_17,HAT-P-17,92.3831,324.536,30.4882,K,5246,0.87,0.99,-0.28893,2
TOI_2407,TOI-2407,92.4366,49.7465,-46.458,,3530,0.567,0.548,-1.34872,1
HD_205739,HD 205739,92.5087,324.535,-31.7378,F7 V,6176,1.33,1.22,0.36,1
11_Com,11 Com,93.1846,185.179,17.7933,G8 III,4874,13.76,2.09,1.97823,1
HD_224693,HD 224693,93.5015,359.975,-22.428,G2 V,5894,1.93,1.31,0.61,1
TIC_393818343,TIC 393818343,93.7345,310.292,3.6383,G0,5756,1.086,1.082,0.06744,1
TOI_697,TOI-697,93.7714,69.7042,-36.6813,,5681.95,0.968149,0.97,-0.10598,1
HD_106270,HD 106270,93.808,183.405,-9.51356,G5 IV,5509,2.66,1.39,0.75587,1
HD_23127,HD 23127,93.8555,54.8491,-60.0772,G2 V,5843,1.49,1.208,0.45175,1
HIP_90988,HIP 90988,94.0349,278.389,-50.2117,K1 III,4883,3.94,1.613,0.88986,1
K2_417,K2-417,94.0424,350.142,-10.0366,M V,3861,0.5776,0.569,-1.20204,1
HD_219666,HD 219666,94.1719,349.559,-56.904,G5 V,5540,1.059,1.02,-0.0278,1
TYC_8998_760_1,TYC 8998-760-1,94.6177,201.3,-64.9392,K3 IV,4573,1.02,1,-0.34,2
TOI_1174,TOI-1174,94.6375,209.217,68.6182,,5030,0.76,0.85,-0.4034,1
HD_158038,HD 158038,94.8625,261.44,27.3031,K0,4860,4.5,1.3,1.07555,1
TOI_5605,TOI-5605,95.0735,150.538,50.1454,,4583.79,0.736044,0.68,-0.74768,1
TOI_763,TOI-763,95.1274,194.468,-39.7581,G,5450,0.897,0.917,-0.15377,2
TOI_4633,TOI-4633,95.2016,256.843,62.4755,G V,5800,1.05,1.1,0.31136,1
TOI_1782,TOI-1782,95.2649,213.079,74.4118,,4336,0.669,0.68,-0.84649,2
HD_114082,HD 114082,95.3906,197.317,-60.3084,F3 V,6610,1.482,1.28,0.57749,1
HD_221416,HD 221416,95.5483,353.033,-21.8012,K0 IV/V,5080,2.943,1.212,0.71181,1
Kepler_93,Kepler-93,95.9115,291.418,38.6723,,5669,0.919,0.911,-0.10565,2
24_Boo,24 Boo,95.9863,217.156,49.8446,G3 IV,4816,12.19,1.05,1.87691,1
TOI_181,TOI-181,96.2338,352.173,-34.4914,K,4994,0.745,0.822,-0.52578,1
Kepler_446,Kepler-446,96.339,282.25,44.921,M4,3359,0.24,0.22,-2.24766,3
KELT_24,KELT-24,96.5173,161.909,71.6557,F7,6426,1.338,1.268,0.43933,1
TOI_1758,TOI-1758,96.6215,354.742,75.6852,,5169,0.81,0.88,-0.37263,1
TOI_3493,TOI-3493,96.7224,205.799,-22.5854,G1/2 V,5844,1.228,1.023,0.19294,1
K2_85,K2-85,97.2179,59.4648,18.465,,4232,0.71,0.7,-0.81171,1
HD_142245,HD 142245,97.2305,238.234,15.4306,K0,4922,4.63,3.5,1.13033,1
HD_73526,HD 73526,97.2396,129.318,-41.3184,G6 V,5601,1.53,1.14,0.33788,2
TOI_5788,TOI-5788,97.614,287.425,31.7615,,5615,0.87,0.87,-0.14752,2
TOI_1772,TOI-1772,97.7562,156.838,34.3909,,5583,0.995,0.99,-0.06194,1
K2_394,K2-394,98.0152,71.11,16.5186,,4938,0.631,0.478,-0.85841,1
b_Cen_A,b Cen A,98.0935,220.49,-37.7936,B2.5 V,5772,1,5.5,0,1
HD_94834,HD 94834,98.1609,164.313,24.1429,K0,4798,4.2,1.11,0.99301,1
TOI_808,TOI-808,98.1848,133.749,-44.2886,,5078.2,0.833198,0.87,-0.35523,1
TOI_762_A,TOI-762 A,98.4458,166.075,-47.8215,,3266,0.425,0.442,-1.73283,1
TOI_4898,TOI-4898,98.5958,197.342,-32.8295,,4201.57,0.639344,0.619077,-1.10104,1
K2_137,K2-137,98.8765,186.87,-6.19522,M3 V,3697,0.29,0.463,-1.48388,1
K2_26,K2-26,99.0504,94.2064,24.5958,M1.0 V,3785,0.52,0.56,-1.3098,1
Kepler_504,Kepler-504,99.0688,284.922,45.9723,,3519,0.33,0.33,-1.57681,1
KELT_11,KELT-11,99.1596,161.707,-9.39936,G8/K0 IV,5375,2.69,1.44,0.74429,1
HD_77946,HD 77946,99.451,136.778,46.6724,F5,6007,1.3174,1.1973,0.30878,1
TOI_251,TOI-251,99.523,353.062,-37.2559,,5875,0.881,1.036,-0.0804,1
TOI_1749,TOI-1749,99.5561,282.737,64.4195,M0 V,3985,0.55,0.58,-1.15649,3
WASP_189,WASP-189,99.731,225.687,-3.03149,,8000,2.36,2.03,1.31471,1
K2_174,K2-174,99.9293,60.793,16.3472,,4455,0.676,0.7,-0.77269,1
TOI_1533,TOI-1533,100.051,355.247,57.4852,,5146,0.849,0.88,-0.34679,2
HD_104985,HD 104985,100.576,181.316,76.9053,G9 III,4738,11.12,1.22,1.76989,1
WASP_84,WASP-84,100.588,131.107,1.85989,K0,5280,0.768,0.853,-0.325,2
TOI_1227,TOI-1227,100.641,186.767,-72.4519,M4.5V-M5V,3072,0.56,0.17,-2.60033,1
TOI_1723,TOI-1723,100.727,116.797,68.4767,,5777,1.09,1.04,0.06446,1
HD_110014,HD 110014,100.758,189.811,-7.99567,K2 III,4445,20.9,2.17,2.30408,1
Qatar_6,Qatar-6,100.848,222.21,22.1526,K2 V,5052,0.722,0.822,-0.51428,1
2MASS_J11550485_7919108,2MASS J11550485-7919108,100.862,178.769,-79.3198,,3021,0.600455,0.58846,-1.56774,1
HD_154391,HD 154391,100.947,255.32,60.6489,K1 III,4909,8.56,2.07,1.58115,1
HD_112570,HD 112570,101.166,194.282,46.1766,K0 III,4750,9.85,1.15,1.6466,1
TOI_2260,TOI-2260,101.251,247.667,49.0468,G V,5534,0.94,0.99,-0.19851,1
81_Cet,81 Cet,101.26,39.4244,-3.39636,G5 III,4734,11.21,1.23,1.76027,1
K2_222,K2-222,101.321,16.4625,11.7537,G0,5942,1.072,0.94,0.1271,1
HD_214823,HD 214823,101.368,340.083,31.7875,G0,6215,2.04,1.115,0.63849,1
DMPP_7,DMPP-7,101.386,203.528,0.498813,G1 V,6096,1.49,1.23,0.44113,1
K2_117,K2-117,101.632,133.856,10.4692,M1.0 V,3778,0.51,0.54,-1.35655,2
HIP_8152,HIP 8152,101.694,26.2093,-18.4014,,5618,0.9603,0.9373,-0.0804,2
HIP_114933,HIP 114933,101.766,349.207,-21.2033,K0 III,4823,5.27,1.39,1.13988,1
TOI_5624,TOI-5624,101.913,180.844,49.2512,,5327,0.82,0.858,-0.31336,5
TOI_199,TOI-199,102.27,80.1059,-59.8954,G9 V,5255,0.82,0.936,-0.33819,2
HIP_97233,HIP 97233,102.275,296.422,-0.696879,K0/1 III,5020,5.34,1.81,1.204,1
K2_150,K2-150,102.483,18.3444,8.98743,M2.5 V,3499,0.436,0.457,-1.58503,1
TOI_1244,TOI-1244,102.551,256.28,69.5191,,4599,0.721,0.73,-0.62893,1
K2_229,K2-229,102.564,186.873,-6.72185,G9,5315,0.79,0.87,-0.38869,2
TOI_4513,TOI-4513,102.609,18.0905,13.7551,,5623.93,0.796628,0.979,-0.26312,1
TOI_883,TOI-883,102.637,103.369,-6.50783,,5713.15,1.01477,1.003,-0.02407,1
K2_126,K2-126,102.953,203.547,-13.577,,4339,0.65,0.69,-0.87762,1
TOI_1752,TOI-1752,103.021,253.461,60.7096,M1.0&plusmn0.5 V,3762,0.53,0.524,-1.29671,2
HD_106906,HD 106906,103.029,184.471,-55.9756,F5 V,6516,2.12351,1.5,0.75,1
HD_120084,HD 120084,103.044,205.662,78.0646,G7 III,4879,10.37,2.16,1.73783,1
TOI_1437,TOI-1437,103.297,256.139,56.8425,,6008,1.17,1.1,0.28466,1
HD_79181,HD 79181,103.335,137.994,-19.7474,G8 III,4862,11.06,1.28,1.78965,1
Kepler_1319,Kepler-1319,103.917,290.956,49.3668,,3655,0.54,0.56,-1.45739,1
HD_86081,HD 86081,103.936,149.024,-3.80835,F8,5939,1.46,1.21,0.38,1
TOI_1716,TOI-1716,104.158,105.083,56.8242,,5879,1.24,1.07,0.21525,1
HD_180902,HD 180902,104.577,289.824,-23.5582,K0 III/IV,4961,4.16,1.41,0.97313,1
HD_219139,HD 219139,104.935,348.36,11.065,G5 III,4831,11.22,1.46,1.79463,1
HD_110082,HD 110082,105.096,192.589,-88.1211,F8 V,6200,1.19,1.21,0.28103,1
HD_132563,HD 132563,105.155,224.589,44.0429,F8,6289,1.29577,1.231,0.37408,1
WASP_77_A,WASP-77 A,105.166,37.1555,-7.06067,G8 V,5617,0.91,0.903,-0.12901,1
HD_136418,HD 136418,105.168,229.776,41.7324,G5,4989,3.78,1.48,0.83251,1
HIP_107773,HIP 107773,105.18,327.501,-64.7127,K1 III,4945,11.6,2.42,1.87,1
HD_224018,HD 224018,105.48,358.639,-4.72334,G V,5784,1.147,1.013,0.12385,3
K2_346,K2-346,105.58,125.986,22.6632,,4801,0.7,0.71,-0.66264,1
HD_33844,HD 33844,105.779,78.1506,-14.951,K0 III,4861,5.39,1.84,1.17,2
HIP_41378,HIP 41378,106.289,126.616,10.0804,F6,6290,1.3,1.22,0.39646,6
HD_110113,HD 110113,106.307,190.037,-44.3121,G,5732,0.968,0.997,-0.03235,2
TOI_1279,TOI-1279,107.055,185.063,56.2014,,5457,0.8426,0.8784,-0.24336,1
TOI_2545,TOI-2545,107.118,135.546,-3.42082,,5846.29,1.25324,1.055,0.21828,1
HD_161178,HD 161178,107.188,264.287,72.4559,G9 III,4786,10.95,1.06,1.75097,1
HD_167768,HD 167768,107.214,274.221,-3.00858,G8 III,4851,9.7,1.08,1.66932,1
K2_284,K2-284,107.272,79.1408,20.2549,,4140,0.607,0.63,-1.01323,1
K2_199,K2-199,107.518,208.901,-6.13608,,4491,0.682,0.711,-0.73283,2
Kepler_102,Kepler-102,107.796,281.482,47.2078,,4909,0.724,0.803,-0.58436,5
HD_152843,HD 152843,107.898,253.785,20.4915,G0,6310,1.43,1.15,0.44992,2
V1298_Tau,V1298 Tau,108.199,61.3317,20.157,K1,4970,1.32,1.1,-0.02045,4
K2_152,K2-152,108.449,181.632,-5.82743,M0.0 V,4044,0.61,0.63,-1.06048,1
GSC_06214_00210,GSC 06214-00210,108.5,245.478,-20.7193,K7,4200,0.90484,0.9,-0.42,1
Kepler_21,Kepler-21,108.522,287.362,38.7141,F6 IV,6305,1.902,1.408,0.715,1
K2_320,K2-320,108.74,163.252,5.30648,,3157,0.3,0.117,-2.12527,1
TOI_5726,TOI-5726,108.848,123.395,68.5746,,5874,1.106,1.06,0.11832,1
HIP_65426,HIP 65426,108.875,201.15,-51.5045,A2 V,8840,1.77,1.96,1.26895,1
HD_231701,HD 231701,108.877,293.018,16.4744,F8 V,6101,1.53,1.21,0.47,1
TOI_3984_A,TOI-3984 A,108.883,226.337,36.787,M4+/-0.5,3476,0.47,0.49,-1.57408,1
TOI_4308,TOI-4308,108.932,327.753,-43.5624,,5243,0.7934,0.9,-0.36795,1
HD_147873,HD 147873,109.055,246.438,-33.5672,G1 V,5972,2.29,1.38,0.77743,2
TOI_2010,TOI-2010,109.19,292.167,53.4874,F0,5929,1.079,1.112,0.11361,1
K2_212,K2-212,109.218,18.4241,3.09707,,4349,0.678,0.622,-0.90958,1
K2_242,K2-242,109.237,179.836,-6.51785,,3459,0.37,0.38,-1.808,1
Kepler_560,Kepler-560,109.308,300.207,45.0182,,3556,0.33,0.34,-1.717,1
HD_106315,HD 106315,109.353,183.472,-0.393436,F5 V,6327,1.296,1.091,0.39454,2
DMPP_9,DMPP-9,109.539,316.306,-66.9582,,6092,1.26,1.1,0.32741,1
TOI_1268,TOI-1268,109.557,198.389,62.3054,K1-K2,5300,0.92,0.96,-0.28785,1
HD_100546,HD 100546,109.677,173.356,-70.1948,B9 Vne,10500,1.85288,2.4,1.5,1
K2_36,K2-36,109.749,169.449,3.8665,K2 V,4916,0.718,0.79,-0.57,2
HD_80653,HD 80653,109.86,140.339,14.3679,G0 V,5959,1.199,1.15,0.21165,2
EPIC_206215704,EPIC 206215704,109.888,335.095,-9.50971,,3297,0.25,0.407,-2.08843,1
TOI_5628_A,TOI-5628 A,110.03,185.728,18.8367,M3.0&plusmn1.0,3310,0.35,0.36,-1.88,1
HD_2952,HD 2952,110.103,8.29384,54.8948,K0 III,4853,10.9,1.91,1.76782,1
TOI_1438,TOI-1438,110.513,280.924,74.9378,K0 V,5230,0.82,0.876,-0.34679,2
K2_31,K2-31,110.527,245.441,-23.5483,G7 V,5280,0.78,0.91,-0.11028,1
K2_88,K2-88,110.561,54.7515,19.12,,3537,0.256,0.258,-1.54478,1
K2_198,K2-198,110.567,198.844,-6.46499,,5212.9,0.757,0.799,-0.40084,3
TOI_4662,TOI-4662,111.047,57.516,-31.094,,4520.41,0.69375,0.703,-0.7574,1
TOI_125,TOI-125,111.059,23.5934,-66.6763,K0 V,5320,0.848,0.859,-0.28483,3
HD_99283,HD 99283,111.093,171.487,55.8507,K0 III,4886,11.21,1.76,1.80963,1
HD_212771,HD 212771,111.155,336.762,-17.2641,G8 IV,5003,5.27,1.56,1.18752,1
TOI_1669,TOI-1669,111.276,45.9565,83.5874,,5497,1.0561,0.9867,-0.03574,2
TOI_1691,TOI-1691,111.445,272.404,86.8603,,5759,1,1.03,-0.03058,1
HD_360,HD 360,111.542,2.0729,-8.82426,G8 III,4770,10.86,1.69,1.74162,1
K2_325,K2-325,111.638,353.917,-7.68672,,3287,0.298,0.274,-2.04801,1
HD_171028,HD 171028,111.659,278.064,6.94568,G0,5671,2.47,1.53,0.73291,1
HD_139357,HD 139357,112.09,233.817,53.9222,K4 III,4700,11.47,2.69,1.82295,1
SR_12_AB,SR 12 AB,112.317,246.831,-24.6947,,3828.93,1.10308,1,-0.62778,1
K2_62,K2-62,112.467,334.365,-12.1875,,4455,0.696,0.67,-0.72658,2
K2_316,K2-316,112.486,233.625,-23.2595,,3436,0.379,0.408,-1.82964,2
tau_Gem,tau Gem,112.537,107.785,30.245,K2 III,4388,26.8,2.3,2.51895,1
Kepler_1308,Kepler-1308,112.705,285.929,38.5207,,3468,0.34,0.35,-1.50254,1
TOI_3714,TOI-3714,112.71,69.5523,39.458,M2,3660,0.51,0.53,-1.40671,1
TOI_2458,TOI-2458,112.958,79.6215,1.25344,F9-F9.5,6005,1.31,1.05,0.34128,2
Kepler_1869,Kepler-1869,113.025,292.615,42.7643,,5808,0.902,0.987,-0.05012,2
TOI_3082,TOI-3082,113.048,195.908,-19.219,,4263,0.6847,0.664,-0.86121,1
PDS_70,PDS 70,113.064,212.042,-41.398,K7,4109,1.26,0.982,-0.45593,2
K2_277,K2-277,113.123,202.016,-15.938,,5680,0.973,0.974,-0.05061,1
TOI_1798,TOI-1798,113.181,211.094,46.5193,,5165,0.78,0.87,-0.41567,2
TOI_1751,TOI-1751,113.335,243.489,63.5335,,5970,1.3137,0.9382,0.29732,1
TOI_209,TOI-209,113.387,19.3942,-66.9031,,4806.66,0.742779,0.81,-0.53714,1
TOI_426,TOI-426,113.59,79.1022,-15.5102,G2 V,5750,0.99,1,-0.022,2
HD_169142,HD 169142,113.6,276.124,-29.7805,,7246,1.53702,1.85,0.76845,1
HD_98219,HD 98219,113.704,169.448,-23.9755,K0 III/IV,4925,4.6,1.41,1.04922,1
TOI_201,TOI-201,113.825,87.4018,-54.9104,F,6423,1.31,1.32,0.41664,3
TOI_5938,TOI-5938,114.035,303.909,28.6592,,4650,0.712,0.744,-0.70991,1
TOI_1135,TOI-1135,114.048,193.396,85.1295,G0,6320,1.202,1.119,0.31806,1
HD_111591,HD 111591,114.166,192.573,22.8631,K0 III,4884,8.03,1.94,1.58058,1
WASP_166,WASP-166,114.173,144.875,-20.9824,F9 V,6050,1.22,1.19,0.2826,1
TOI_5777,TOI-5777,114.277,141.002,82.8587,,4408.03,0.671912,0.658,-0.89438,1
K2_292,K2-292,114.293,205.376,-9.94607,G3 V,5725,1.09,1,0.09254,1
TOI_1744,TOI-1744,114.39,294.291,60.8813,,6179,1.14,1.18,0.23178,1
TOI_929,TOI-929,114.421,45.9072,-39.9308,,4457.16,0.717414,0.7,-0.73994,1
TOI_261,TOI-261,114.495,15.2181,-24.424,,5890.3,1.31383,1.069,0.24978,2
TOI_2084,TOI-2084,114.549,259.255,72.747,M2+/-0.5,3551,0.475,0.453,-1.49214,1
TIC_390586021,TIC 390586021,114.558,199.823,-31.4655,,4434.81,0.726565,0.648,-0.85517,1
K2_128,K2-128,114.637,204.438,-8.59709,,4469.51,0.777569,0.711248,-0.82159,1
HD_25723,HD 25723,114.816,61.0947,-12.7922,K1 III,4766,13.76,2.12,1.94443,1
TOI_1288,TOI-1288,114.865,313.167,65.6088,G V,5388,0.9583,0.9552,-0.1549,2
TIC_18942729,TIC 18942729,115.169,119.215,16.6772,,4360.11,0.825257,0.652,-0.73197,1
TOI_1883,TOI-1883,115.369,134.089,-12.9306,M,3554,0.506,0.495,-1.43063,1
TOI_1346,TOI-1346,115.45,256.623,68.8433,,5099,0.78,0.82,-0.47288,2
K2_216,K2-216,115.461,11.4802,6.34703,K5 V,4503,0.72,0.7,-0.72125,1
TOI_519,TOI-519,115.557,124.607,-19.6628,M V,3322,0.35,0.335,-1.85078,1
HD_144899,HD 144899,115.665,242.572,-47.9147,,6126,1.64802,1.16,0.53733,1
WASP_59,WASP-59,115.936,349.623,24.8893,K5 V,4650,0.613,0.719,-0.79407,1
HIP_67537,HIP 67537,116.046,207.581,-39.9009,K1 III,4985,8.69,2.316,1.61669,1
TOI_1839,TOI-1839,116.086,196.833,5.85205,G9 V,5347,0.89,0.86,-0.264,2
HD_113996,HD 113996,116.334,196.795,27.6244,K5 III,4181,25.11,1.49,2.46389,1
K2_110,K2-110,116.474,207.35,-12.2849,K3 V,5010,0.713,0.738,-0.56708,1
HD_10975,HD 10975,116.506,27.1628,37.9528,K0 III,4840,11.16,1.41,1.78986,1
TOI_2048,TOI-2048,116.567,237.924,52.3063,G V,5185,0.79,0.83,-0.38722,1
HD_40956,HD 40956,116.593,91.6628,63.4539,K0,4869,8.56,2,1.66436,1
TOI_2180,TOI-2180,116.685,277.944,56.6507,G5,5695,1.636,1.111,0.40552,1
2MASS_J03590986_2009361,2MASS J03590986+2009361,117.435,59.7911,20.16,,2943,0.289776,0.264996,-2.24602,1
WASP_140,WASP-140,117.598,60.3855,-20.451,K0,5300,0.87,0.9,-0.29437,1
HD_284149_A,HD 284149 A,117.807,61.6617,20.303,,6035,1.36,1.13,0.34242,1
HD_1666,HD 1666,117.908,5.21804,-19.9315,F7 V,6317,1.93,1.5,0.73,1
TOI_6034,TOI-6034,117.992,317.9,68.4021,,3635,0.489,0.514,-1.4034,1
K2_130,K2-130,118.011,290.271,-19.6909,,4356.47,0.744261,0.69563,-0.79892,1
TOI_1259_A,TOI-1259 A,118.106,282.1,79.2565,,4775,0.715,0.746,-0.58996,1
K2_323,K2-323,118.318,159.421,6.28587,,3710,0.549,0.478,-1.3393,1
BEBOP_3,BEBOP-3,119.052,110.903,79.1324,,6033,1.414,1.083,0.38321,1
HD_14787,HD 14787,119.137,35.8085,10.8368,G5,4946,5.01,1.43,1.11506,1
TOI_5806,TOI-5806,119.199,329.102,20.678,F3 V,6730,1.387,1.333,0.54986,1
TOI_1803,TOI-1803,119.24,178.046,35.1718,,4687,0.715,0.756,-0.65365,2
K2_416,K2-416,120.311,349.221,-5.2015,M V,3746,0.554,0.548,-1.27003,1
HD_181342,HD 181342,120.391,290.267,-23.6197,K0 III,4945,4.71,1.69,1.17,1
2MASS_J04414489_2301513,2MASS J04414489+2301513,120.424,70.4371,23.0309,M8.5,2936,0.231916,0.019,-2.44363,1
NGTS_34,NGTS-34,120.475,162.5,-44.5479,F8 V,6134,1.367,1.266,0.37658,1
TOI_4465,TOI-4465,121.139,276.134,15.8419,G V,5545,1.014,0.93,-0.07267,1
TIC_260969020,TIC 260969020,121.222,74.9407,-79.5859,,4572.94,0.68988,0.75,-0.68492,1
HD_125136,HD 125136,121.257,215.37,-72.3175,,4959,5.39,1.55,1.19866,1
HD_33142,HD 33142,121.375,76.8981,-13.9863,K0 III,5025.4,4.17,1.52,1.00043,3
TAP_26,TAP 26,121.402,64.7154,17.3879,,4620,1.17,1.04,-0.25,1
HD_5319,HD 5319,121.405,13.7558,0.789342,G5,4871,4.06,1.27,0.908,2
K2_404,K2-404,121.63,160.325,12.1911,M1,3748,0.552,0.552,-1.23901,1
TOI_4511,TOI-4511,121.832,49.3053,15.5017,,5418.77,1.00145,1.017,-0.01811,1
TOI_1472,TOI-1472,121.84,14.1143,48.6375,,5100,0.84,0.87,-0.35556,2
HD_102956,HD 102956,121.89,177.844,57.6407,G5,4985,4.55,1.66,1.06446,1
WASP_33,WASP-33,121.944,36.7127,37.5504,A,7430,1.444,1.495,0.81944,1
EPIC_229004835,EPIC 229004835,121.971,186.486,-1.40472,,5868,0.999,0.97,0.02989,1
WASP_156,WASP-156,122.066,32.7821,2.41819,K3 V,5036,0.8268,0.8712,-0.41794,1
HD_32518,HD 32518,122.115,77.4038,69.6391,K1 III,4580,10.22,1.13,1.66577,1
HIP_56640,HIP 56640,122.324,174.201,-37.0391,K1 III,4769,4.93,1.75,1.05,1
HD_180314,HD 180314,122.362,288.709,31.8604,K0,4917,9.2,2.6,1.64345,1
TIC_88785435,TIC 88785435,122.386,224.284,-30.88,K7 V,3998,0.911,0.724,-0.69596,1
TOI_1659,TOI-1659,122.494,277.925,82.3059,,5977,1.006,1.1,0.06555,1
HD_47536,HD 47536,122.536,99.449,-32.3395,K1 III,4380,23.47,2.1,2.24845,1
Kepler_96,Kepler-96,122.881,297.07,40.5252,,5690,1.02,1,-0.05231,1
WASP_132,WASP-132,122.91,217.609,-46.1595,K4 V,4686,0.758,0.789,-0.57512,3
K2_332,K2-332,123.202,135.883,14.2505,,3315,0.28,0.27,-2.06542,1
HD_116029,HD 116029,123.245,200.165,24.6485,K0,4951,4.6,1.33,1.05308,2
TOI_622,TOI-622,123.297,125.305,-46.4843,F6 V,6400,1.415,1.313,0.47407,1
K2_322,K2-322,123.415,156.623,4.76402,,4141,0.602,0.63,-1.03905,1
K2_275,K2-275,123.438,132.17,20.455,,4841,0.69,0.77,-0.59332,2
WASP_18,WASP-18,123.483,24.3545,-45.6778,F6 IV-V,6432,1.319,1.294,0.42813,1
K2_149,K2-149,123.676,9.82175,7.27699,M1.0 V,3745,0.568,0.595,-1.3098,1
TOI_451,TOI-451,123.739,62.9664,-37.9397,G8 V,5490,0.85,0.93,-0.22915,3
HD_18015,HD 18015,123.801,43.3636,-8.84804,G6 IV,5603,3.13,1.49,0.9738,1
K2_125,K2-125,124.156,204.142,-14.9478,,3654.47,0.402049,0.494727,-1.64124,1
Kepler_78,Kepler-78,124.376,293.742,44.4483,G,5058,0.7475,0.779,-0.49785,1
K2_162,K2-162,124.433,186.038,-1.11148,,4842,0.69,0.75,-0.65691,1
K2_148,K2-148,124.458,14.5176,-0.193258,,4079,0.632,0.65,-0.99568,3
TOI_1694,TOI-1694,124.68,97.7487,66.3606,K2 V - K3 V,5005,0.812,0.828,-0.41908,2
WASP_11,WASP-11,124.73,47.3689,30.6734,K3 V,4800,0.89,1.42,0,1
17_Sco,17 Sco,124.953,243.462,-11.8378,K3 III,4157,25.92,1.22,2.25435,1
K2_17,K2-17,125.106,178.33,6.41232,K7,4320,0.66,0.71,-0.9966,1
11_UMi,11 UMi,125.321,229.275,71.8239,K4 III,4213,29.79,2.78,2.42951,1
TOI_1444,TOI-1444,125.463,305.475,70.9437,G,5460,0.9105,0.9513,-0.17587,1
K2_83,K2-83,125.529,59.9014,15.5588,,3910,0.424,0.484,-1.20362,2
TOI_7149,TOI-7149,126.126,244.738,19.1758,M4 V,3363,0.351,0.344,-1.91542,1
KELT_23_A,KELT-23 A,126.261,232.147,66.3587,G2 V,5899,0.996,0.944,0.03383,1
TOI_2295,TOI-2295,126.279,281.576,50.4925,,5730,1.459,1.168,0.31387,2
HD_72490,HD 72490,126.339,128.403,13.5507,G5,4934,4.96,1.21,1.09107,1
TOI_2088,TOI-2088,126.46,261.375,75.8823,,5081,0.8481,0.9027,-0.36151,1
HD_102888,HD 102888,126.484,177.655,-27.2779,G8 III,4990,8.6,2.42,1.61584,1
HD_82886,HD 82886,127.061,143.938,34.7806,G0,4953,5.26,2.53,1.14301,1
Kepler_445,Kepler-445,127.201,298.736,46.4991,M4,3157,0.21,0.18,-2.09994,3
HIP_67522,HIP 67522,127.28,207.526,-40.8359,G1 V,5675,1.38,1.22,0.24304,2
HATS_72,HATS-72,127.589,339.026,-17.0003,,4656.1,0.7214,0.7311,-0.65896,1
Kepler_1646,Kepler-1646,127.591,287.526,42.9129,,3299,0.26,0.24,-1.77984,1
HAT_P_2,HAT-P-2,127.774,245.151,41.048,F8,6380,1.39,1.33,0.53,2
TIC_206466666,TIC 206466666,127.837,56.7695,-52.3668,,4620.3,0.667193,0.76,-0.69846,1
TOI_1811,TOI-1811,128.23,188.922,27.2144,,4766,0.769,0.817,-0.56019,1
TOI_1899,TOI-1899,128.438,299.427,40.1433,M0,3926,0.607,0.632,-1.05685,1
2MASS_J04372171_2651014,2MASS J04372171+2651014,128.484,69.3406,26.8503,M V,3100,0.84,0.17,-1.16368,1
K2_154,K2-154,129.356,189.002,-2.66962,M0.0 V,4097,0.63,0.65,-1.01773,2
K2_228,K2-228,129.46,187.295,-6.8342,,4715,0.65,0.71,-0.84881,1
HD_175541,HD 175541,129.603,283.92,4.26493,G8 IV,5013,4.19,1.39,0.934,1
TOI_1052,TOI-1052,129.804,337.51,-75.6466,,6146,1.264,1.204,0.38373,2
HD_64121,HD 64121,129.966,117.365,-54.8126,G8/K0 III,5078,5.44,1.64,1.24797,1
TIC_198190129,TIC 198190129,130.035,246.332,60.3771,,4377.53,0.640675,0.638,-0.99152,1
TOI_3629,TOI-3629,130.091,359.793,39.3143,M1,3870,0.6,0.63,-1.12494,1
V830_Tau,V830 Tau,130.111,68.2918,24.5619,,4250,2,1,0.08,1
TOI_470,TOI-470,130.46,94.0099,-25.0314,G,5190,0.831,0.87,-0.35799,1
Kepler_568,Kepler-568,130.645,298.106,48.4016,,3768,0.53,0.55,-1.33039,1
K2_232,K2-232,130.72,73.7668,18.6543,F,6100,1.21,1.121,0.21643,2
TOI_5398,TOI-5398,130.855,161.88,36.3294,G V,6000,1.051,1.146,0.11725,2
TOI_5108,TOI-5108,130.919,166.27,11.2464,,5808,1.29,1.1,0.27505,1
TOI_707,TOI-707,130.959,98.7296,-67.5373,,5424,0.978,0.99,-0.10846,1
HD_30856,HD 30856,131.199,72.5745,-24.3689,K0 III,4895,4.4,1.17,0.99564,1
HD_131496,HD 131496,131.849,223.346,18.2353,K0,4846,4.44,1.34,0.99123,1
WASP_34,WASP-34,132.096,165.399,-23.8609,,5700,0.91,0.96,0.0393,1
HD_173416,HD 173416,132.184,280.901,36.5569,G8,4683,13.5,2,1.892,1
TOI_4495,TOI-4495,132.214,286.362,37.026,,6210,1.309,1.247,0.36656,2
TIC_153919886,TIC 153919886,132.33,171.844,68.181,,4137.16,0.591697,0.581261,-1.16922,1
HD_89345,HD 89345,132.345,154.671,10.1288,G5,5576,1.747,1.157,0.42488,1
TOI_1173,TOI-1173,132.353,197.683,70.768,G9,5350,0.934,0.911,-0.16877,1
TOI_6223,TOI-6223,133.122,355.951,33.0672,M0 V,3895,0.576,0.582,-1.12203,1
HD_87816,HD 87816,133.233,151.53,-52.1879,K0 III,4989,9,2.41,1.65514,2
FU_Tau,FU Tau,133.495,65.8975,25.0507,M7.25,2838,1,0.05,-0.69897,1
EPIC_201170410,EPIC 201170410,134,170.141,-4.807,,3648,0.282,0.287,-1.9,1
TOI_5630,TOI-5630,134.047,236.454,40.3749,,5385.64,0.933361,0.934,-0.1813,1
KELT_2_A,KELT-2 A,134.058,92.664,30.9571,F8,6327,1.93,1.54,0.6889,1
K2_90,K2-90,134.188,59.1527,22.4725,,4421.98,0.634754,0.704613,-0.95318,2
Kepler_974,Kepler-974,134.311,285.013,40.221,,3687,0.5,0.52,-1.35426,2
Kepler_1650,Kepler-1650,134.397,297.729,42.8667,,3410,0.334,0.326,-1.871,1
HAT_P_3,HAT-P-3,134.554,206.094,48.0286,K1,5185,0.87,1.06,-0.36,1
K2_165,K2-165,134.591,184.9,0.968327,,5185,0.803827,0.834847,-0.36982,3
TOI_2374,TOI-2374,134.655,319.498,-22.0498,,5002,0.711,0.802,-0.54516,1
DH_Tau,DH Tau,134.846,67.4232,26.5494,M0.5,4371,0.27,0.33,-0.21153,1
WISPIT_2,WISPIT 2,134.907,290.821,-7.68208,,4530,1.3,1.08,-0.17,2
TOI_4311,TOI-4311,134.988,41.6855,-31.1793,K,5063,0.8441,0.816,-0.37469,2
TOI_532,TOI-532,135.047,85.0801,11.5626,,3927,0.612,0.639,-1.09528,1
HD_145457,HD 145457,135.292,242.516,26.7429,K0,4757,9.9,1.9,1.65514,1
HD_10442,HD 10442,135.374,25.4715,2.70442,K0 IV,4912,1.97,1.01,0.31,1
TOI_5515,TOI-5515,135.459,139.616,16.99,,5483.65,0.835682,0.963,-0.24167,1
Oph_11,Oph 11,136.166,245.605,-24.0872,M9,2375,0.232692,0.016,-2.77,1
TIC_423703298,TIC 423703298,136.191,22.936,-17.0136,,4540.37,0.729825,0.691,-0.73914,1
WASP_38,WASP-38,136.24,243.96,10.0324,F8 V,6180,1.52,1.76,0.45294,1
HD_4313,HD 4313,136.308,11.4181,7.84505,G5,4943,5.14,1.63,1.14922,1
ITG_15_A,ITG 15 A,136.37,69.937,26.0312,,5772,1,1,0,1
TOI_1722,TOI-1722,136.419,114.345,61.1539,,5999.55,1.09414,1.162,0.18466,1
KELT_20,KELT-20,136.426,294.661,31.2192,A2 V,8720,1.565,1.76,1.1038,1
HD_143811_A,HD 143811 A,136.608,240.889,-30.1372,,6791,1.68398,1.32,0.64102,1
ROXs_12,ROXs 12,136.65,246.617,-25.4467,M0,3850,1.06627,0.87,-0.79013,1
K2_324,K2-324,136.667,157.622,6.86367,,3752,0.505,0.517,-1.33305,1
KELT_7,KELT-7,136.681,78.2956,33.318,F,6768,1.81,1.76,0.758,1
HIP_78530,HIP 78530,136.759,240.481,-21.9805,B9 V,10500,2.10876,2.5,1.3684,1
TOI_5595,TOI-5595,136.955,110.46,35.222,,4417.3,0.743344,0.645,-0.84376,1
HD_95089,HD 95089,136.957,164.699,1.72901,G8/K0 IV,4918,5.08,1.54,1.13033,2
HD_180053,HD 180053,137.043,288.401,34.9147,K0,5131,4.06,1.75,1.09897,1
HD_100655,HD 100655,137.178,173.765,20.4415,G9 III,4891,10.06,2.28,1.63347,1
WASP_95,WASP-95,137.544,337.458,-48.0031,G2,5830,1.23,1.46,0.17781,1
TOI_1272,TOI-1272,137.572,199.196,49.8611,K2 V - K3 V,4985,0.8,0.828,-0.46547,1
USco1621_A,USco1621 A,137.901,245.373,-25.4954,M2.5 V,3460,0.710071,0.36,-1.02,1
DMPP_2,DMPP-2,137.94,27.4077,-34.4591,F5 V,6500,1.78,1.41,0.1038,3
K2_53,K2-53,138.018,244.142,-20.4006,,5263,0.807,0.851,-0.5788,1
TOI_5344,TOI-5344,138.367,63.2662,20.9152,,3747,0.588,0.612,-1.21254,1
TOI_1221,TOI-1221,138.411,107.921,-65.5089,,5592,1.031,0.93,-0.01689,1
K2_265,K2-265,138.671,342.032,-14.4948,G8 V,5420,0.92,0.901,-0.18243,1
TOI_6330,TOI-6330,139.042,22.168,53.6861,,3539,0.49,0.531,-1.43168,1
1RXS_J160929_1_210524,1RXS J160929.1-210524,139.135,242.376,-21.0831,K7 V,4060,1.31316,0.85,-0.37,1
K2_33,K2-33,139.268,242.561,-19.3194,M3.3,3540,1.05,0.56,-0.82391,1
TOI_1408,TOI-1408,139.484,313.511,72.5806,F8 V,6117,1.53,1.312,0.47129,2
TOI_1249,TOI-1249,139.49,200.562,66.3085,,5497,0.9785,1.0062,-0.10127,1
HD_28109,HD 28109,139.611,65.2383,-68.1027,F8,6189,1.425,1.227,0.43297,3
HD_96063,HD 96063,140.065,166.185,-2.5133,G6 V,5020,4.75,1.37,1.1038,1
HATS_71,HATS-71,140.225,15.5519,-61.7561,M3 V,3405,0.4783,0.4861,-1.55988,1
K2_124,K2-124,140.385,133.641,23.133,,3570,0.388,0.39,-1.65919,1
ISO_Oph_96,ISO-Oph 96,140.563,246.769,-24.7167,K6-M1,3920,0.730795,0.41,-1.18009,1
USco1556_A,USco1556 A,140.635,239.104,-25.689,M3.0 V,3410,0.668108,0.33,-1.09,1
WASP_10,WASP-10,140.998,348.993,31.4628,K5 V,4675,0.698,0.75,-0.64029,1
HD_135344_A,HD 135344 A,141.595,228.954,-37.1489,A0 V,9540,1.5,2.32,1.22,1
K2_77,K2-77,141.731,55.2285,12.5724,,5160,0.792,0.847,-0.39686,1
TOI_677,TOI-677,141.812,144.119,-50.4631,F8,6295,1.28,1.181,0.31172,1
HAT_P_26,HAT-P-26,141.837,213.157,4.05942,K1,5079,0.87,1.12,-0.35928,1
WASP_85_A,WASP-85 A,141.887,175.908,6.56378,G5 V,6112,0.935,1.09,-0.07144,1
Kepler_1314,Kepler-1314,141.987,294.237,45.1968,,4188,0.59,0.6,-1.89109,1
HD_14067,HD 14067,142.024,34.2933,23.7677,G9 III,4815,12.4,2.4,1.898,1
TOI_837,TOI-837,142.488,157.037,-64.5052,F9/G0,5995,1.052,1.142,0.1271,1
HAT_P_12,HAT-P-12,142.751,209.389,43.4933,K4,4650,0.701,0.733,-0.678,1
TOI_669,TOI-669,142.867,158.901,-5.18137,,5597,0.9882,0.9245,-0.06248,1
K2_153,K2-153,143.125,183.809,2.02088,M3.0 V,3845,0.53,0.55,-1.36653,1
TOI_1230,TOI-1230,143.138,118.13,-83.8251,,5696,1.15281,1.14,0.21468,1
TOI_4492,TOI-4492,143.184,308.651,29.2381,G2 V,5711,1.222,1.067,0.15546,1
ROXs_42_B,ROXs 42 B,143.59,247.813,-24.5456,M0,3433,1.33658,1,-0.79156,1
HAT_P_54,HAT-P-54,143.651,99.898,25.4824,K7,4390,0.617,0.645,-0.9017,1
TOI_7265_B,TOI-7265 B,143.97,318.704,45.9259,M2 V,3503,0.497,0.521,-1.46852,1
USco_CTIO_108,USco CTIO 108,144.019,241.475,-18.3124,M7,2700,0.345365,0.06,-1.95,1
Kepler_68,Kepler-68,144.166,291.032,49.0402,,5847,1.2564,1.057,0.23106,4
K2_370,K2-370,144.202,67.8205,19.8317,G5 V,5662,0.945,0.962,-0.12703,1
HD_150010,HD 150010,144.49,247.867,72.6126,K2 III,4153,16.2,1.3,1.98227,1
TOI_2040,TOI-2040,144.717,352.275,71.5065,,5132,0.87,0.92,-0.22185,1
TOI_7155,TOI-7155,144.751,12.4454,79.2879,,4673.03,0.670748,0.755,-0.69716,1
2MASS_J16262785_2625152,2MASS J16262785-2625152,145.434,246.616,-26.421,M4.5,3252,1,1,0,1
K2_381,K2-381,145.701,288.027,-21.0076,,4473,0.675,0.754,-0.73923,3
HIP_79098_AB,HIP 79098 AB,145.798,242.182,-23.6855,B9 V,9193.75,1,3.75,0,1
HD_99706,HD 99706,146.6,172.126,43.9662,K0,4891,5.4,1.72,1.18752,2
TOI_1386,TOI-1386,146.858,334.504,54.319,G5V,5735,1.0235,1.0363,0.0103,2
K2_251,K2-251,147.03,190.689,-8.53598,,3717,0.49,0.52,-1.34211,1
HD_206610,HD 206610,147.192,325.854,-7.40825,K0 III,4842,6.12,1.55,1.27646,1
TOI_1347,TOI-1347,147.476,280.327,70.2901,,5464,0.83,0.913,-0.25964,2
Kepler_410_A,Kepler-410 A,147.527,283.151,45.1401,,6273,1.352,1.214,0.435,1
HIP_81208_C,HIP 81208 C,147.533,248.808,-35.7248,M,5772,1,0.135,0,1
K2_318,K2-318,147.866,232.446,-17.5575,,3851,0.552,0.561,-1.27696,1
HD_190984,HD 190984,148.187,302.878,-64.6203,F8 V,5988,1.53,0.91,0.43,1
TOI_530,TOI-530,148.762,103.413,12.8816,M0.5 V,3659,0.54,0.53,-1.3098,1
TOI_1431,TOI-1431,148.925,316.204,55.588,Am C,7690,1.92,1.9,1.06819,1
HD_13167,HD 13167,148.934,32.0576,-24.6956,G3 V,5671,2.39,1.35,0.96025,1
TOI_2447,TOI-2447,148.987,70.9976,-31.9066,,5730,1.006,1.034,0.04891,1
TIC_34085383,TIC 34085383,149.12,59.2354,-7.37572,,4694.84,0.809951,0.733,-0.56869,1
WASP_74,WASP-74,149.216,304.539,-1.076,F9,5990,1.42,0.98,0.39971,1
TOI_1775,TOI-1775,149.234,150.115,39.4578,,5284,0.8288,0.9218,-0.31605,1
K2_241,K2-241,149.464,181.239,-6.8053,,5262,0.75,0.71,-0.44608,1
TOI_1194,TOI-1194,149.667,167.821,69.9648,,5394,0.9608,0.9835,-0.1512,1
WASP_91,WASP-91,149.942,357.846,-70.1529,K3,4920,0.86,0.84,-0.3827,1
EPIC_228836835,EPIC 228836835,150.124,189.575,-5.24462,,3782,0.32,0.418179,-1.61153,1
K2_156,K2-156,150.21,182.7,-6.29436,,4460,0.62,0.66,-0.83803,1
HIP_65891,HIP 65891,150.292,202.605,-58.6644,K0 III,5000,8.93,2.5,1.65,1
HIP_77900,HIP 77900,150.862,238.625,-27.3387,,13646,1,1,0,1
WASP_97,WASP-97,151.068,24.6051,-55.772,G5,5640,1.08,1.18,0.07149,1
Kepler_1053,Kepler-1053,151.129,291.419,39.1274,,4529,0.69,0.74,-0.89512,1
GQ_Lup,GQ Lup,151.169,237.3,-35.6515,K7e V,4360,1.94153,0.7,-0.07239,1
XO_2_S,XO-2 S,151.398,117.031,50.2169,G8 V,5325,1.02,0.98,-0.12302,3
TOI_5160,TOI-5160,151.465,114.639,31.3945,,5622.14,1.03315,1.003,-0.00776,1
TIC_65612701,TIC 65612701,151.624,310.474,36.3388,,5692.29,1.73709,1.06,0.50623,1
TOI_6109,TOI-6109,151.738,50.1319,42.607,G3,5660,1.021,1.03,-0.05453,2
Kepler_1446,Kepler-1446,152.075,289.424,46.7261,,4865,0.75,0.81,-0.65135,1
Kepler_378,Kepler-378,152.094,294.949,46.4389,,4661,0.671,0.78,-0.65539,2
TOI_6303,TOI-6303,152.219,46.7807,40.1472,,3977,0.609,0.644,-1.08672,1
K2_131,K2-131,152.509,182.751,-9.76524,,5120,0.7595,0.803,-0.47906,1
TOI_942,TOI-942,152.601,76.6496,-20.2456,K2.5 V,4969,0.894,0.822,-0.35853,2
TOI_1478,TOI-1478,152.892,126.434,-13.5595,,5597,1.048,0.947,-0.01278,1
K2_71,K2-71,153.192,341.725,-9.88161,,4006,0.426,0.477,-1.51871,1
WASP_2,WASP-2,153.242,307.726,6.42933,K1,5180,0.866,0.895,-0.31336,1
HD_125390,HD 125390,153.647,214.539,38.9669,G7 III,4882,6.47,1.82,1.12354,1
Kepler_411,Kepler-411,153.676,287.606,49.5234,K2 V,4974,0.82,0.87,-0.57899,4
K2_139,K2-139,153.856,289.067,-17.9107,K0 V,5370,0.88,0.96,-0.29948,1
XO_2_N,XO-2 N,154.273,117.027,50.2251,G8 V,5290,0.998,0.96,-0.08823,1
TOI_3486,TOI-3486,154.715,249.443,-59.3051,,4930,0.788,0.837,-0.4828,1
TOI_4666,TOI-4666,154.749,56.2899,-39.0632,M2&plusmn;0.5,3793,0.585,0.576,-1.19518,1
K2_182,K2-182,154.83,130.18,10.983,,5128,0.789,0.823,-0.41117,1
K2_285,K2-285,154.961,349.384,1.30015,K2 V,4975,0.787,0.83,-0.42183,4
HIP_8541,HIP 8541,155.121,27.5272,-54.4652,K2 III/IV,4672,6.84,2.009,1.31,2
TOI_1422,TOI-1422,155.141,354.241,39.6393,G2 V,5840,1.019,0.9903,0.04766,2
HD_137496,HD 137496,155.317,231.742,-16.509,G,5799,1.59,1.04,0.36633,2
TOI_4405,TOI-4405,155.501,101.595,-75.4441,,4467.38,0.687025,0.68,-0.81302,1
TOI_1794,TOI-1794,155.791,203.397,49.0608,,5631,1.3162,0.9698,0.19728,1
Kepler_538,Kepler-538,155.956,297.487,49.6234,,5534,0.8717,0.892,-0.17887,1
Kepler_1712,Kepler-1712,156.264,284.999,50.1467,,3732,0.509,0.515,-1.17916,1
HIP_63242,HIP 63242,156.456,194.382,-65.6463,G8,4830,10.2757,1.54,1.63,1
TOI_5795,TOI-5795,156.53,304.869,-7.54766,G3 V,5715,1.082,0.901,0.05308,1
TOI_2449,TOI-2449,156.786,67.9844,-34.4555,G,6021,1.065,1.079,0.14808,1
K2_338,K2-338,156.951,124.361,17.0242,,4558,0.63,0.66,-0.83644,1
TOI_7333,TOI-7333,157.217,243.532,75.9166,,4586.87,0.666066,0.721,-0.75937,1
TOI_1768,TOI-1768,157.597,152.103,55.54,,5994,1.1,1.1,0.145,1
K2_32,K2-32,157.682,252.426,-19.5431,G9 V,5271,0.86,0.83,-0.29607,4
WASP_117,WASP-117,157.963,36.7758,-50.2844,F9,6040,1.22,1.29,0.27413,1
CI_Tau,CI Tau,157.998,68.4668,22.8416,K7,3807,1.88086,0.9,-0.25458,1
LkCa_15,LkCa 15,158.152,69.8242,22.3509,,4194,1.60711,1,-0.19164,2
K2_287,K2-287,158.335,233.074,-22.3583,,5695,1.07,1.056,-0.10829,1
TOI_799,TOI-799,158.526,98.4691,-52.4603,,5662.81,0.915519,1,-0.12179,1
XEST_17_036,XEST 17-036,158.618,68.3593,22.7581,M4,3551,1,0.26,0,1
TOI_905,TOI-905,158.649,227.659,-71.3616,,5570,0.918,0.968,-0.13668,1
WASP_99,WASP-99,158.66,39.8977,-50.0082,F8,6150,1.64,1.21,0.5433,1
HAT_P_1,HAT-P-1,158.979,344.445,38.6749,G0 V,5980,1.174,1.151,0.22463,1
IRAS_04125_2902,IRAS 04125+2902,159.244,63.9283,29.1665,,4080,1.45,0.7,-0.33161,1
EPIC_201238110,EPIC 201238110,159.259,179.706,-3.38946,,3587,0.374,0.41,-1.50834,1
WASP_127,WASP-127,159.507,160.559,-3.835,,5620,1.333,0.95,0.27574,1
K2_55,K2-55,159.522,333.752,-17.2508,,4300,0.715,0.688,-0.78432,1
MWC_758,MWC 758,159.537,82.6147,25.3324,A8Ve,7314,2.01446,1.5,1.01963,1
TrES_1,TrES-1,159.658,286.041,36.6325,K0 V,5230,0.85,1.04,-0.30071,1
Kepler_205,Kepler-205,159.72,285.287,41.8609,M1 V,4321,0.546,0.592,-0.95618,2
CoRoT_7,CoRoT-7,159.906,100.956,-1.06301,G9 V,5275,0.83,0.82,-0.28938,3
K2_330,K2-330,160.125,126.897,11.6674,,6232,1.5,1.23,0.47702,1
TOI_5126,TOI-5126,160.414,151.66,18.6341,F V,6150,1.241,1.24,0.29885,2
K2_190,K2-190,160.679,205.363,-13.1609,,5631,0.912206,0.904597,-0.06781,2
TOI_2518,TOI-2518,160.825,105.445,-34.9197,,5751.2,0.993374,1.11,0.06615,1
HD_22532,HD 22532,161.183,53.8148,-49.4173,G8 III/IV,5038,5.69,1.57,1.27416,1
EPIC_206032309,EPIC 206032309,161.365,341.24,-13.9011,,3489,0.37344,0.221,-1.73006,1
HAT_P_18,HAT-P-18,161.4,256.346,33.0123,K2,4870,0.717,0.77,-0.58537,1
HD_202772_A,HD 202772 A,161.498,319.7,-26.6164,,6442,2.554,1.721,1.00945,1
K2_123,K2-123,161.555,134.444,21.4533,,4035,0.59,0.62,-1.14267,1
K2_376,K2-376,161.61,132.719,25.0381,G1,5937,1.149,0.908,0.18908,1
TOI_778,TOI-778,161.743,199.334,-15.2737,F3 V,6643,1.71,1.4,0.76042,1
WASP_14,WASP-14,161.997,218.277,21.8947,,6475,1.4,1.62,0.42732,1
Kepler_1512,Kepler-1512,162,289.274,44.4704,,4372,0.67,0.73,-1.695,1
Kepler_1049,Kepler-1049,162.006,287.347,47.7729,,3864,0.49,0.51,-1.13956,1
AB_Aur,AB Aur,162.127,73.941,30.5511,,9770,2.95887,2.4,1.77085,1
TOI_5293_A,TOI-5293 A,162.229,355.829,-2.04509,M3+/-1,3586,0.52,0.54,-1.37414,1
TIC_161045582,TIC 161045582,162.246,223.626,49.0977,,5683.87,1.07976,1.04,0.07687,1
WASP_7,WASP-7,162.303,311.043,-39.2255,,6400,1.432,1.276,0.53682,1
K2_408,K2-408,162.306,227.917,-17.6843,G7,5335,0.784,0.813,-0.33037,1
K2_345,K2-345,162.408,132.708,21.789,,3779,0.52,0.56,-1.32045,1
TOI_1750,TOI-1750,162.46,240.302,68.9373,,4683.75,0.768675,0.767,-0.56157,1
K2_263,K2-263,162.481,129.682,15.6806,G9 V,5368,0.85,0.88,-0.25964,1
TOI_5300,TOI-5300,162.51,356.481,0.458798,K4 V,4610,0.65,0.67,-0.76195,1
8_UMi,8 UMi,162.552,224.202,74.9009,K0,4847,10.73,1.51,1.72346,1
HD_18742,HD 18742,162.685,45.0443,-20.8027,G8/K0 IV,4940,5.13,1.36,1.14301,1
WASP_41,WASP-41,163.371,190.619,-30.6398,,5545,0.87,0.93,-0.19512,2
XO_1,XO-1,163.553,240.549,28.1696,G1 V,5750,0.88,0.88,-0.08628,1
TOI_132,TOI-132,163.678,338.4,-43.4369,G8 V,5397,0.9,0.97,-0.22185,1
TOI_2969,TOI-2969,163.996,150.063,-47.4452,K3 V,4738,0.7,0.71,-0.58503,1
HD_108863,HD 108863,164.742,187.583,21.9481,K0,4878,5.74,1.59,1.22531,1
TOI_1853,TOI-1853,165.105,211.459,16.9924,K2.5 V,4985,0.808,0.837,-0.43227,1
HD_219415,HD 219415,165.184,348.724,56.7303,K0 III,4820,2.9,1,0.62,1
TOI_5678,TOI-5678,165.393,47.3842,-34.1985,G7 V,5485,0.938,0.905,-0.13069,1
TOI_2227,TOI-2227,165.441,337.518,-67.8501,,5889.54,1.20847,1.03,0.1619,1
TIC_38825265,TIC 38825265,165.638,68.2493,-65.204,,4375.52,0.664503,0.64,-0.94114,1
HD_152581,HD 152581,165.76,253.432,11.9737,K0,5027,5.14,1.3,1.17319,1
K2_203,K2-203,166.147,12.7737,-1.19588,,5026,0.765,0.793,-0.47237,1
K2_343,K2-343,166.169,134.202,21.5027,,3804,0.46,0.49,-1.43852,2
Kepler_296,Kepler-296,167,286.54,49.4373,M2 V,3740,0.48,0.498,-1.50864,5
HD_715,HD 715,167.253,2.89272,4.76721,F8 IV,6070,2.5,1.6,0.88081,1
TOI_1117,TOI-1117,167.598,273.602,-66.42,G5 V,5635,1.05,0.97,-0.4437,3
TOI_1670,TOI-1670,168.067,259.017,72.1612,F7 V,6170,1.316,1.21,0.40046,2
TOI_4638,TOI-4638,168.248,12.8207,12.788,,5700,0.895,1.02,-0.11858,1
K2_68,K2-68,168.652,334.02,-10.5674,,4746,0.675,0.73,-0.67323,1
TOI_1248,TOI-1248,168.735,259.024,63.1056,,5205,0.8686,0.9042,-0.30016,1
TIC_142589416,TIC 142589416,168.933,168.244,73.8301,,4396.27,0.713832,0.641,-0.88783,1
WASP_105,WASP-105,169.272,24.1679,-50.6593,K2,5070,0.9,0.89,-0.02427,1
HATS_6,HATS-6,169.318,88.1468,-19.0316,M1 V,3724,0.57,0.574,-1.09983,1
K2_121,K2-121,169.398,126.937,17.5793,,4526,0.675,0.71,-0.74531,1
TOI_1246,TOI-1246,169.422,251.116,70.43,K V,5213,0.8649,0.8889,-0.30103,4
Kepler_1731,Kepler-1731,169.948,291.254,36.7434,,4859,0.72,0.781,-0.59961,1
TOI_5811_B,TOI-5811 B,170.135,310.91,19.7292,K2 IV+,4840,3.73,1.08,0.8374,1
K2_24,K2-24,170.562,242.573,-24.9906,G9 V,5726,1.185,1.091,0.15836,2
MASCARA_4,MASCARA-4,170.696,147.58,-66.1139,A7 V,7800,1.79,1.75,1.08743,1
K2_159,K2-159,170.998,180.541,-3.58091,,5425,0.83,0.9,-0.29599,1
Kepler_220,Kepler-220,171.109,291.506,46.8956,,4632,0.666,0.729,-0.67594,4
TOI_6383_A,TOI-6383 A,171.319,60.4247,60.8914,M3,3444,0.457,0.458,-1.48678,1
TOI_1269,TOI-1269,172.138,249.697,64.5592,,5499,0.8521,0.9027,-0.21968,2
KOI_4777,KOI-4777,172.245,287.262,42.0322,,3515,0.4,0.41,-1.64043,1
WASP_130,WASP-130,172.256,203.106,-42.4753,G6,5625,0.96,1.04,-0.03215,1
TOI_4463_A,TOI-4463 A,173.117,279.358,18.73,,5640,1.062,1.056,0.01115,1
Kepler_617,Kepler-617,173.354,283.741,47.5161,M1 V,3712,0.48,0.51,-1.30507,1
Kepler_1313,Kepler-1313,174.234,292.389,42.2333,,5453,0.85,0.92,-0.3248,1
WASP_52,WASP-52,174.818,348.495,8.76108,K2 V,5000,0.79,0.87,-0.35366,1
Kepler_732,Kepler-732,174.826,283.732,45.9585,,3631,0.46,0.49,-1.375,2
K2_54,K2-54,174.955,338.054,-17.5441,,3990,0.643,0.615,-1.02228,1
WASP_62,WASP-62,175.631,87.1398,-63.9883,,6230,1.23,1.11,0.3456,1
TOI_2000,TOI-2000,175.713,146.397,-66.6866,,5611,1.134,1.082,0.05956,2
TOI_908,TOI-908,175.748,53.1594,-81.2507,G V,5626,1.028,0.95,-0.03953,1
K2_352,K2-352,176.051,140.445,18.4696,,5791,0.95,0.98,-0.06326,3
K2_317,K2-317,176.291,228.619,-21.0227,,3387,0.379,0.403,-1.87068,1
TOI_3693,TOI-3693,176.436,15.6544,51.3039,,5321,0.791,0.867,-0.3439,1
K2_210,K2-210,176.51,17.6413,1.57841,,5500,0.89,0.911717,-0.24869,1
TOI_2092,TOI-2092,176.759,212.547,45.5639,,5842.06,1.0519,0.956,-0.04981,1
WASP_177,WASP-177,176.818,334.797,-1.83443,K2,5017,0.885,0.876,-0.41167,1
TOI_1855,TOI-1855,176.833,205.354,17.6869,,5359,1.041,0.987,-0.09474,1
K2_367,K2-367,176.965,337.859,-13.2645,,4348,0.625,0.756,-0.85399,1
TOI_1273,TOI-1273,177.118,214.121,58.3903,,5690,1.06,1.06,0.02938,1
WASP_42,WASP-42,177.291,192.981,-42.0736,,5315,0.892,0.951,-0.36094,1
Kepler_398,Kepler-398,177.355,291.469,40.3437,,4493,0.613,0.649,-0.81101,3
TOI_4010,TOI-4010,177.504,20.2148,66.0722,K V,4960,0.83,0.88,-0.3996,4
Kepler_186,Kepler-186,177.594,298.653,43.955,M1,3788,0.472,0.478,-1.385,5
TOI_205,TOI-205,177.759,7.97546,-56.9651,,6302.74,1.45382,1.2,0.45558,1
TOI_216,TOI-216,177.945,73.98,-63.2603,,5026,0.748,0.77,-0.44159,2
TIC_178172313,TIC 178172313,178.137,43.4063,-32.077,,5405.59,0.84345,0.91,-0.29608,1
TIC_24750448,TIC 24750448,178.146,26.1959,-68.6448,,4545.43,0.713599,0.69,-0.7721,2
TOI_4507,TOI-4507,178.26,80.4514,-69.9882,F,6260,1.04,1.11,0.14922,1
K2_29,K2-29,178.475,62.6704,24.4017,G7 V,5358,0.86,0.94,-0.29533,1
TOI_628,TOI-628,178.68,99.2631,1.76755,,6250,1.345,1.311,0.39445,1
TOI_4561,TOI-4561,179.008,60.9619,-76.0215,,5537.93,0.851957,1,-0.18213,1
TOI_6038_A,TOI-6038 A,179.147,51.6573,40.8173,,6110,1.648,1.291,0.53275,1
TOI_481,TOI-481,179.366,110.513,-57.385,G,5735,1.66,1.14,0.43457,1
TOI_4409,TOI-4409,179.419,81.8187,-54.9461,K,4928,0.72,0.763,-0.56976,1
BD_20_594,BD+20 594,179.461,53.6511,20.599,G,5766,1.08,1.67,-0.05552,1
K2_95,K2-95,179.854,129.363,18.9766,M3.0,3566,0.4,0.41,-1.63451,1
K2_37,K2-37,179.943,243.451,-24.7871,G3 V,5352,0.809,0.84,-0.40798,3
Pr0201,Pr0201,180.64,130.432,20.2268,,6174,1.15,1.24,0.24469,1
K2_69,K2-69,180.697,335.76,-10.4887,,4127,0.491,0.551,-1.35611,1
TOI_6158,TOI-6158,180.96,333.894,16.2854,M2,3467,0.476,0.503,-1.51117,1
TOI_3757,TOI-3757,181.139,91.0036,55.02,M0 V,3913,0.62,0.64,-1.06048,1
Qatar_2,Qatar-2,181.374,207.655,-6.80407,,4645,0.776,0.743,-0.6832,1
TOI_5143,TOI-5143,181.38,165.365,5.13948,K V,5183,0.852,0.864,-0.28635,1
TOI_3896,TOI-3896,181.653,187.93,63.9085,,5110.91,0.747752,0.86,-0.45834,1
EPIC_211945201,EPIC 211945201,181.69,136.574,19.4021,G0,6069,1.39,1.17,0.37334,1
K2_58,K2-58,181.746,333.822,-14.0499,,5413,0.86,0.89,-0.39764,3
TOI_1873,TOI-1873,182.014,212.568,84.3719,,5597.99,0.971675,1.015,-0.04707,1
TIC_270471727,TIC 270471727,182.104,97.2114,-78.4731,,5271.39,0.997091,0.9,-0.17008,1
HD_12648,HD 12648,182.192,34.7481,85.7365,G5,4835,11.02,0.67,1.75277,1
K2_379,K2-379,182.207,283.032,-27.1807,,4603,0.751,0.856,-0.6327,1
TOI_4578,TOI-4578,182.249,184.211,75.1402,,5951.32,0.878735,1.077,-0.06918,1
MASCARA_1,MASCARA-1,182.273,317.552,10.7389,A8,7490,2.082,1.9,1.08279,1
K2_43,K2-43,182.536,169.117,-3.97544,,3840.6,0.542,0.571,-1.21241,2
Pr0211,Pr0211,182.714,130.548,19.277,,5300,0.827,0.935,-0.33603,2
K2_279,K2-279,182.983,204.779,-6.04176,,5558,0.86,0.79,-0.20451,1
NGTS_35,NGTS-35,183.078,170.276,-26.0666,K3.5 V,4717,0.753,0.789,-0.59688,1
Kepler_125,Kepler-125,183.365,298.258,47.605,M1 V,3810,0.512,0.542101,-1.3279,2
HD_97048,HD 97048,183.857,167.013,-77.6549,Be9.5/AO,10000,2.25,2.4,1.60206,1
TOI_1036,TOI-1036,184.015,157.867,-42.2404,,5664.68,1.17554,1.03,0.14017,1
HD_76920,HD 76920,184.031,133.82,-67.2654,K1 III,4664,8.33,1,1.46982,1
TOI_7009,TOI-7009,184.12,299.513,55.651,,4080,0.564,0.583,-0.88845,1
K2_200,K2-200,184.131,202.251,-4.61005,,5233,0.791736,0.860208,-0.4288,1
WASP_50,WASP-50,184.848,43.6881,-10.898,,5400,0.843,0.892,-0.19792,1
TOI_2537,TOI-2537,184.986,54.3883,10.0577,,4870,0.771,0.771,-0.52143,2
Kepler_10,Kepler-10,185.506,285.679,50.2415,,5708,1.065,0.91,0.05467,3
K2_369,K2-369,185.55,329.726,-10.8751,,5682,0.881,0.735,-0.12109,1
K2_264,K2-264,185.605,131.358,19.6984,M2.5 V,3660,0.473,0.496,-1.48149,2
Qatar_1,Qatar-1,185.615,303.382,65.1623,,5013,0.803,0.838,-0.43771,1
Kepler_1656,Kepler-1656,185.875,284.472,39.9119,,5569,1.1,1.03,0.02083,2
WASP_104,WASP-104,185.932,160.602,7.43508,G8,5475,0.963,1.076,-0.18964,1
K2_366,K2-366,185.947,243.68,-19.3469,,5601,0.94,0.825,-0.10862,1
EPIC_211822797,EPIC 211822797,186.197,130.41,17.64,M0,4057,0.58,0.62,-1.15304,1
TOI_6393,TOI-6393,186.229,141.244,68.7883,,5008.2,0.766023,0.835,-0.47332,1
TOI_5573,TOI-5573,186.562,136.426,55.3071,,3790,0.594,0.619,-1.15927,1
ZTF_J1230_2655,ZTF J1230-2655,186.69,187.569,-26.931,,10000,0.0123,0.646,-2.86,1
K2_365,K2-365,187.222,238.82,-21.027,,5561,1.051,0.823,-0.01377,1
K2_227,K2-227,187.234,190.948,-8.47842,,5673,0.890666,0.950811,-0.16664,1
Kepler_367,Kepler-367,188.027,297.293,49.9817,,4710,0.695,0.768,-0.61671,2
Kepler_994,Kepler-994,188.158,289.072,47.4069,,3934,0.54,0.56,-1.13919,1
K2_102,K2-102,188.175,130.056,19.7788,K5,4695,0.71,0.77,-0.65738,1
TOI_6080,TOI-6080,188.183,266.604,38.0787,,5775.46,1.06221,1.01,0.02451,1
K2_101,K2-101,188.33,130.344,18.9338,K3,4927,0.76,0.82,-0.59482,1
TOI_5349,TOI-5349,188.336,52.7126,20.8796,M1+/-0.5,3751,0.58,0.61,-1.20066,1
KELT_10,KELT-10,188.404,284.548,-47.0033,G0 V,5948,1.209,1.112,0.21748,1
HD_202696,HD 202696,188.546,319.225,27.2583,K0 III-IV,5040,6.43,1.91,1.36922,2
TIC_117642575,TIC 117642575,188.758,9.48007,-37.0663,,5719.98,1.08102,1.06,0.09455,1
K2_100,K2-100,188.959,129.601,20.106,G0 V,5945,1.24,1.15,0.24969,1
TOI_4201,TOI-4201,189.011,90.4747,-13.4614,M1.0+/-0.5,3794,0.63,0.61,-1.11919,1
TOI_7393,TOI-7393,189.038,227.36,55.9811,M0 V,3927,0.582,0.6,-1.10791,1
K2_104,K2-104,189.289,129.637,19.7737,M2.5e,3712,0.48,0.51,-1.43415,1
TIC_294329732,TIC 294329732,189.333,109.118,-58.2372,,5201.93,0.920172,0.89,-0.24856,1
WASP_67,WASP-67,189.469,295.744,-19.9497,,5200,0.88,0.91,-0.29441,1
Kepler_1939,Kepler-1939,189.833,285.69,40.9947,,4353,0.603,0.648,-0.80789,1
TIC_139270665,TIC 139270665,189.875,124.034,33.2915,G2,5844,1.016,1.035,0.03222,2
HD_28678,HD 28678,189.908,67.8561,4.57525,G8 IV,4972,6.48,1.53,1.35984,1
TOI_7394_B,TOI-7394 B,189.986,236.055,58.5528,M1 V,3717,0.609,0.624,-1.16749,1
TOI_6954,TOI-6954,190.042,168.324,-2.78776,,5170.87,0.947112,0.834,-0.28972,1
CHXR_73,CHXR 73,190.374,166.619,-77.6259,M3.5,3099,1,0.35,0,1
Kepler_249,Kepler-249,190.401,296.985,43.6586,M2 V,3568,0.482,0.510238,-1.49485,3
NGTS_11,NGTS-11,190.422,23.5214,-14.4191,K,5050,0.832,0.862,-0.39518,1
CT_Cha,CT Cha,190.72,166.038,-76.4554,K5e,4403,1.67969,1,-0.10177,1
K2_179,K2-179,190.81,58.7968,23.7568,,5015,0.768067,0.824345,-0.52287,1
HD_1502,HD 1502,190.953,4.82144,14.0547,K0,4947,4.67,1.46,1.06446,1
TOI_6564,TOI-6564,191.372,205.818,-56.1564,,5943,1.7,1.18,0.50581,1
TOI_2384,TOI-2384,191.51,36.1561,-65.0002,,3943,0.6113,0.635,-1.11907,1
K2_255,K2-255,191.608,189.913,-3.37056,,4676,0.69,0.71,-0.79022,1
TOI_1836,TOI-1836,191.649,245.908,54.6901,,6380,1.577,1.307,0.5682,2
Kepler_94,Kepler-94,191.904,281.195,47.4973,M0 V,4781,0.76,0.81,-0.61348,2
TOI_7189,TOI-7189,192.09,273.038,2.18826,M1 V,3775,0.591,0.612,-1.18709,1
HU_Aqr,HU Aqr,192.198,316.992,-5.29487,,5952,1,0.88,0,2
TOI_5786,TOI-5786,192.475,293.322,30.7042,,6235,1.36,1.23,0.39733,1
HAT_P_15,HAT-P-15,192.516,66.2481,39.4606,G5,5568,1.07,1,0.03019,1
K2_38,K2-38,192.69,240.033,-23.1894,G2 V,5731,1.06,1.03,0.03743,2
TOI_4515,TOI-4515,193.499,21.1862,21.5131,G8/G9,5433,0.86,0.949,-0.23582,1
Kepler_1948,Kepler-1948,193.903,287.364,47.7853,,3872,0.557,0.585,-0.8617,1
Kepler_63,Kepler-63,194.033,289.226,49.5483,G5,5576,0.901,0.984,-0.157,1
WASP_16,WASP-16,194.134,214.683,-20.2754,,5700,1.14,1.78,0.01005,1
Kepler_1019,Kepler-1019,194.182,283.718,47.2044,,4433,0.67,0.7,-0.80636,1
WASP_76,WASP-76,194.459,26.6329,2.70039,F7,6329,1.756,1.458,0.65418,1
WASP_49,WASP-49,194.553,91.0897,-16.9654,G6 V,5600,0.97,0.92,-0.05339,1
Kepler_22,Kepler-22,194.642,289.217,47.8841,G5 V,5596,0.869,0.857,-0.19024,1
HATS_75,HATS-75,194.964,60.9494,-25.4089,,3790.4,0.5848,0.6017,-1.19661,1
K2_377,K2-377,195.149,202.898,-12.0951,,4200,0.691,0.821,-0.81809,1
Kepler_1716,Kepler-1716,195.439,297.272,43.3331,,4894,0.684,0.753,-0.62363,1
TOI_2989,TOI-2989,195.795,171.232,-27.0624,K4 V,4672,0.76,0.77,-0.73755,1
Kepler_438,Kepler-438,195.943,281.646,41.9511,,3748,0.52,0.544,-1.357,1
HD_2685,HD 2685,196.852,7.32892,-76.304,,6801,1.56,1.43,0.66839,1
WASP_6,WASP-6,197.119,348.157,-22.6741,,5438,0.79,0.854,-0.29675,1
K2_405,K2-405,197.234,164.376,12.5356,K0,4927,0.765,1.034,-0.48798,1
TOI_5174,TOI-5174,197.243,174.109,-2.02335,,5643.77,1.09457,1,0.03946,1
K2_158,K2-158,197.299,179.94,-5.72169,,5503,0.95,0.92,-0.16298,2
KELT_8,KELT-8,197.572,283.305,24.1272,G2 V,5754,1.46,0.81,0.26483,1
TOI_3568,TOI-3568,197.906,322.602,34.7396,,4969,0.719,0.78,0.33,1
K2_201,K2-201,197.932,293.561,-23.1313,,5507,0.878161,0.956055,-0.27594,2
K2_105,K2-105,197.989,125.42,13.4975,K1,5373,0.905,0.94,-0.18892,1
WASP_123,WASP-123,197.996,289.479,-32.8601,G5,5740,1.285,1.166,0.16234,1
TOI_2019,TOI-2019,198.007,234.432,48.9552,,5626,1.7457,1.1832,0.44075,1
TOI_4427,TOI-4427,198.251,135.049,72.1477,,5347,0.89,0.9,-0.17393,1
TOI_2158,TOI-2158,198.473,276.81,20.5269,,5673,1.41,1.12,0.2308,1
K2_223,K2-223,198.604,185.306,-10.2821,G1 V,5858,1.05,1.07,-0.00436,2
Kepler_1076,Kepler-1076,199,287.59,51.0606,,4868,0.74,0.79,-0.557,1
HAT_P_27,HAT-P-27,199.173,222.767,5.94736,G8,5316,0.864673,0.916,-0.26926,1
K2_397,K2-397,199.354,79.9517,21.2592,G7,5387,0.966,0.937,-0.14497,1
TOI_564,TOI-564,199.581,130.295,-16.0363,,5640,1.088,0.998,0.03262,1
TOI_5916,TOI-5916,199.724,325.3,9.59905,M2,3541,0.487,0.518,-1.45717,1
WASP_131,WASP-131,200.075,210.194,-30.5836,G0,5990,1.561,1.06,0.53005,1
TIC_160113658,TIC 160113658,200.156,59.4556,-41.632,,4817.31,0.789834,0.76,-0.54309,1
TOI_2589,TOI-2589,200.273,107.488,-37.2309,,5579,1.07,0.93,-0.00436,1
K2_111,K2-111,200.394,59.8903,21.2985,G2,5775,1.25,0.84,0.27875,2
TOI_1333,TOI-1333,200.492,325.015,48.4068,,6274,1.925,1.464,0.71349,1
TOI_3288,TOI-3288,200.5,297.11,-43.018,M0&plusmn;0.5,4072,0.672,0.643,-0.95195,1
K2_401,K2-401,200.727,154.988,3.95483,K7,4213,0.675,0.87,-0.8353,1
K2_80,K2-80,200.802,59.0375,13.559,,5441,0.87,0.9,-0.43238,3
WASP_101,WASP-101,201.224,98.3511,-23.4861,F6,6380,1.31,1.41,0.42052,1
WASP_53,WASP-53,201.338,31.9092,-20.6618,,4953,0.798,0.839,-0.46344,2
ZTF_J1828_2308,ZTF J1828+2308,201.827,277.203,23.1439,,15900,0.0131,0.61,-2,1
K2_348,K2-348,201.856,130.878,24.423,,5077,0.85,0.83,-0.38844,2
TOI_1420,TOI-1420,201.918,322.942,66.349,,5510,0.923,0.987,-0.15181,1
HAT_P_19,HAT-P-19,202.078,9.51658,34.7114,K1,4962,0.773,0.807,-0.48545,1
HAT_P_68,HAT-P-68,202.152,118.483,23.9382,K,4508,0.6701,0.6785,-0.77911,1
WASP_35,WASP-35,202.218,76.0819,-6.22978,,5990,1.08,1.05,0.1443,1
K2_138,K2-138,202.585,348.949,-10.8497,G8 V,5356.3,0.863,0.935,-0.28654,6
Kepler_1351,Kepler-1351,202.782,293.608,42.1979,,4439,0.67,0.7,-0.98254,1
K2_5,K2-5,202.943,169.303,-1.87783,K7.5 V,3930,0.57,0.61,-1.08341,2
TOI_5007,TOI-5007,203.352,236.064,-61.0414,M1&plusmn;0.5,3793,0.656,0.632,-1.09528,1
K2_383,K2-383,203.788,282.009,-18.3796,,5129,0.804,1.061,-0.39685,1
K2_180,K2-180,203.896,126.464,10.2466,K2 V,5365,0.719,0.735,-0.41341,1
HD_4917,HD 4917,204.277,12.7763,-12.9277,K0 III/IV,4802,5.01,1.32,1.45591,1
TIC_150070085,TIC 150070085,204.368,110.143,53.547,,5999,1.086,1.16,0.13672,1
TOI_5027,TOI-5027,204.429,243.885,-69.2171,,5909,0.92,1.02,-0.03058,1
KELT_9,KELT-9,204.455,307.86,39.9389,A,9270,2.418,2.32,1.58995,1
Kepler_737,Kepler-737,205.118,291.863,46.4292,,3813,0.48,0.51,-1.30149,1
TOI_4145_A,TOI-4145 A,205.387,39.4297,80.2674,,5281,0.859,0.905,-0.28735,1
TOI_603,TOI-603,205.924,141.108,5.76606,F8 IV,6027,1.477,1.24,0.41363,1
K2_368,K2-368,206.608,332.636,-11.1661,,4663,0.663,0.746,-0.69293,3
Kepler_1521,Kepler-1521,206.983,292.69,37.8351,,5042,0.76,0.81,-0.5691,1
WASP_23,WASP-23,207.49,101.128,-42.7622,,5150,0.765,0.78,-0.37679,1
TOI_5005,TOI-5005,207.891,238.108,-48.1451,G2 V,5749,0.93,0.97,-0.00451,1
K2_342,K2-342,208.357,133.122,21.2387,,5920,1.09,1.01,0.09264,1
Kepler_99,Kepler-99,208.369,297.354,41.3,,4782,0.73,0.79,-0.58545,1
K2_163,K2-163,208.529,182.329,-0.539342,,4937,0.762201,0.826112,-0.54141,1
WASP_94_B,WASP-94 B,208.696,313.788,-34.1357,F9,6040,1.35,1.24,0.35112,1
K2_319,K2-319,209.071,166.801,3.03994,,5440,0.898,0.954,-0.23747,1
Gaia_2,Gaia-2,209.229,110.735,67.2527,,5720,1.064,1,0.0574,1
HD_36384,HD 36384,209.309,84.932,75.044,M0 III,3940,38.4,1.14,2.58915,1
Kepler_303,Kepler-303,209.738,283.135,43.6567,M0 V,3944,0.485,0.575,-1.0655,2
HD_86950,HD 86950,209.839,150.407,-17.3331,K1 III,4805,8.8,1.66,1.55991,1
KELT_3,KELT-3,210.252,148.643,40.3879,,6304,1.7,1.96,0.62523,1
TOI_2368,TOI-2368,210.915,134.958,-48.4885,,5360,0.846,0.897,-0.27491,1
WASP_45,WASP-45,211.196,5.23776,-35.9985,K2 V,5150,0.855,0.85,-0.33555,1
WASP_94_A,WASP-94 A,211.211,313.783,-34.1358,F8,6170,1.48,1.67,0.50992,1
TOI_2379,TOI-2379,211.247,358.092,-53.0432,,3707,0.622,0.645,-1.12907,1
K2_226,K2-226,211.265,183.646,-9.56263,,5288,0.889,0.856,-0.25337,1
WASP_25,WASP-25,211.416,195.36,-27.5222,,5697,0.884,0.962,-0.143,1
K2_331,K2-331,211.43,132.738,13.1703,,5994,1.06,1.1,0.05943,2
HAT_P_8,HAT-P-8,211.553,343.041,35.4472,F6,6200,1.57,1.27,0.519,1
WASP_149,WASP-149,211.73,124.074,-8.68658,,5750,1.08,1.05,0.04343,1
WASP_20,WASP-20,211.877,5.16056,-23.9358,F9,5940,1.242,1.2,0.239,1
HATS_37_A,HATS-37 A,211.896,199.802,-22.9868,,5326,0.877,0.843,-0.25571,1
TOI_6651,TOI-6651,212.128,15.7886,35.389,,5940,1.721,1.323,0.52244,1
WASP_139,WASP-139,212.472,49.5622,-41.302,K0,5310,0.8,0.92,-0.34535,1
K2_244,K2-244,212.902,183.469,-3.83181,,5677,0.92,0.86,-0.118,1
XO_3,XO-3,213.053,65.4696,57.8172,F5V,6970,1.523,1.449,0.69197,1
TOI_4961,TOI-4961,213.073,192.502,-59.8919,,5380,0.912,0.912,-0.20135,1
Kepler_1655,Kepler-1655,213.26,286.69,39.2121,G0 V,6148,1.03,1.03,0.14315,1
CoRoT_2,CoRoT-2,213.283,291.777,1.38366,,5625,0.906,0.96,-0.13055,1
K2_261,K2-261,213.283,163.032,0.493167,G7 IV/V,5490,1.663,1.107,0.35392,1
TOI_4156,TOI-4156,213.719,230.781,76.3319,,5971.64,1.03963,1.1,0.097,2
Qatar_9,Qatar-9,213.771,160.748,60.9641,K5 V,4309,0.696,0.719,-0.82102,1
WASP_39,WASP-39,213.982,217.327,-3.4445,,5485,0.939,0.913,-0.12792,1
HAT_P_30,HAT-P-30,213.985,123.95,5.83687,F7,6304,1.31,1.55,0.312,1
Kepler_369,Kepler-369,214,293.674,47.9085,,3591,0.471,0.5,-1.42022,2
K2_178,K2-178,214.753,52.8889,22.4348,,5525,0.887267,0.95109,-0.28382,1
TOI_938,TOI-938,215.034,63.0323,-12.1188,,5829.42,0.985134,1.1,0.04878,1
Kepler_1152,Kepler-1152,215.233,290.434,44.1078,,3964,0.53,0.55,-1.09668,1
TrES_2,TrES-2,215.32,286.809,49.3164,G0 V,5850,1.12,1.36,0.03841,1
WASP_154,WASP-154,215.501,327.719,-8.63595,,4774,0.823,0.8,-0.50063,1
Kepler_954,Kepler-954,215.814,295.859,47.9396,,4990,0.76,0.82,-0.5722,1
TOI_4551,TOI-4551,215.986,184.979,-25.8279,,4896,3.55,1.31,0.80277,1
TOI_4600,TOI-4600,216.056,258.45,64.5662,K V,5170,0.81,0.89,-0.37675,2
Kepler_942,Kepler-942,216.354,294.955,44.15,,4861,0.75,0.81,-0.58453,1
WASP_126,WASP-126,216.526,63.3747,-69.2266,G2,5800,1.27,1.12,0.15879,1
TIC_52059926,TIC 52059926,216.581,16.7727,-68.3681,K4.5 V,4505,0.72,0.73,-0.72125,1
TIC_434398831,TIC 434398831,217.011,93.9593,16.0238,G4 V,5638,0.909,0.992,-0.14351,2
HD_102329,HD 102329,217.107,176.694,3.47421,K0 III,4745,9.82,3.21,1.29226,2
TOI_3331_A,TOI-3331 A,217.193,271.324,-34.1072,,5609,0.952,1.016,-0.09313,1
KELT_4_A,KELT-4 A,218.05,157.063,25.5731,F,6206,1.603,1.201,0.53529,1
NGTS_1,NGTS-1,218.121,82.7142,-36.631,M0.5,3916,0.573,0.617,-1.15326,1
K2_407,K2-407,218.376,232.555,-23.0067,G4,5563,0.927,0.881,-0.12724,2
Kepler_19,Kepler-19,218.562,290.421,37.8517,,5541,0.859,0.936,-0.16056,3
HD_5583,HD 5583,219.216,14.4869,34.9853,,4830,9.09,1.01,1.61,1
TOI_2364,TOI-2364,219.614,89.13,-5.01203,,5306,0.886,0.954,-0.25181,1
TOI_6130,TOI-6130,220.882,339.205,16.8272,F,6110,1.51,1.31,0.4609,1
Kepler_1761,Kepler-1761,221.186,284.133,49.1426,,3871,0.532,0.573,-1.1701,1
Kepler_1805,Kepler-1805,221.639,285.087,40.8991,,3867,0.552,0.581,-1.17695,1
TOI_3135,TOI-3135,221.673,207.859,-69.7726,,5890,0.985,1.044,0.02119,1
K2_192,K2-192,221.753,206.582,-11.5564,,5222,0.81,0.9,-0.36021,1
Kepler_543,Kepler-543,221.802,287.219,38.8625,,4671,0.67,0.7,-0.64251,1
Kepler_1698,Kepler-1698,222.345,293.345,39.2577,,4975.03,0.741698,0.822,-0.51767,1
WASP_70_A,WASP-70 A,222.355,315.477,-13.4334,G4,5763,1.215,1.106,0.1624,1
HAT_P_14,HAT-P-14,222.663,260.116,38.2422,F5 V,6600,1.82,2.65,0.64412,1
TOI_332,TOI-332,222.852,348.059,-44.8765,K0 V,5251,0.87,0.88,-0.22143,1
TOI_5614,TOI-5614,223.016,189.432,69.4584,,4553,0.734919,0.674,-0.77371,1
TOI_1842,TOI-1842,223.465,201.963,9.03064,,6039,2.032,1.4643,0.69504,1
Kepler_396,Kepler-396,223.757,296.133,48.9773,,5656,1.06,0.85,-0.13461,2
HD_18438,HD 18438,224.146,46.5318,79.4186,M2.5 III,3860,88.475,1.84,2.96802,1
TOI_1859,TOI-1859,224.385,279.832,69.5229,,6341,1.36,1.287,0.47671,1
TOI_2145,TOI-2145,224.731,263.758,40.695,,6206,2.75,1.71,0.99651,1
TOI_4588,TOI-4588,225.181,282,48.5423,,7746.12,1.57458,2.018,0.9174,1
Kepler_1439,Kepler-1439,225.393,285.74,40.9799,,3578,0.43,0.46,-1.54394,1
TOI_4603,TOI-4603,225.643,83.8659,21.2942,F,6264,2.738,1.765,1.01703,1
TOI_849,TOI-849,225.734,28.7158,-29.4217,G,5257,0.97,0.97,-0.2184,1
TOI_2876,TOI-2876,225.744,110.247,-21.1146,,5271,0.873,0.939,-0.27654,1
TOI_1518,TOI-1518,225.888,352.268,67.0348,F0,7299,1.942,1.88,0.98408,1
TOI_5688_A,TOI-5688 A,226.318,266.923,47.705,,3713,0.57,0.6,-1.22841,1
WASP_68,WASP-68,226.399,305.096,-19.3147,G0,5910,1.79,1.49,0.505,1
TIC_154870955,TIC 154870955,226.463,191.746,88.8299,,4739.58,0.724328,0.828,-0.5299,1
KELT_17,KELT-17,226.5,125.617,13.7353,A,7454,1.645,1.635,0.87564,1
TOI_3593,TOI-3593,226.63,331.506,34.2117,,5550,0.918,1.015,-0.14146,1
HAT_P_16,HAT-P-16,226.637,9.57303,42.4631,F8,6140,1.158,1.218,0.29447,1
TOI_1753,TOI-1753,226.671,252.47,61.1736,,5621,0.9715,0.9483,-0.06956,1
WASP_13,WASP-13,227.537,140.103,33.8823,,5950,1.37,0.72,0.43636,1
K2_254,K2-254,227.775,185.551,-4.71729,,4629,0.67,0.71,-0.82244,2
HD_145934,HD 145934,227.881,243.291,13.2395,K0,4823.75,6.93059,2.058,1.35455,1
K2_274,K2-274,228.327,129.282,20.3993,,5044,0.7,0.79,-0.50903,1
HD_17092,HD 17092,228.422,41.5924,49.653,K0 III,4326,13.58,6.73,1.75563,1
Kepler_506,Kepler-506,228.439,284.635,40.7198,,6236,1.19,1.19,0.28755,1
K2_173,K2-173,228.641,60.3752,15.6251,,5580,0.843154,0.881538,-0.05981,1
Kepler_131,Kepler-131,228.678,288.531,40.9424,,5685,1.03,1.02,0.02191,2
K2_252,K2-252,228.839,182.366,-8.30961,,5152,0.82,0.79,-0.40842,1
TOI_1789,TOI-1789,229.067,142.743,26.54,F,5991,2.168,1.507,0.7364,1
HATS_22,HATS-22,229.518,174.01,-29.5434,K V,4803,0.689,0.759,-0.64589,1
K2_373,K2-373,229.567,123.136,13.6885,,6138,1.486,1.158,0.43238,1
PSR_J2322_2650,PSR J2322-2650,230,350.644,-26.8495,,5772,1,1.4,0,1
WISPIT_1,WISPIT 1,230.007,117.799,-50.1377,K4 V,4670,1.1161,0.72,-0.32014,2
TOI_1439,TOI-1439,230.306,241.764,67.8776,,5841,1.6184,1.2313,0.44091,1
Kepler_454,Kepler-454,230.869,287.479,38.2291,,5687,1.066,1.03,0.05259,3
WASP_3,WASP-3,231.161,278.632,35.6614,,6400,1.44,1.62,0.43416,1
TOI_2071,TOI-2071,231.311,256.601,57.661,,5755.41,1.00286,1.063,0.03271,1
TrES_3,TrES-3,231.337,268.029,37.5463,G4 V,5650,0.829,0.928,-0.20412,1
TOI_2328,TOI-2328,231.782,31.6907,-81.2474,,5525,0.9,0.95,-0.17005,1
K2_4,K2-4,231.828,174.746,-3.90557,,4014.73,0.569359,0.635026,-0.91516,1
EPIC_201595106,EPIC 201595106,232.1,183.72,1.96817,,5679,0.98,0.958,-0.04915,2
Kepler_210,Kepler-210,232.75,292.503,43.0832,M0 V,4559,0.65,0.77,-0.79874,2
K2_295,K2-295,232.801,19.6101,6.81673,K5 V,4444,0.7,0.74,-0.71623,1
K2_70,K2-70,232.964,338.476,-10.085,,5622,0.93,0.94,-0.42935,1
WASP_173_A,WASP-173 A,232.98,354.169,-34.6113,G3,5800,1.11,1.05,0.08279,1
HAT_P_60,HAT-P-60,233.22,28.2826,52.0539,,6212,2.197,1.435,0.80889,1
K2_329,K2-329,233.237,351.135,-5.16415,,5282,0.822,0.901,-0.32514,1
TOI_559,TOI-559,233.266,46.8186,-31.163,G V,5925,1.233,1.026,0.22737,1
K2_220,K2-220,233.514,12.77,9.51677,,5612,1.026,0.91,-0.06106,1
HD_174205,HD 174205,234.027,280.793,70.7928,K2,4308,26.6,1.8,2.3784,1
XO_7,XO-7,234.149,277.478,85.2333,G0 V,6250,1.48,1.405,0.43132,1
BEBOP_4_A,BEBOP-4 A,234.294,192.577,26.1595,G3 V,5701.43,2.75645,1.507,0.85933,1
HD_11755,HD 11755,235.045,29.7078,73.1521,G5,4312,20.58,0.72,2.16933,1
XO_6,XO-6,235.479,94.793,73.8276,F5,6720,1.93,1.47,0.53614,1
TIC_445839811,TIC 445839811,235.655,200.119,48.4073,,5408.25,0.850041,0.95,-0.24255,1
K2_169,K2-169,235.867,337.044,-14.5993,,5548,0.919053,0.986144,-0.16063,1
TOI_2202,TOI-2202,235.933,51.2284,-73.9575,K8 V,5169,0.808,0.841,-0.40121,2
TOI_2107,TOI-2107,236.705,286.797,-58.6968,,5627,0.932,0.961,-0.10458,1
Kepler_126,Kepler-126,237.401,289.347,44.2084,,6239,1.358,1.108,0.452,3
NGTS_30,NGTS-30,238.377,173.715,-24.6055,,5455,0.913,0.94,-0.18738,1
TOI_954,TOI-954,238.768,61.9411,-25.2088,,5710,1.892,1.201,0.53529,1
K2_336,K2-336,239.289,133.838,16.7941,,5424,0.8,0.86,-0.34534,1
UZ_For,UZ For,239.604,53.8695,-25.7394,,5286.9,1,0.7,0,2
HATS_7,HATS-7,240.707,208.857,-21.2079,K2,4985,0.815,0.849,-0.43415,1
KELT_6,KELT-6,240.726,195.982,30.6401,F8,6102,1.73,1.42,0.493,2
TOI_4155,TOI-4155,240.737,325.636,77.7344,,5724,0.95,1.16,0.0658,1
TIC_349520724,TIC 349520724,241.105,111.231,-64.6398,,5098.6,0.818771,0.89,-0.3523,1
Kepler_449,Kepler-449,241.949,293.733,41.9006,,5649.18,1.467,1.02,0.296,2
Kepler_327,Kepler-327,241.987,292.642,44.0876,,3799,0.492,0.591913,-1.25964,3
Kepler_1994,Kepler-1994,241.991,297.149,46.2969,,5495,0.961,0.932,-0.04165,1
K2_189,K2-189,242.113,203.621,-15.0365,,5442,0.879,0.85,-0.21855,2
Kepler_25,Kepler-25,243.249,286.638,39.4879,F8,6354,1.316,1.165,0.4216,3
K2_22,K2-22,243.836,169.483,2.61904,M0 V,3879,0.58,0.595292,-1.0744,1
K2_168,K2-168,243.935,333.11,-16.3419,,5502.7,0.83,0.877,-0.17649,2
K2_206,K2-206,244.443,11.2564,0.593187,,5043,0.758046,0.789481,-0.43502,1
EPIC_220674823,EPIC 220674823,244.59,13.08,10.7947,G5 V,5578,0.99,0.913,-0.11919,2
TIC_86380416,TIC 86380416,244.68,145.16,65.7328,,5723.74,0.989724,1.07,0.02589,1
Kepler_1540,Kepler-1540,244.96,283.345,41.2018,,4540,0.69,0.74,-0.81759,1
TOI_4640,TOI-4640,245.089,38.2053,10.0725,,5743.01,1.06715,1.1,0.11737,1
Kepler_1735,Kepler-1735,245.303,281.05,47.1882,,3975,0.509,0.535,-1.19302,1
WASP_148,WASP-148,246.353,254.131,44.3025,G,5555,0.912,0.954,-0.13906,2
HATS_5,HATS-5,246.384,67.2228,-21.4821,G,5304,0.871,0.936,-0.268,1
K2_403,K2-403,246.599,164.189,9.67395,G4,5511,0.886,0.784,-0.17121,1
TIC_437041147,TIC 437041147,246.6,132.948,6.76484,,5224.36,0.961092,0.931,-0.15853,1
Kepler_519,Kepler-519,246.61,299.32,41.3847,,5260,0.8,0.89,-0.33467,1
WASP_79,WASP-79,246.69,66.3709,-30.6004,F5,6600,1.51,1.39,0.66447,1
HAT_P_13,HAT-P-13,246.81,129.882,47.3519,G4,5653,1.756,1.32,0.346,2
TOI_1516,TOI-1516,247.054,340.085,69.5037,F8 V,6520,1.14,1.14,0.39065,1
K2_175,K2-175,247.266,52.5036,17.5841,,5909,1.42004,1.09469,0.41926,1
K2_176,K2-176,247.302,58.2692,17.9069,,5428,0.86416,0.938545,-0.34794,1
K2_197,K2-197,247.637,202.393,-7.37398,,5667,0.93,1,-0.11379,1
Kepler_1697,Kepler-1697,247.771,287.663,43.4714,,4681.53,0.772344,0.747,-0.58813,1
TOI_1199,TOI-1199,248.427,166.881,61.3526,,5710,1.45,1.23,0.30428,1
HATS_33,HATS-33,248.46,294.634,-55.3303,,5659,1.022,1.062,-0.01773,1
TOI_1820,TOI-1820,248.504,187.687,27.452,,5734,1.51,1.04,0.29432,1
TOI_5502,TOI-5502,248.654,135.204,27.9983,,6088.71,1.32375,1.244,0.40035,1
TOI_2654,TOI-2654,248.964,52.9815,-47.9947,,4594.08,0.756095,0.69,-0.71592,1
TOI_7510,TOI-7510,249.006,273.728,-54.4341,G3,5720,1.035,1.063,0.01115,3
TOI_3862,TOI-3862,249.02,185.901,50.5446,,5300,0.92,0.9,-0.19443,1
Kepler_1967,Kepler-1967,249.102,299.138,43.4985,,4970,1.806,0.996,-0.56664,1
TIC_67686059,TIC 67686059,249.203,19.8843,-35.293,,5090.09,0.820458,0.86,-0.38623,1
K2_380,K2-380,249.303,283.435,-26.5387,,5911,1.32,0.993,0.20189,1
HAT_P_34,HAT-P-34,249.325,303.195,18.1048,,6442,1.53,1.392,0.6003,1
Kepler_1130,Kepler-1130,249.343,285.207,45.3843,,5450,0.842,0.944,-0.25964,3
K2_27,K2-27,249.645,171.515,1.23062,,5246,0.876,0.88,-0.26971,1
K2_172,K2-172,249.742,335.308,-12.557,,5569,0.868889,0.934356,-0.20215,2
Kepler_50,Kepler-50,250.11,288.101,50.0337,,6225,1.58,1.24,0.53582,2
KELT_14,KELT-14,250.121,108.301,-42.4098,G4,5720,1.52,1.239,0.27875,1
Kepler_1850,Kepler-1850,250.199,287.143,43.6161,,4239,0.6,0.611,-0.81005,1
TOI_858_B,TOI-858 B,250.489,60.1998,-54.5929,G0,5842,1.308,1.081,0.25285,1
Kepler_1074,Kepler-1074,250.817,284.477,46.2527,,4002,0.57,0.6,-1.12071,1
TIC_172900988_Aa,TIC 172900988 Aa,250.956,128.662,31.554,F9,6050,1.3842,1.2384,0.67103,1
TOI_2200,TOI-2200,251.245,98.7835,-72.4568,,5036.17,0.826247,0.85,-0.39105,1
WASP_54,WASP-54,251.303,205.454,-0.128171,F9,6100,1.76,1.08,0.57477,1
Kepler_1652,Kepler-1652,252,294.366,49.915,,3638,0.382,0.404,-1.638,1
K2_81,K2-81,252.318,57.4855,14.5021,,4674.13,0.634663,0.745273,-0.5689,1
K2_35,K2-35,252.596,170.103,1.28587,K4 V,4402.71,0.619575,0.701968,-0.71881,2
KOI_984,KOI-984,252.667,291.049,36.8401,,5295,0.818,0.928,-0.324,2
Kepler_352,Kepler-352,252.733,299.897,46.0519,,5212,0.781,0.798,-0.43235,3
WASP_26,WASP-26,252.759,4.60304,-15.2674,G0,6034,1.22,0.86,0.28725,1
Kepler_531,Kepler-531,252.762,286.525,48.6835,,4893,0.75,0.78,-0.55216,1
EPIC_201497682,EPIC 201497682,253.026,168.937,0.488061,,4991,0.554,0.78,-0.76627,1
Kepler_523,Kepler-523,253.295,284.061,45.5068,,5515,0.86,0.93,-0.27953,1
TIC_4672985,TIC 4672985,253.385,38.4707,-10.6574,,5757,1.15,1.01,0.11394,1
Kepler_901,Kepler-901,253.867,291.153,40.8877,,4184,0.57,0.59,-0.98404,1
WASP_180_A,WASP-180 A,253.985,123.392,-1.98279,F7 V,6600,1.19,1.3,0.31533,1
Kepler_515,Kepler-515,255,290.494,52.0556,,5293,0.83,0.9,-0.312,1
HAT_P_38,HAT-P-38,255.206,35.3835,32.246,G5,5330,0.923,0.886,-0.208,1
K2_79,K2-79,256.011,55.2559,13.5192,G1,5897,1.269,1.06,0.24551,1
K2_208,K2-208,256.887,20.779,0.889008,,5500,0.872,0.881,-0.20135,1
K2_50,K2-50,257.443,169.484,5.98829,,4326,0.546,0.611,-0.87356,2
TOI_1226,TOI-1226,257.93,103.755,-69.8671,,5434.91,0.986943,1.01,-0.04296,1
K2_247,K2-247,258.113,188.894,-10.0693,,4667,0.69,0.74,-0.88154,2
WASP_21,WASP-21,258.426,347.493,18.3962,G3 V,5800,1.06,1.01,0.30426,1
K2_86,K2-86,258.699,51.5531,18.6356,,5482,0.76,0.79,-0.38611,1
WASP_108,WASP-108,258.777,195.828,-49.6398,F9,6783,1.34415,1.167,0.31716,1
Kepler_953,Kepler-953,258.893,288.972,44.6246,,5416,0.99,0.95,-0.119,2
Kepler_1624,Kepler-1624,258.979,292.58,37.3763,M V,3768,0.552,0.541,-1.32262,1
K2_389,K2-389,259.208,355.63,-9.71358,G3,5782,1.084,0.802,0.10644,2
Kepler_1089,Kepler-1089,259.328,291.093,49.1902,,3753,0.49,0.52,-1.29726,1
Kepler_114,Kepler-114,259.533,294.121,48.3498,M0 V,4605,0.667,0.77,-0.6853,3
Kepler_992,Kepler-992,259.639,284.43,47.6417,,4944,0.74,0.8,-0.56959,1
Kepler_1876,Kepler-1876,259.935,299.16,41.1438,,6104,1.477,1.187,0.42894,1
TOI_2196,TOI-2196,259.947,312.34,-70.4851,G V,5634,1.043,1.032,-0.00436,1
Kepler_345,Kepler-345,260,295.229,45.971,,4504,0.623,0.61,-0.49534,2
K2_414,K2-414,260.036,351.636,-4.60666,,4343,0.732,0.814,-0.70538,2
TOI_6019,TOI-6019,260.342,355.091,35.9408,,5561,2.02,1.13,0.52792,1
WASP_163,WASP-163,261.386,256.538,-10.413,,5500,1.015,0.97,-0.07572,1
TOI_4406,TOI-4406,261.834,18.0485,-56.9254,,6219,1.29,1.19,0.36173,1
TOI_2109,TOI-2109,262.041,253.186,16.5799,F,6540,1.698,1.453,0.67302,1
Kepler_113,Kepler-113,262.351,287.998,50.9442,,4725,0.69,0.75,-0.57598,2
KPS_1,KPS-1,262.706,165.167,64.9638,K1 V,5165,0.907,0.892,-0.35281,1
TOI_813,TOI-813,263.145,72.694,-60.9055,G0 IV,5907,1.94,1.32,0.61906,1
TOI_941,TOI-941,263.386,78.3005,6.54591,,5745.88,1.1849,1.078,0.19135,1
HATS_48_A,HATS-48 A,263.609,288.672,-59.5794,,4546,0.7152,0.7279,-0.70885,1
Kepler_1783,Kepler-1783,264.078,297.021,41.3772,,5129,1.781,0.887,-0.45102,1
K2_57,K2-57,264.213,342.692,-14.07,,4413,0.671,0.699,-0.8122,1
WASP_47,WASP-47,264.78,331.203,-12.0191,G9,5565,1.156,1.058,0.03167,4
Kepler_267,Kepler-267,264.993,299.831,47.1576,M1 V,4258,0.555,0.541571,-1.22915,3
KOI_7368,KOI-7368,264.995,293.948,48.0653,,5241,0.874,0.879,-0.31552,1
HD_19615,HD 19615,265.155,48.7813,73.868,K0,4263,32.3,1.1,2.51455,1
HAT_P_59,HAT-P-59,265.471,292.459,62.5292,,5678,1.1038,1.008,0.05385,1
Kepler_1229,Kepler-1229,265.482,297.487,46.9967,,3784,0.51,0.54,-1.533,1
K2_393,K2-393,265.914,348.516,-0.0821031,,5678,1.071,0.881,0.04296,1
K2_387,K2-387,266.318,19.4418,11.3685,,3572,0.585,0.57,-1.23884,1
K2_243,K2-243,266.864,181.121,-4.89914,,6570,1.39,1.29,0.42675,2
WASP_4,WASP-4,267.206,353.563,-42.0618,G8,5436,0.912,0.899,-0.17897,1
Kepler_381,Kepler-381,267.323,285.183,43.831,,6197,2.188,1.198,0.5139,3
TIC_77319217,TIC 77319217,267.62,71.0407,-39.8976,,5961.52,1.18439,1.16,0.25039,1
Kepler_441,Kepler-441,268.003,284.567,49.0127,,4340,0.55,0.572,-1.051,1
Kepler_447,Kepler-447,268.041,285.269,48.5599,G8 V,5493,1.05,1,-0.19007,1
Kepler_1749,Kepler-1749,268.2,290.295,45.5645,,3957,0.553,0.551,-0.94989,1
WASP_19,WASP-19,268.325,148.417,-45.6591,G8 V,5616,1.006,0.965,-0.04335,1
K2_185,K2-185,268.357,130.26,14.6902,,5788,0.94,0.96,-0.09029,2
KELT_1,KELT-1,268.43,0.3621,39.3838,,6516,1.471,1.335,0.545,1
K2_353,K2-353,268.515,201.617,-2.2819,,5698,0.99,0.87,-0.07632,1
NGTS_38,NGTS-38,268.637,108.715,-29.4306,,6310,1.88,1.46,0.69214,1
K2_419_A,K2-419 A,268.685,135.019,13.2737,,3711,0.541,0.562,-1.27654,1
Kepler_314,Kepler-314,268.881,294.674,42.0756,,5378,0.95,0.99,-0.22569,2
HD_81817,HD 81817,269.126,144.272,81.3263,K3 III,4140,83.8,4.3,3.26076,2
K2_73,K2-73,269.183,335.026,-9.05609,,5867,1.058,1.02,0.07609,2
WASP_121,WASP-121,269.898,107.6,-39.0973,F6 V,6628,1.461,1.33,0.64372,1
Kepler_1911,Kepler-1911,269.912,299.304,41.441,,5721,0.972,0.954,-0.07794,1
Kepler_1741,Kepler-1741,270.739,292.577,39.1209,,3683,0.424,0.454,-1.24232,1
Kepler_1904,Kepler-1904,270.854,288.874,51.1542,,3805,0.497,0.526,-1.29761,1
WASP_83,WASP-83,271.103,190.152,-19.2844,G8,5510,1.05,1.11,-0.04966,1
KOI_7913_A,KOI-7913 A,271.277,286.749,45.1587,K6 V,4324,0.788,0.76,-0.76792,1
Kepler_54,Kepler-54,271.701,294.774,43.0562,M1 V,3705,0.5,0.51,-1.30103,3
HD_56414,HD 56414,272.217,107.844,-68.8333,,8500,1.751,1.89,1.15806,1
K2_211,K2-211,272.297,21.1062,1.70491,,5117,0.818,0.851,-0.383,1
K2_10,K2-10,272.36,172.122,1.69062,F9,5533,0.956,0.88,-0.10088,1
XO_4,XO-4,272.655,110.388,58.2681,F5 V,6397,1.45,1.1,0.53558,1
K2_290,K2-290,272.909,234.858,-20.1989,,6302,1.511,1.194,0.42035,2
WASP_65,WASP-65,273.703,133.324,8.52302,G6,5600,1.01,0.93,0.05497,1
Kepler_1709,Kepler-1709,273.946,283.375,43.7884,,5918,1.043,1.003,0.11547,1
Kepler_1868,Kepler-1868,274.18,293.298,43.5558,,4658,0.686,0.743,-0.66249,1
K2_289,K2-289,274.3,246.643,-15.7925,,5529,1.025,0.953,-0.50479,1
TOI_4029,TOI-4029,274.436,239.234,16.9803,,5662.53,1.17834,1.018,0.12452,1
Kepler_753,Kepler-753,274.767,291.903,37.9024,,4346,0.65,0.68,-0.86467,1
K2_396,K2-396,274.864,74.6929,17.2691,G9,5236,0.92,0.954,-0.23007,2
WASP_110,WASP-110,274.96,305.872,-44.0587,G9,5392,0.853,0.814,-0.229,1
TOI_5926,TOI-5926,275.103,308.078,15.5031,,5388.92,0.890046,0.946,-0.20728,1
K2_224,K2-224,275.255,189.704,-10.0606,,5620,0.84,0.91,-0.24102,2
TOI_2498,TOI-2498,275.265,95.4162,11.2516,,5905,1.26,1.12,0.27089,1
HAT_P_6,HAT-P-6,275.358,354.774,42.466,,6570,1.62,1.79,0.55267,1
WASP_136,WASP-136,275.587,0.325761,-8.92625,F,6250,2.39014,1.41,0.82265,1
WASP_82,WASP-82,275.664,72.6606,1.89384,F5,6480,2.1,1.48,0.79422,1
Kepler_1930,Kepler-1930,275.694,297.577,40.0277,,5083,0.844,0.844,-0.50545,1
WASP_32,WASP-32,275.994,3.96171,1.20051,,6140,0.95,0.72,0.19345,1
TOI_2031_A,TOI-2031 A,276.105,331.118,81.566,,6490,1.241,1.174,0.39094,1
XO_5,XO-5,276.211,116.716,39.0945,G8 V,5430,1.13,1.04,-0.06,1
Kepler_1349,Kepler-1349,276.323,286.339,48.7443,,6086,1.28,1.16,0.34263,1
Kepler_705,Kepler-705,276.881,289.509,41.812,,3722,0.51,0.53,-1.385,1
HAT_P_21,HAT-P-21,277.278,171.275,41.028,G3,5588,1.21,1.24,0.18184,1
TOI_5350,TOI-5350,277.419,74.4023,21.602,,6220,1.263,1.167,0.33445,1
TOI_3364,TOI-3364,277.899,144.538,-49.3352,,5706,1.419,1.186,0.28556,1
NGTS_39,NGTS-39,278.402,109.939,9.94126,F9 V,6053,1.16,1.16,0.19912,1
K2_382,K2-382,278.412,287.413,-19.6269,,5452,0.811,0.922,-0.27952,1
WASP_186,WASP-186,278.514,18.9953,21.6169,F,6361,1.47,1.22,0.50022,1
Kepler_743,Kepler-743,278.987,295.574,42.8064,,5486,0.85,0.94,-0.17633,1
Kepler_691,Kepler-691,279.115,288.812,40.0332,,3715,0.5,0.53,-1.30464,1
WASP_185,WASP-185,279.35,214.06,-19.5423,G0 V,5900,1.5,1.12,0.41219,1
HATS_57,HATS-57,279.485,60.9483,-19.0568,,5587,0.96,1.026,-0.0942,1
HAT_P_57,HAT-P-57,279.86,274.743,10.5972,A8 V,6330,1.85,2.77,0.80618,1
Kepler_475,Kepler-475,280.069,287.052,40.2114,,5009,0.79,0.86,-0.46424,1
K2_270,K2-270,280.518,131.267,13.5497,,4877,0.77,0.85,-0.51819,2
NGTS_4,NGTS-4,280.555,89.5989,-30.8118,,5143,0.84,0.75,-0.3533,1
Kepler_1088,Kepler-1088,280.629,281.561,42.4504,,5975,1.08,1.08,0.09007,1
TOI_1107,TOI-1107,281.314,155.608,-82.2189,F6 V,6311,1.81,1.35,0.67117,1
Qatar_8,Qatar-8,281.498,157.412,70.5271,G0 V,5738,1.315,1.029,0.22789,1
WASP_98,WASP-98,281.742,58.429,-34.3283,G7,5473,0.741,0.809,-0.3578,1
WASP_15,WASP-15,282.091,208.928,-32.1597,F7,6300,1.48,1.18,0.49,1
HAT_P_47,HAT-P-47,282.096,38.3081,30.3605,F,6703,1.515,1.387,0.65776,1
TOI_2147,TOI-2147,282.108,155.642,83.0837,,5983,1.39,0.99,0.35211,1
K2_326,K2-326,282.308,351.612,1.33759,,3924,0.688,0.507,-0.97833,1
TOI_6695,TOI-6695,282.536,129.572,-23.5502,F5V-G0V,6400,1.517,1.338,0.54033,2
Kepler_20,Kepler-20,282.563,287.698,42.3386,,5495,0.9164,0.929,-0.16451,6
Kepler_1008,Kepler-1008,282.565,296.548,44.9418,,5066,0.78,0.81,-0.50671,1
OGLE_TR_56,OGLE-TR-56,282.839,269.148,-29.5392,F8 V,6050,1.363,1.228,0.35,1
Kepler_779,Kepler-779,283.155,285.629,44.3108,,3804,0.44,0.46,-1.2339,1
EPIC_212499991,EPIC 212499991,283.29,202.489,-12.7348,,4982.79,0.757541,0.912,-0.4966,1
Kepler_505,Kepler-505,283.41,287.858,42.5427,,3931,0.53,0.55,-1.07864,1
HD_5891,HD 5891,283.502,15.1383,20.2923,G5,4673,10.64,1.93,1.5955,1
HD_158996,HD 158996,283.659,259.905,80.1364,K5 III,4069,50.3,1.8,3.01481,1
HATS_1,HATS-1,283.971,175.525,-23.3548,,5870,1.038,0.986,0.04139,1
TOI_329,TOI-329,284.388,351.321,-15.6346,,5614,1.5326,1.0678,0.3251,1
Kepler_622,Kepler-622,284.761,284.478,40.9332,,4201,0.61,0.64,-0.86159,1
K2_84,K2-84,284.876,55.8094,16.6344,,5652,0.93,0.95,-0.42274,2
Kepler_960,Kepler-960,284.916,281.457,46.7466,,4755,0.72,0.77,-0.6289,1
Kepler_202,Kepler-202,285.111,282.973,41.3218,,4668,0.667,0.683,-0.63817,2
K2_413,K2-413,285.162,353.418,-7.61203,,4116,0.7,0.808,-0.83322,2
TOI_2497,TOI-2497,285.289,90.0626,11.8841,,7360,2.36,1.859,1.16732,1
Kepler_1877,Kepler-1877,285.312,294.867,46.7905,,5615,0.936,1.022,-0.07722,1
TOI_2578,TOI-2578,285.53,68.0521,52.2527,,6333,1.64,1.27,0.51851,1
TIC_279401253,TIC 279401253,285.584,57.6572,-15.0262,,5951,1.06,1.13,0.09691,2
TOI_3321,TOI-3321,285.895,265.76,-65.0083,,5850,1.549,1.041,0.40483,1
TIC_38828280,TIC 38828280,286.415,68.3926,-62.1697,,5046.63,0.741147,0.84,-0.49681,1
K2_395,K2-395,286.727,70.4439,16.6743,K0,5007,0.783,0.952,-0.41264,2
TOI_5380,TOI-5380,286.781,112.761,73.1288,,6400.78,1.5621,1.343,0.60044,1
K2_191,K2-191,287.188,201.639,-12.8067,,5176,0.839696,0.900994,-0.34502,1
Kepler_1972,Kepler-1972,287.339,288.395,39.8725,,5818,1.384,1.12,0.29447,2
WASP_160_B,WASP-160 B,288.326,87.6796,-27.6233,K0 V,5298,0.868,0.87,-0.31796,1
Kepler_236,Kepler-236,288.763,283.866,39.8982,M1 V,3750,0.51,0.596005,-1.22915,2
TIC_320419023,TIC 320419023,288.893,118.073,11.8242,,5703.36,0.952319,1.056,-0.01971,1
HAT_P_32,HAT-P-32,289.205,31.0428,46.6879,,6001,1.367,1.132,0.33806,1
TOI_2046,TOI-2046,289.668,16.1849,74.3313,F8 V,6250,1.21,1.13,0.27967,1
K2_19,K2-19,289.827,174.96,0.603596,G9,5322,0.82,0.88,-0.29196,3
HD_278555,HD 278555,289.829,50.368,32.9138,F8,6047,1.624,1.255,0.49554,1
Kepler_1124,Kepler-1124,289.899,286.594,37.8913,,3658,0.34,0.35,-1.32347,1
Kepler_517,Kepler-517,289.907,293.676,41.2952,,5690,0.98,0.95,-0.01857,1
Kepler_968,Kepler-968,290.324,285.603,50.112,,4413,0.667,0.681,-0.7626,3
WASP_58,WASP-58,290.404,274.701,45.1722,G2 V,5800,1.22,1.06,0.16,1
K2_388,K2-388,290.495,352.714,-11.0774,G8,5310,0.91,0.93,-0.21167,1
TOI_5238,TOI-5238,290.646,223.359,68.8595,,5631,1.02283,1,-0.02335,1
WASP_63,WASP-63,290.684,94.3364,-38.3234,,5550,1.86,1.28,0.44936,1
HAT_P_46,HAT-P-46,290.736,270.444,-2.97098,,6120,1.396,1.284,0.391,1
Kepler_908,Kepler-908,290.843,295.323,39.3765,,5973,1.12,1.11,0.26406,1
WASP_89,WASP-89,290.946,313.9,-18.9714,K3,5130,0.88,0.92,-0.34333,1
Kepler_1075,Kepler-1075,291.275,287.501,47.4691,,3959,0.54,0.56,-1.11289,1
Kepler_1907,Kepler-1907,292.111,280.709,47.3279,,5159,0.8,0.752,-0.62479,2
Kepler_155,Kepler-155,293.499,288.496,51.0819,M0 V,4508,0.62,0.635,-1.21,2
WASP_75,WASP-75,294.001,342.386,-10.6755,F9,6100,1.26,1.14,0.30426,1
TOI_921,TOI-921,294.015,99.6742,-56.2205,,6011.66,1.14165,1.13,0.19836,1
Kepler_1689,Kepler-1689,294.122,291.574,38.6559,,5731.43,0.996208,1.023,-0.01555,1
HAT_P_36,HAT-P-36,294.419,188.266,44.9154,G5 V,5620,1.041,1.03,0.02243,1
TIC_62895484,TIC 62895484,294.857,116.639,22.5904,,5520.79,0.874291,0.98,-0.17702,1
Kepler_676,Kepler-676,295.196,296.222,50.2874,,3701,0.49,0.51,-1.29468,1
Kepler_1713,Kepler-1713,295.293,287.346,43.3784,,6477,1.459,1.3,0.48598,1
TOI_2529,TOI-2529,296.271,118.995,-52.3548,,5802,1.7,1.11,0.46389,1
TOI_2154,TOI-2154,296.46,71.0281,84.3643,,6280,1.396,1.233,0.43457,1
Kepler_1912,Kepler-1912,297.017,282.118,46.224,,5734,0.962,0.977,-0.04936,1
WASP_55,WASP-55,297.462,203.758,-17.5035,,6096,1.09,1.071,0.16259,1
WASP_135,WASP-135,298.214,267.285,29.879,G5 V,5675,0.96,0.98,-0.32573,1
K2_411,K2-411,298.219,58.0036,19.391,,5711,1.375,1.018,0.25809,1
K2_157,K2-157,298.373,183.751,-5.78202,G9 V,5334,0.86,0.89,-0.2102,3
WASP_87,WASP-87,298.392,185.325,-52.8408,,6450,1.627,1.204,0.53683,1
Kepler_858,Kepler-858,298.532,288.849,51.209,,5653,0.91,0.96,-0.1131,1
HAT_P_45,HAT-P-45,298.64,274.373,-3.38106,,6330,1.319,1.259,0.4,1
Kepler_1864,Kepler-1864,298.894,289.687,41.5889,,5854,0.979,1.03,0.03004,1
Kepler_1312,Kepler-1312,299.104,292.971,41.0357,,5719,0.92,0.99,-0.09874,2
HATS_74_A,HATS-74 A,299.389,171.015,-19.557,,3776.9,0.5758,0.601,-1.2161,1
TOI_4914,TOI-4914,299.89,204.543,-28.1429,,5805,1,1.03,0.00903,1
TOI_3261,TOI-3261,300.141,47.7285,-73.532,K1.5+/-1,5068,0.849,0.861,-0.36653,1
HD_24064,HD 24064,300.247,59.151,74.0801,K0,4052,40,1.61,2.54628,1
KELT_19_A,KELT-19 A,300.276,111.51,7.61578,A8 V,7500,1.83,1.62,0.97772,1
HAT_P_25,HAT-P-25,300.384,48.4355,25.1974,G5,5519,0.919,1.012,-0.15181,1
K2_202,K2-202,300.397,283.264,-22.4071,,5491,0.910685,0.971461,-0.33519,1
K2_214,K2-214,300.64,14.876,4.22777,,5875,1.236,1.03,0.19579,1
HATS_47,HATS-47,300.67,287.484,-49.6649,,4512,0.6564,0.674,-0.79615,1
TIC_188624430,TIC 188624430,300.743,258.557,53.706,,5369.46,0.786574,0.929,-0.33522,1
Kepler_62,Kepler-62,300.874,283.213,45.3497,K2 V,4925,0.64,0.69,-0.678,5
Kepler_440,Kepler-440,301.03,285.35,41.4524,,4134,0.559,0.575,-1.102,1
Kepler_141,Kepler-141,301.183,297.971,47.7316,,4910,0.787,0.878,-0.44625,2
WASP_129,WASP-129,301.462,176.299,-42.064,G1,5900,0.9,1,0.11182,1
TOI_4087,TOI-4087,301.676,217.926,83.3727,,6060,1.112,1.178,0.17609,1
TOI_5210,TOI-5210,302.086,314.317,21.9502,,5723,1.209,1.105,0.15229,1
WASP_119,WASP-119,302.448,55.9336,-65.1938,G5,5650,1.2,1.02,0.07465,1
TOI_1181,TOI-1181,302.819,297.216,64.3544,F9 IV,6054,1.961,1.467,0.64246,1
Kepler_533,Kepler-533,302.955,293.686,48.825,,4758,0.72,0.78,-0.62007,1
Kepler_137,Kepler-137,302.979,282.136,43.0392,,5187,0.802,0.85,-0.29234,2
TOI_2152,TOI-2152,303.006,26.339,77.7901,F4 V,6630,1.612,1.516,0.65321,1
HAT_P_5,HAT-P-5,303.336,274.406,36.6215,G,5960,1.12,1.04,0.187,1
Kepler_65,Kepler-65,303.728,288.689,41.1511,,6211,1.41,1.25,0.4674,4
WASP_168,WASP-168,303.941,96.7446,-46.8214,F9 V,6000,1.12,1.08,0.15518,1
TIC_245076932,TIC 245076932,303.96,198.063,-51.2144,,6130,1.288,1.117,0.32428,1
Kepler_437,Kepler-437,304,297.347,44.0269,,4551,0.68,0.707,-0.762,1
TOI_4747,TOI-4747,304.615,86.4277,-45.0292,,5595.08,0.988751,1.01,-0.03529,1
Kepler_100,Kepler-100,304.645,291.386,41.9901,,5825,1.49,1.08,0.39445,4
Kepler_988,Kepler-988,304.889,290.708,42.2372,,4005,0.53,0.55,-1.04739,1
Kepler_1710,Kepler-1710,305.193,291.683,37.7515,,5650,0.899,0.932,-0.14261,1
Wendelstein_1,Wendelstein-1,305.3,299.051,17.57,K7 V,4251,0.61,0.65,-0.9377,1
WASP_170,WASP-170,305.603,135.416,-20.7204,,5600,0.938,0.93,-0.11351,1
DP_Leo,DP Leo,305.684,169.316,17.9616,,13500,0.0115,0.69,-2.4,1
Kepler_1782,Kepler-1782,305.792,280.926,44.0878,,4931,0.734,0.794,-0.55623,1
TIC_237913194,TIC 237913194,306.063,22.4458,-60.7399,G3,5788,1.088,1.026,0.07773,1
TOI_5634_A,TOI-5634 A,306.144,175.644,20.9653,,3896,0.54,0.556,-1.24489,1
Kepler_472,Kepler-472,306.602,296.525,39.2499,,4996,0.78,0.85,-0.51255,1
Kepler_48,Kepler-48,306.738,299.139,40.9489,,5194,0.89,0.88,-0.28926,5
NGTS_5,NGTS-5,306.779,221.058,5.60537,K2 V,4987,0.739,0.661,-0.51087,1
Kepler_1039,Kepler-1039,306.91,298.327,45.3154,,4870,0.74,0.79,-0.64925,1
Kepler_539,Kepler-539,307.318,299.122,41.8668,G2 V,5820,0.952,1.048,-0.06048,2
K2_39,K2-39,307.47,338.368,-9.02294,,4881,2.97,0.66,0.67409,1
K2_273,K2-273,308.105,129.777,19.01,,5161,0.85,0.89,-0.35279,1
NGTS_6,NGTS-6,308.262,75.7954,-30.3995,,4730,0.754,0.767,-0.59176,1
WASP_5,WASP-5,309.137,359.349,-41.2772,G5,5700,1.029,0.96,0.06717,1
Kepler_211,Kepler-211,309.353,285.439,43.1685,,5123,0.816,0.867,-0.4133,2
Kepler_909,Kepler-909,309.596,289.506,45.371,,6154,1.23,1.17,0.273,1
Kepler_1848,Kepler-1848,309.696,299.381,45.5921,,4847,0.737,0.756,-0.51304,1
Kepler_1499,Kepler-1499,309.869,283.986,41.6505,,5097,0.78,0.82,-0.46443,1
Kepler_636,Kepler-636,310.301,293.592,41.0951,,5203,0.8,0.85,-0.374,1
Kepler_1680,Kepler-1680,310.315,297.075,39.9339,,5021,0.723259,0.834,-0.52356,1
WASP_162,WASP-162,310.841,168.293,-17.6578,K0,5300,1.11,0.95,0.05436,1
Kepler_551,Kepler-551,311.175,285.485,48.0544,,4286,0.63,0.65,-0.89514,1
Kepler_49,Kepler-49,311.222,292.295,40.5918,M1 V,4095.6,0.618,0.607,-1.13077,4
K2_59,K2-59,311.313,338.943,-14.0277,,5055,0.731,0.774,-0.66037,2
TOI_3837,TOI-3837,311.705,152.666,24.2731,,5905,1.2,0.89,0.19618,1
HD_208527,HD 208527,312.202,329.1,21.2399,M1 III,4035,51.1,1.6,2.86322,1
TOI_907,TOI-907,312.529,262.183,-62.8404,,6272,2.05979,1.06936,0.75862,1
TOI_2818,TOI-2818,312.674,119.06,-35.1167,,5721,1.229,0.977,0.16435,1
Kepler_532,Kepler-532,312.798,298.661,48.6063,,5192,0.79,0.87,-0.45789,1
TOI_6692,TOI-6692,312.903,312.694,-81.2724,,5890,1.385,1.047,0.31806,1
Kepler_482,Kepler-482,313.068,296.823,48.1078,,4871,0.72,0.75,-0.53864,1
HAT_P_29,HAT-P-29,313.576,33.1311,51.7788,F8,6087,1.3,1.45,0.31175,1
K2_48,K2-48,313.764,176.123,3.27238,,4899,0.73,0.77,-0.65663,1
TOI_2338,TOI-2338,313.996,81.3446,-34.6682,,5581,1.05,0.99,-0.01323,1
EPIC_206317286,EPIC 206317286,314.35,337.618,-7.97246,,4752,0.669,0.711,-0.59336,2
TOI_3856,TOI-3856,314.443,145.223,27.9502,,5622,1.055,1.096,0.00087,1
K2_237,K2-237,314.995,253.769,-28.7106,F9 V,6180,1.236,1.256,0.3032,1
K2_195,K2-195,315.014,199.832,-8.50954,,5713,0.99,0.94,-0.01196,2
Kepler_158,Kepler-158,315.177,284.032,39.7815,K,4623,0.624,0.655,-0.75667,3
HD_60292,HD 60292,315.211,114.62,66.2351,K0 III,4348,27,1.7,2.3941,1
K2_160,K2-160,315.363,184.055,-3.55309,,5649,0.913754,0.982829,-0.13676,1
Kepler_231,Kepler-231,316.618,293.973,50.5318,M1 V,3767,0.49,0.58,-1.03621,2
Kepler_130,Kepler-130,316.663,288.451,40.2452,,5884,1.127,0.927,0.19831,3
WASP_73,WASP-73,316.678,319.95,-58.1489,F9,6030,2.55,2.52,0.79502,1
K2_6,K2-6,316.819,178.192,-1.19844,,5850,0.96,0.97,-0.12006,1
Kepler_1203,Kepler-1203,317.022,292.773,44.1781,,4105,0.61,0.64,-0.85362,1
Kepler_1627,Kepler-1627,317.437,284.057,41.5767,,5445,0.84,0.87,-0.30321,1
Kepler_261,Kepler-261,317.499,291.365,37.6092,,5098,0.794,0.834,-0.471,2
WASP_22,WASP-22,317.652,52.818,-23.8198,G1 V,6000,1.24,1.46,0.245,1
TOI_2114,TOI-2114,317.845,261.096,33.2051,F5 IV,6400,1.97,1.309,0.77041,1
Kepler_1105,Kepler-1105,318.004,281.112,42.455,,4299,0.68,0.71,-0.94508,1
K2_221,K2-221,318.81,16.655,10.1897,,5716,0.947599,1.01084,-0.06367,1
TOI_1298,TOI-1298,319.036,241.323,70.19,,5752,1.4536,1.2187,0.32056,1
Kepler_1331,Kepler-1331,319.197,297.074,41.2245,,4508,0.69,0.72,-0.90934,1
TOI_4127,TOI-4127,319.632,105.405,72.4149,F V,6096,1.293,1.23,0.31639,1
Kepler_1444,Kepler-1444,319.675,285.331,42.0405,,5810,1.05,1.03,0.02131,1
EPIC_212587672,EPIC 212587672,320.07,205.445,-10.8625,,6004,0.98,0.99,0.03848,2
K2_347,K2-347,320.336,126.373,23.2974,,4599,0.63,0.66,-0.89434,1
HAT_P_4,HAT-P-4,320.451,229.991,36.2295,F,5860,1.596,1.248,0.431,1
Kepler_1507,Kepler-1507,320.478,288.562,46.5361,,5410,0.85,0.89,-0.32427,1
TOI_6628,TOI-6628,320.527,225.837,-35.2306,,5463,1.01,0.97,-0.08778,1
Kepler_2000,Kepler-2000,320.588,285.574,49.9621,,3757,0.576,0.581,-1.05272,2
HAT_P_56,HAT-P-56,320.639,100.848,27.2522,F8,6566,1.47,1.42,0.55274,1
Kepler_808,Kepler-808,321,291.594,48.4455,,4653,0.71,0.76,-0.6837,1
Kepler_1347,Kepler-1347,321,299.66,40.8439,,5193,0.79,0.82,-0.388,1
WASP_56,WASP-56,321.084,183.366,23.0557,G6,5600,0.96,0.71,0.10256,1
K2_231,K2-231,321.215,289.092,-15.7712,,5695,0.95,1.01,-0.11208,1
EPIC_249893012,EPIC 249893012,321.296,228.248,-16.7246,G8 IV/V,5430,1.71,1.05,0.35568,3
KELT_18,KELT-18,321.376,216.524,59.4443,F4 V,6670,1.908,1.524,0.81291,1
Kepler_52,Kepler-52,321.542,286.738,49.9757,M0 V,4075,0.52,0.54,-0.99568,3
K2_118,K2-118,321.722,132.127,15.6559,,4726.29,0.734626,0.756446,-0.56055,1
CoRoT_8,CoRoT-8,322.037,291.589,1.4263,K1 V,5080,0.77,0.88,-0.4,1
WASP_24,WASP-24,322.114,227.215,2.34329,,6075,1.42,1.43,0.33131,1
NGTS_14_A,NGTS-14 A,322.148,328.517,-38.3774,K1 V,5187,0.842,0.898,-0.31088,1
TOI_1296,TOI-1296,323.265,256.771,70.2385,,5567,1.7031,1.1576,0.40157,1
HD_112640,HD 112640,323.335,194.242,67.2429,K0 III,4155,39,1.8,2.45255,1
Kepler_32,Kepler-32,323.847,297.842,46.5744,M1 V,3900,0.53,0.58,-1.29243,5
Kepler_580,Kepler-580,323.899,283.5,40.5528,,4298,0.64,0.67,-0.89626,1
Kepler_333,Kepler-333,324.413,292.286,40.9135,,4259,0.534,0.601,-0.92812,2
HATS_49,HATS-49,324.413,6.61359,-56.3443,,4405,0.6977,0.7133,-0.78489,1
Kepler_993,Kepler-993,324.423,292.614,44.3947,,3843,0.54,0.57,-1.22868,1
TIC_241249530,TIC 241249530,324.448,95.3089,53.295,,6166,1.397,1.271,0.40824,1
HD_220074,HD 220074,324.54,350.06,61.9701,M2 III,3787,54.92,2.2,2.89354,1
Kepler_508,Kepler-508,324.618,295.404,42.9813,,6025,1.25,1.16,0.28949,1
KELT_15,KELT-15,324.683,117.415,-52.1204,,6003,1.78,2.06,0.41162,1
NGTS_10,NGTS-10,324.699,91.8723,-25.5949,K,4567,0.7,0.696,-0.75673,1
WASP_183,WASP-183,325.377,163.789,-0.737066,G9,5313,0.871,0.784,-0.20873,1
K2_219,K2-219,325.4,12.8453,8.86755,,5753,1.18923,1.02154,0.15097,3
Kepler_1558,Kepler-1558,325.737,286.819,46.9118,,5101,0.79,0.83,-0.48006,1
Kepler_1928,Kepler-1928,326.362,290.441,38.5236,,5720,0.92,1.01,-0.09151,1
K2_12,K2-12,326.381,173.192,2.24468,F9,5672,1.117,0.965,0.07181,1
WASP_164,WASP-164,327.506,344.874,-60.4478,G2 V,5806,0.932,0.946,-0.06732,1
WASP_182,WASP-182,327.602,311.673,-41.821,G5,5638,1.34,1.076,0.15545,1
K2_268,K2-268,327.783,133.709,11.8483,,5106,0.78,0.84,-0.42942,5
TOI_2421,TOI-2421,327.927,33.154,-35.3909,,5607,1.75,1.131,0.436,1
Kepler_1933,Kepler-1933,328.007,283.995,39.917,,5661,1.008,0.964,-0.11595,1
TOI_2005,TOI-2005,328.475,164.032,-43.3767,,7130,2.02,1.59,0.96237,1
Kepler_973,Kepler-973,328.52,290.165,49.9238,,5213,0.78,0.86,-0.34416,1
TOI_1232,TOI-1232,328.604,116.501,-61.8798,G1 V,5823,1.072,1.058,0.07298,2
TOI_4791,TOI-4791,328.802,109.388,-19.8289,,6058,1.409,1.242,0.38021,1
Qatar_4,Qatar-4,329.036,4.85928,44.0276,K1 V,5215,0.849,0.896,-0.31785,1
K2_183,K2-183,329.041,125.007,14.0195,,5482,0.87,0.942219,-0.13179,3
TOI_4994,TOI-4994,329.304,283.133,-78.4344,,5640,1.055,1.005,0.0086,1
K2_11,K2-11,329.309,169.042,1.98668,G8,5433,5.15,1.35,-0.31039,1
Kepler_615,Kepler-615,330,282.451,46.3214,,4655,0.69,0.73,-0.695,1
Kepler_197,Kepler-197,330.575,295.226,50.5592,,6004,1.12,0.857,0.22187,4
HAT_P_70,HAT-P-70,330.739,74.5523,9.99798,,8450,1.858,1.89,1.22272,1
K2_186,K2-186,330.739,135.335,18.8253,,5784,0.98083,1.01862,0.0504,1
K2_187,K2-187,330.916,132.524,23.1925,,5438,0.83,0.966999,-0.19607,4
Kepler_1630,Kepler-1630,331.213,297.508,43.7111,,4736,0.63,0.66,-0.6464,1
TOI_5335,TOI-5335,331.289,46.9524,15.3591,,5528.92,0.916633,0.945,-0.18268,1
Kepler_970,Kepler-970,331.545,289.625,40.7087,,4290,0.71,0.67,-0.77469,1
Kepler_1492,Kepler-1492,331.553,288.597,41.0363,,4712,0.72,0.77,-0.75433,1
Kepler_509,Kepler-509,332.443,289.664,48.7062,,6060,1.2,1.1,0.23291,1
TOI_1294,TOI-1294,332.648,223.093,70.4766,,5718,1.5566,1.1578,0.36847,2
K2_30,K2-30,333.042,52.3421,22.2993,G6 V,5425,0.844,0.9,-0.25649,1
WASP_157,WASP-157,334.037,201.655,-8.31764,G2 V,5772,1.1,1.06,0.07934,1
Kepler_134,Kepler-134,334.797,284.739,49.5984,,5983,1.176,0.956,0.06051,2
K2_16,K2-16,334.967,175.097,4.55743,K3 V,4742,0.66,0.68,-0.76082,3
TOI_4137,TOI-4137,334.993,77.6129,70.3911,,6202,1.438,1.313,0.43933,1
Kepler_61,Kepler-61,335.079,295.304,42.4753,K7 V,4017,0.62,0.635,-0.97062,1
Kepler_1544,Kepler-1544,335.09,297.285,49.2125,,4886,0.74,0.81,-0.606,1
Kepler_26,Kepler-26,335.307,284.941,46.5665,M0 V,4486,0.571,0.593,-1.06048,4
Kepler_1665,Kepler-1665,335.515,290.396,41.0399,,5049.84,0.777785,0.842,-0.45048,1
TOI_2025,TOI-2025,335.985,282.795,82.2454,,5977,1.459,1.199,0.38739,1
Kepler_1629,Kepler-1629,336.09,280.207,43.7743,,5776,1.01,1.01,-0.13437,1
EPIC_212737443,EPIC 212737443,336.25,204.222,-7.31806,K3,4684,0.673,0.69,-0.75057,2
TOI_150,TOI-150,336.267,112.965,-73.606,F,6255,1.526,1.351,0.49651,1
TOI_1601,TOI-1601,336.608,38.3616,41.0134,,5982,2.195,1.5055,0.74772,1
Kepler_1826,Kepler-1826,336.952,292.77,48.8998,,3821,0.486,0.49,-1.12218,1
TOI_2193_A,TOI-2193 A,337.064,313.691,-72.8046,,5966,1.248,1.082,0.25018,1
TOI_5292_A,TOI-5292 A,337.095,344.222,-8.11975,M0&plusmn;0.5,3919,0.611,0.596,-1.10127,1
TOI_3053,TOI-3053,337.627,148.573,-64.2969,G8-K0 V,5378,0.97,0.96,-0.1605,1
Kepler_518,Kepler-518,337.901,287.09,41.3738,,5842,0.88,0.96,-0.04002,1
Kepler_1663,Kepler-1663,337.926,290.402,48.8227,,3844,0.62859,0.610816,-1.10944,1
Kepler_407,Kepler-407,338.368,286.036,49.6145,G,5487,1.04,0.99,-0.10791,2
CoRoT_10,CoRoT-10,338.386,291.064,0.746014,K1 V,5075,0.79,0.89,-0.72608,1
Kepler_971,Kepler-971,338.522,284.095,41.1828,,5431,0.85,0.88,-0.29873,1
Kepler_108,Kepler-108,338.732,294.559,46.0624,,5854,2.192,1.247,0.707,2
HAT_P_61,HAT-P-61,338.84,75.4802,50.1312,,5587,0.938,1.004,-0.1152,1
TOI_4562,TOI-4562,339.605,112.01,-63.5178,F7 V,6096,1.152,1.192,0.25285,2
TOI_6677,TOI-6677,340.52,290.472,-46.875,,6572.28,1.57167,1.45,0.6672,1
TOI_892,TOI-892,340.543,86.7382,-11.2353,F,6261,1.39,1.28,0.43136,1
Kepler_1350,Kepler-1350,340.691,288.251,46.6795,,3827,0.53,0.55,-1.2834,2
Kepler_1998,Kepler-1998,340.965,283.429,47.5924,,5640,0.921,0.962,-0.0658,1
HAT_P_7,HAT-P-7,341.079,292.247,47.9695,F6 V,6389,2,1.56,0.8142,1
TOI_791,TOI-791,341.221,118.435,-69.7017,F7,6294,1.474,1.28,0.57642,2
HAT_P_69,HAT-P-69,341.263,130.506,3.71057,,7394,1.926,1.648,1,1
Kepler_1643,Kepler-1643,341.774,300.431,44.751,,4916,0.855,0.845,-0.47156,1
Kepler_167,Kepler-167,341.908,292.659,38.3456,K4,4884,0.749,0.777,-0.5391,4
HATS_2,HATS-2,341.925,176.739,-22.563,K,5227,0.876,0.904,-0.268,1
TOI_640,TOI-640,341.997,99.7346,-36.6461,,6460,2.082,1.536,0.83442,1
HATS_30,HATS-30,342.14,5.61852,-59.9426,G,5943,1.061,1.093,0.09691,1
Kepler_1157,Kepler-1157,342.144,283.121,43.5256,,4679,0.71,0.76,-0.67539,1
Kepler_674,Kepler-674,342.254,285.176,50.1497,,4192,0.57,0.6,-0.90665,1
K2_13,K2-13,342.394,170.155,2.50275,G3,5698,0.78,0.8,-0.13534,1
Kepler_1190,Kepler-1190,342.509,285,49.48,,4730,0.72,0.76,-0.7272,1
TOI_4504,TOI-4504,342.605,114.467,-62.0783,K1 V,5315,0.93,0.875,-0.20761,3
TOI_172,TOI-172,342.831,316.632,-26.6929,,5645,1.777,1.128,0.4609,1
WASP_161,WASP-161,343.08,126.338,-11.501,,6400,1.712,1.39,0.64738,1
Kepler_1063,Kepler-1063,343.226,290.527,38.1428,,5945,1.14,1.09,0.166,1
HATS_38,HATS-38,343.525,154.271,-25.2763,,5732,1.105,0.89,0.07151,1
PH2,PH2,343.863,289.764,51.9627,G3,5734,0.949,0.966,-0.05849,1
K2_333,K2-333,343.99,136.789,15.2057,,5880,1.22,1.06,0.16523,1
TOI_2641,TOI-2641,344.045,171.13,-42.7321,F9 V,6100,1.336,1.16,0.34044,1
HAT_P_31,HAT-P-31,344.05,271.538,26.4266,,6065,1.39,1.31,0.43315,1
Kepler_332,Kepler-332,344.19,286.663,47.4137,,4955,0.72,0.743,-0.5837,3
Kepler_1066,Kepler-1066,344.251,298.867,46.5022,,5762,0.98,0.98,-0.18995,1
Kepler_1902,Kepler-1902,344.337,292.738,42.0148,,3729,0.514,0.52,-1.11736,1
Kepler_479,Kepler-479,344.901,291.022,37.7699,,5247,0.81,0.86,-0.40903,1
TOI_4940,TOI-4940,345.659,58.2512,-62.408,G8 V,5504,1.163,1.012,0.04766,1
TOI_5422,TOI-5422,346.141,86.8436,25.626,,5820,1.474,1.066,0.35218,1
TOI_4214,TOI-4214,346.881,110.25,-13.9263,,6370,1.434,1.382,0.48287,1
HD_102272,HD 102272,347.097,176.598,14.124,K0,4790,10.3,1.45,1.66167,1
TOI_159,TOI-159,347.593,51.7823,-78.5498,F0 V,7287,1.62,1.661,0.82217,1
HAT_P_44,HAT-P-44,347.85,213.144,47.0148,,5295,0.949,0.942,-0.194,2
K2_140,K2-140,347.917,188.137,-9.60761,G6 V,5585,1.06,0.96,-0.04915,1
HAT_P_41,HAT-P-41,348.185,297.323,4.67241,,6390,2.05,2.56,0.628,1
Kepler_81,Kepler-81,348.291,293.637,42.8248,M0 V,4500,0.595,0.648,-0.88941,3
WASP_28,WASP-28,348.494,353.616,-1.57998,F8,6084,1.083,0.993,0.15,1
Kepler_421,Kepler-421,348.558,283.257,45.0877,G9/K0,5308,0.757,0.794,-0.398,1
K2_34,K2-34,348.646,127.579,22.2359,F,6168,1.42,1.16,0.3997,1
HAT_P_62,HAT-P-62,348.815,74.5044,48.3009,,5629,1.17,1.023,0.09061,1
TOI_5542,TOI-5542,348.849,302.798,-61.1355,G3 V,5700,1.058,0.89,1.057,1
Kepler_632,Kepler-632,349,297.253,40.2886,,5322,0.84,0.91,-0.292,1
Kepler_1513,Kepler-1513,349.247,289.792,39.2853,G V,5491,0.95,0.943,-0.12901,2
Kepler_132,Kepler-132,349.549,283.236,41.343,,6003,1.178,0.929,0.211,4
K2_47,K2-47,349.881,168.583,2.78056,,5054,0.76,0.75,-0.48202,1
Kepler_98,Kepler-98,350.315,285.662,37.9646,,5539,1.11,0.99,-0.13324,1
TOI_2796,TOI-2796,350.343,84.1527,0.896279,,5764,1.069,1.063,0.05538,1
HAT_P_49,HAT-P-49,350.351,305.441,26.6927,F3,6820,2.06,2.22,0.814,1
Kepler_1800,Kepler-1800,350.455,297.651,40.3524,,5343,2.506,1.33,-0.18759,1
Kepler_1026,Kepler-1026,351.239,283.605,39.9979,,4948,0.75,0.79,-0.61688,1
TOI_2169_A,TOI-2169 A,351.487,279.17,23.2586,,6270,1.82,1.42,0.66558,1
Kepler_1628,Kepler-1628,352,281.634,43.4116,,3724,0.52,0.55,-1.33,1
Kepler_907,Kepler-907,352,285.476,41.6327,,6106,1.38,1.08,0.378,1
WASP_106,WASP-106,352.181,166.43,-5.07949,F9 D,6002,1.47,1.175,0.42198,1
TOI_333,TOI-333,352.269,353.357,-41.1715,,6241,1.1,1.2,0.21559,1
WASP_96,WASP-96,352.464,1.04657,-47.3606,G8,5540,1.05,1.06,0.00217,1
Kepler_127,Kepler-127,352.794,285.19,46.0281,,6106,1.359,1.248,0.40651,3
HATS_29,HATS-29,353.891,285.097,-54.8933,G,5670,1.073,1.032,0.02938,1
Kepler_1009,Kepler-1009,355.019,282.86,42.6658,,4027,0.57,0.59,-0.98735,1
WASP_144,WASP-144,355.513,320.763,-40.0484,K2 V,5200,0.81,0.81,-0.12928,1
K2_356,K2-356,355.54,128.322,13.6614,,5568,0.86,0.9,-0.24375,1
TOI_2236,TOI-2236,355.59,20.166,-86.98,,6248,1.573,1.343,0.53275,1
TOI_157,TOI-157,355.683,73.7014,-76.6806,G9 IV,5404,1.167,0.948,0.01995,1
NGTS_2,NGTS-2,356.391,215.123,-31.2021,F5 V,6478,1.702,1.64,0.63077,1
Kepler_1671,Kepler-1671,357.059,291.748,39.4468,,5135.55,0.929771,0.866,-0.26621,1
Kepler_1455,Kepler-1455,357.621,294.083,50.5028,,4075,0.6,0.62,-1.14066,1
K2_225,K2-225,357.778,186.541,-9.62482,,5520,1.7,1.482,0.38202,1
Kepler_1150,Kepler-1150,358.518,296.724,49.5327,,4754,0.72,0.76,-0.66578,1
K2_374,K2-374,359.439,137.379,16.3558,G3,5789,0.907,0.731,-0.05943,2
Kepler_1465,Kepler-1465,359.497,289.819,51.9049,,4726,0.71,0.75,-0.65202,1
TrES_5,TrES-5,360.313,305.222,59.4489,,5171,0.868,0.901,-0.34382,1
K2_339,K2-339,360.36,130.083,18.6929,,4857,0.72,0.74,-0.65173,1
TOI_615,TOI-615,360.408,133.409,-40.5437,F2 V,6850,1.732,1.449,0.7679,1
Kepler_1956,Kepler-1956,360.468,294.621,49.8942,,4391,0.682,0.671,-1.04512,1
K2_269,K2-269,360.76,130.155,13.0147,,6209,1.45,1.16,0.46786,1
K2_181,K2-181,360.911,127.554,10.9101,,5528,1.06,0.96,-0.01252,1
Kepler_1898,Kepler-1898,360.921,287.206,38.4982,,5702,1.125,0.837,-0.23539,1
HAT_P_52,HAT-P-52,361.155,42.7217,29.0222,K1,5131,0.893,0.887,-0.30452,1
TOI_2570,TOI-2570,361.857,87.188,32.084,,5771,1.095,1.063,0.07882,1
Kepler_806,Kepler-806,361.896,296.007,44.8536,,5770,1.16,0.99,0.40655,1
WASP_193,WASP-193,362.087,164.349,-29.9971,F9,6080,1.213,1.018,0.26007,1
HATS_43,HATS-43,362.273,80.5382,-30.9708,,5099,0.812,0.837,-0.39794,1
TOI_1814,TOI-1814,362.522,236.817,77.2326,,4872.84,2.3895,1,0.463,1
Kepler_1087,Kepler-1087,362.623,294.979,46.0057,,5589,0.94,0.96,-0.09746,1
WASP_71,WASP-71,362.715,29.2635,0.758825,F8,6050,1.82,0.76,0.76845,1
K2_207,K2-207,363.064,11.6996,0.640618,,5522,0.928158,0.941851,-0.17314,1
Gaia_1,Gaia-1,363.66,90.6437,-0.57711,,5470,0.952,0.949,-0.1588,1
Kepler_406,Kepler-406,364.03,291.848,44.9683,,5538,1.07,1.07,0.0482,2
K2_14,K2-14,364.048,178.057,2.59412,M0,3789,0.45,0.47,-0.96847,1
WASP_100,WASP-100,364.411,68.9598,-64.027,F2,6900,1.57,0.77,0.76571,1
WASP_44,WASP-44,364.512,3.90327,-11.9383,G8 V,5420,0.906,0.935,-0.19777,1
TOI_6016,TOI-6016,364.715,4.52396,59.7662,F,6110,1.51,1.31,0.4609,1
HAT_P_23,HAT-P-23,364.813,306.124,16.7621,G0,5905,1.203,1.13,0.199,1
Kepler_1007,Kepler-1007,365,295.907,45.8091,,4587,0.7,0.73,-0.56838,1
K2_119,K2-119,365.581,132.01,16.9018,,4740,0.71,0.76,-0.68533,1
Kepler_442,Kepler-442,365.965,285.367,39.2801,,4402,0.598,0.609,-0.932,1
Kepler_1029,Kepler-1029,366.656,292.133,41.5475,,5030,0.77,0.82,-0.61975,1
TOI_3362,TOI-3362,366.987,155.984,-56.8431,,6532,1.83,1.445,0.73878,1
Kepler_477,Kepler-477,367,288.067,42.3553,,5240,0.79,0.87,-0.372,1
Kepler_1410,Kepler-1410,367,290.51,38.7435,,4092,0.6,0.63,-1.158,1
Qatar_5,Qatar-5,367.658,7.05394,42.0613,G2 V,5747,1.076,1.128,0.05614,1
KELT_12,KELT-12,368.03,267.64,36.5702,,6279,2.37,1.591,0.89209,1
Kepler_80,Kepler-80,369.451,296.113,39.9787,K5,4540,0.678,0.73,-0.76955,6
Kepler_489,Kepler-489,369.645,290.833,38.1842,,5014,0.76,0.82,-0.51802,1
EPIC_206024342,EPIC 206024342,369.888,331.277,-14.1218,,5724,1.1,0.928,-0.16992,3
WASP_64,WASP-64,369.926,101.115,-32.8584,G7,5400,1.058,1.004,-0.022,1
WASP_93,WASP-93,370.284,9.45874,51.2888,F4,6700,1.524,1.334,0.61784,1
Kepler_1456,Kepler-1456,370.312,286.945,43.8228,,4231,0.62,0.64,-0.957,1
TOI_3457,TOI-3457,370.666,183.208,-79.7572,,6300,1.474,1.04,0.2927,1
Kepler_1339,Kepler-1339,371.049,283.746,48.3735,,5586,0.93,0.94,0.18765,1
WASP_187,WASP-187,371.414,17.4747,25.6816,F,6150,2.83,1.54,0.96727,1
HAT_P_67,HAT-P-67,371.686,256.611,44.7769,,6640,2.62,1.73,1.07773,1
K2_334,K2-334,371.823,136.489,16.3255,,6502,1.49,1.36,0.51362,1
Kepler_629,Kepler-629,372.05,289.418,39.9451,,5444,0.84,0.93,-0.28344,1
HD_240210,HD 240210,372.405,347.622,57.0295,K3 III,4297,25.4568,0.82,1.55,1
EPIC_246851721,EPIC 246851721,372.632,78.9198,16.2787,F5 V,6202,1.586,1.317,0.52634,1
K2_294,K2-294,373.078,352.052,-7.60379,,5612,1.2,0.987,0.08751,1
TOI_2207,TOI-2207,373.345,307.597,-44.8876,,6101,1.564,1.296,0.4843,1
TIC_77552382,TIC 77552382,373.415,152.513,-4.90353,,4981.07,0.886956,0.83,-0.35293,1
TOI_2587_A,TOI-2587 A,373.675,115.932,-1.07333,,5760,1.726,1.15,0.47129,1
Kepler_159,Kepler-159,373.744,297.07,40.8687,M0 V,4625,0.663,0.628,-0.75443,2
Kepler_1064,Kepler-1064,374,291.742,37.6888,,5153,0.79,0.85,-0.401,1
Kepler_1846,Kepler-1846,374.615,294.391,44.763,,4825,0.732,0.785,-0.53047,1
WASP_46,WASP-46,375.31,318.737,-55.8719,G6 V,5600,0.858,0.828,-0.11113,1
Kepler_1718,Kepler-1718,375.522,292.235,42.9095,,5731,0.906,0.846,-0.0399,1
WASP_103,WASP-103,375.647,249.315,7.18338,F8 V,6110,1.436,1.22,0.413,1
K2_164,K2-164,375.67,171.934,-0.0628488,,5791,2.19607,1.18089,0.59002,1
HD_216536,HD 216536,376.233,343.267,44.4777,K0,4639,9.83,0.81,1.8,1
WASP_118,WASP-118,376.658,19.5506,2.70278,F6,6410,1.696,1.32,0.65885,1
KOI_142,KOI-142,376.863,291.148,40.6694,G,5466,0.897,0.99,-0.16507,3
TOI_5261,TOI-5261,377.054,305.459,19.4358,,5790,1.021,1.037,0.02078,1
Kepler_1173,Kepler-1173,377.06,293.131,45.6634,,5252,0.82,0.86,-0.43521,1
TOI_5218,TOI-5218,377.483,292.663,71.763,,4230,0.708,0.739,-0.82391,1
K2_74,K2-74,377.822,339.919,-8.71457,,6060,0.98,0.96,0.05957,1
Kepler_1096,Kepler-1096,377.976,294.709,45.9696,,4306,0.63,0.66,-0.84044,1
Kepler_547,Kepler-547,378.972,286.119,44.3452,,4828,0.73,0.78,-0.55508,1
TOI_2580,TOI-2580,379.253,62.1992,67.1165,F,6120,1.81,1.33,0.61595,1
Kepler_252,Kepler-252,379.424,295.579,44.5459,M0 V,4208,0.549,0.61,-0.78566,2
WASP_120,WASP-120,381.174,62.6161,-45.8982,F5,6450,1.68443,1.393,0.67509,1
Kepler_1524,Kepler-1524,381.773,293.885,39.5198,,6179,1.25,1.17,-0.00637,1
K2_217,K2-217,381.878,11.2984,6.48159,,5967,1.33372,1.10266,0.23239,1
Kepler_45,Kepler-45,381.949,292.873,41.0642,M,3820,0.55,0.59,-1.27572,1
Kepler_484,Kepler-484,382.136,284.394,46.2491,,5668,0.87,0.96,-0.13505,1
Kepler_951,Kepler-951,382.509,287.738,38.1146,,4834,0.73,0.77,-0.64183,1
NGTS_20,NGTS-20,382.898,46.2926,-21.9336,G1 IV,5980,1.78,1.47,0.64503,1
Kepler_1525,Kepler-1525,382.989,290.559,49.9429,,5748,1.04,1.07,-0.0112,1
WASP_31,WASP-31,383.829,169.439,-19.0548,,6302,1.252,1.163,0.33572,1
TOI_4582,TOI-4582,383.846,256.86,68.8656,,5190,2.5,1.34,0.612,1
Kepler_321,Kepler-321,384.542,294.454,44.1458,,5740,1.194,1.024,-0.00798,2
Kepler_353,Kepler-353,384.694,296.857,41.7581,,3903,0.504,0.553,-1.18709,2
Kepler_174,Kepler-174,384.757,287.439,43.832,,4880,0.622,0.602,-0.5704,3
TIC_87422071,TIC 87422071,384.758,273.035,-44.2434,,6150,1.489,1.239,0.44716,1
Kepler_144,Kepler-144,384.917,281.916,42.7756,,6075,1.235,1.154,0.28203,2
Kepler_316,Kepler-316,384.938,290.826,44.1839,,4204,0.52,0.587,-0.93554,2
Kepler_221,Kepler-221,385.231,296.655,46.8352,,5243,0.821,0.854,-0.40429,4
Kepler_1759,Kepler-1759,385.348,298.466,48.5593,,5017,0.797,0.76,-0.56331,1
HATS_76,HATS-76,385.689,70.3398,-32.3204,,4016,0.6259,0.662,-1.0381,1
Kepler_510,Kepler-510,386.177,287.655,39.2442,,5746,1.41,0.91,0.33243,1
WASP_36,WASP-36,386.346,131.58,-8.02699,,5959,0.985,1.081,0.00087,1
TOI_6448,TOI-6448,386.879,110.17,-33.9223,,5910,0.897,1.03,-0.04191,1
Kepler_1536,Kepler-1536,387.248,291.585,45.7159,,4434,0.67,0.71,-0.8224,1
TIC_356227008,TIC 356227008,387.609,267.251,50.1308,,5731.86,0.959792,1.02,-0.05745,1
TOI_1295,TOI-1295,388.227,256.672,67.8715,F,6280,1.7,1.38,0.58659,1
Kepler_658,Kepler-658,388.384,282.984,47.5784,,4103,0.6,0.63,-0.89922,1
Kepler_120,Kepler-120,388.63,287.892,39.3391,M0 V,4096,0.534,0.654,-0.67701,2
Kepler_621,Kepler-621,389,290.927,39.9141,,4521,0.68,0.72,-0.759,1
Kepler_1361,Kepler-1361,389.143,283.565,46.9042,,5131,0.79,0.83,-0.43672,1
Kepler_1055,Kepler-1055,389.397,290.487,44.9325,,5723,0.94,0.98,-0.14818,1
Kepler_991,Kepler-991,389.561,297.091,49.6265,,4392,0.61,0.64,-0.83074,1
HATS_51,HATS-51,389.57,102.847,-29.0587,,5758,1.44,1.187,0.30963,1
K2_213,K2-213,389.702,13.1404,3.50777,,5794,1.20424,1.0696,0.24679,1
TOI_3023,TOI-3023,389.916,165.316,-72.3567,,5760,1.668,1.12,0.44404,1
Kepler_969,Kepler-969,390.354,288.372,47.9336,,5214,0.82,0.92,-0.38876,2
Kepler_540,Kepler-540,390.374,290.625,44.8738,,5946,1.08,1.02,0.20658,1
TOI_5616,TOI-5616,390.415,184.902,48.6833,,3996,0.646,0.666,-0.99268,1
TOI_5153,TOI-5153,390.484,91.5403,-19.9534,F8 V,6300,1.4,1.24,0.46423,1
Kepler_1726,Kepler-1726,390.552,284.386,45.7197,,5316,0.804,0.876,-0.36975,1
HAT_P_37,HAT-P-37,390.594,284.296,51.2691,,5500,0.877,0.929,-0.208,1
Kepler_139,Kepler-139,391.038,282.392,43.8894,,5622,1.045,1.078,0.01598,5
Kepler_1672,Kepler-1672,391.181,297.94,40.2786,,6131.95,1.08841,1.16,0.17867,1
K2_280,K2-280,391.537,291.595,-22.2477,,5500,1.28,1.03,0.13976,1
Kepler_507,Kepler-507,391.644,297.019,50.409,,6113,1.32,1.16,0.32648,1
K2_293,K2-293,392.251,351.606,-6.02791,,5532,0.947,0.958,-0.18023,1
TOI_5110,TOI-5110,392.259,94.4043,31.6103,,6160,2.333,1.469,0.84696,1
Kepler_1990,Kepler-1990,392.739,299.705,44.4357,,5751,1.071,1.028,0.11702,2
WASP_37,WASP-37,392.791,221.944,1.06502,,5800,1.003,0.925,-0.021,1
K2_170,K2-170,392.872,335.451,-14.5934,,5748,0.981614,0.963657,0.0717,2
WASP_1,WASP-1,393.072,5.16695,31.99,F7 V,6110,1.47,1.24,0.44091,1
TOI_2669,TOI-2669,393.443,134.723,-13.3126,,4800,4.1,1.19,0.906,1
Kepler_1141,Kepler-1141,393.642,290.544,47.7259,,5791,1.07,1.01,0.1551,1
K2_218,K2-218,394.083,12.8096,6.84643,,5757,1.00823,1.04749,-0.00284,1
TOI_5386_A,TOI-5386 A,394.486,226.107,60.5362,,6094,1.245,1.165,0.28488,1
Kepler_652,Kepler-652,394.55,288.008,46.4736,,5490,0.88,0.97,-0.27008,1
Kepler_463,Kepler-463,394.804,298.937,44.8579,,5661,0.9,0.87,0.07904,1
Kepler_1798,Kepler-1798,395.196,291.726,37.529,,3967,0.587,0.593,-0.95681,1
TOI_2525,TOI-2525,395.398,86.851,-60.5213,K8 V,5096,0.785,0.849,-0.44009,2
TIC_290487717,TIC 290487717,395.574,139.087,2.55081,,5328.97,0.943767,0.92,-0.1841,1
HD_96992,HD 96992,396.082,167.597,43.919,K0,4725,7.43,0.96,1.47,1
HAT_P_33,HAT-P-33,396.11,113.184,33.835,F4,6446,1.79,1.82,0.618,1
TOI_375,TOI-375,396.213,47.1499,-77.3833,,5259.9,2.9,1.441,0.75997,3
2MASS_J19383260_4603591,2MASS J19383260+4603591,396.332,294.636,46.0664,,29564,0.203,0.48,1.45,3
TOI_3688_A,TOI-3688 A,396.378,39.2823,54.8512,,5950,1.302,1.199,0.2833,1
Kepler_128,Kepler-128,396.379,282.492,43.9802,,6072,1.659,1.184,0.57542,2
TIC_249022743,TIC 249022743,396.46,78.5762,-3.44661,,5567.58,1.2084,1,0.12392,1
K2_42,K2-42,396.913,176.666,-5.17205,,4613,0.643,0.702,-0.70324,1
Kepler_1514,Kepler-1514,397.292,292.627,37.8602,,6145,1.289,1.196,0.32838,2
Kepler_1062,Kepler-1062,397.455,283.899,41.2216,,4597,0.7,0.75,-0.6822,1
TOI_2485,TOI-2485,397.953,205.204,22.984,,6016.4,1.72,1.163,0.51983,1
WASP_57,WASP-57,398.276,223.82,-2.05769,G6,5600,0.927,0.886,-0.00509,1
WASP_81,WASP-81,398.505,304.208,3.29395,,5870,1.283,1.08,0.24551,1
Kepler_775,Kepler-775,398.676,291.433,41.7033,,5468,0.84,0.92,-0.26699,1
TOI_1338_A,TOI-1338 A,399.017,92.1331,-59.541,F8,5723.2,1.313,1.0936,0.32898,2
Kepler_755,Kepler-755,399.034,296.861,41.0973,,5043,0.77,0.82,-0.45664,2
Kepler_1542,Kepler-1542,399.114,285.728,42.6545,,5564,0.99,0.94,0.07026,4
KOI_12,KOI-12,399.398,297.454,41.011,,6635,1.4,1.5,0.62645,2
WASP_155,WASP-155,399.63,347.98,33.0476,,5660,1.24,1.09,0.14142,1
Kepler_910,Kepler-910,400.289,296.047,42.7429,,6230,1.5,1.26,0.49442,1
HATS_17,HATS-17,400.331,192.19,-47.6137,G V,5846,1.091,1.131,0.09342,1
Kepler_83,Kepler-83,400.409,282.233,43.6656,M0 V,4082,0.61,0.66,-1.10237,3
Kepler_322,Kepler-322,400.48,281.349,44.2953,,5388,0.89,0.908,-0.28786,2
Kepler_104,Kepler-104,400.785,287.605,42.1665,,5711,1.349,0.818,0.08926,3
Kepler_97,Kepler-97,400.907,287.327,48.6733,,5779,0.98,0.94,-0.02505,2
KIC_3526061,KIC 3526061,401.229,285.186,38.6111,,4829,5.86,1.42,1.21484,1
HAT_P_28,HAT-P-28,401.319,13.0009,34.7284,G3,5680,1.103,1.025,0.053,1
Kepler_1367,Kepler-1367,401.484,288.417,47.8787,,4106,0.6,0.62,-0.90488,1
TOI_558,TOI-558,402.63,42.2915,-58.0247,F V,6466,1.496,1.349,0.54654,1
K2_283,K2-283,402.915,13.1944,9.69292,,5060,0.82,0.89,-0.52364,1
Kepler_1888,Kepler-1888,402.947,289.395,41.7823,,5557,1.249,0.897,0.37424,1
HAT_P_63,HAT-P-63,403.458,269.572,5.76137,,5400,0.9661,0.925,-0.1463,1
K2_8,K2-8,403.513,169.794,-0.284439,K3 V,4870,0.74,0.78,-0.55319,2
HATS_58_A,HATS-58 A,403.591,186.787,-48.9784,,7175,1.433,1.461,0.68931,1
Kepler_1583,Kepler-1583,403.933,286.387,47.0165,,5645,0.91,0.94,-0.01774,1
K2_215,K2-215,403.964,18.4701,6.12386,,5704,0.974398,0.999987,-0.02639,1
TOI_3682,TOI-3682,404.211,50.2752,25.2973,,5703,1.735,1.32,0.45788,1
Kepler_271,Kepler-271,404.542,283.003,44.2841,,5555,0.87,0.9,-0.25319,3
Kepler_1027,Kepler-1027,405.104,287.571,42.8138,,5436,0.82,0.91,0.01051,1
HAT_P_42,HAT-P-42,405.238,135.344,6.09708,,5743,1.53,1.178,0.356,1
K2_205,K2-205,405.301,15.2176,0.425966,,5890,1.07757,0.951027,0.19406,1
Kepler_1084,Kepler-1084,405.533,290.102,48.2511,,6113,1.28,1.12,0.25259,1
K2_61,K2-61,405.732,339.675,-13.56,,5748,0.995,0.97,-0.01524,1
WASP_17,WASP-17,405.908,239.962,-28.0618,F4,6550,1.49,2.28,0.61272,1
K2_248,K2-248,406.254,182.817,-9.41417,,5528,0.92,0.88,-0.18938,1
Kepler_169,Kepler-169,406.529,286,40.9194,,4997,0.763,0.825,-0.49611,5
K2_392,K2-392,406.985,354.65,-7.47888,G3,5726,1.058,0.841,0.04791,1
Kepler_1870,Kepler-1870,407.216,293.934,40.5907,,5508,0.84,0.955,-0.22577,1
TOI_169,TOI-169,407.84,16.7787,-75.1989,G1 V,5880,1.288,1.147,0.25261,1
Kepler_1874,Kepler-1874,408.007,286.372,43.6921,,4701,0.775,0.758,-0.577,1
Kepler_1002,Kepler-1002,408.303,293.079,43.0737,,6144,1.57,1.22,0.501,1
Kepler_129,Kepler-129,408.845,285.311,47.8485,G4 V,5770,1.653,1.178,0.46365,3
Kepler_1714,Kepler-1714,409.46,293.716,46.2267,,6150,2.086,1.448,0.76008,1
Kepler_1809,Kepler-1809,409.602,290.265,40.5485,,4901,0.716,0.807,-0.47061,1
WASP_174,WASP-174,410.149,195.794,-41.3849,F6 V,6399,1.347,1.24,0.43616,1
TOI_7008,TOI-7008,410.467,216.988,79.4504,,5116.06,0.95255,0.88,-0.23357,1
Kepler_1661,Kepler-1661,410.607,285.167,41.9669,K,5100,0.762,0.841,-0.51299,1
Kepler_1012,Kepler-1012,411.077,289.296,46.458,,5556,0.91,0.95,-0.19399,1
HATS_3,HATS-3,411.211,312.457,-24.4287,F,6351,1.404,1.209,0.456,1
Kepler_962,Kepler-962,411.486,295.313,46.2375,,5478,0.86,0.93,-0.26115,1
TOI_163,TOI-163,411.719,79.7683,-71.8955,F,6495,1.648,1.4352,0.63649,1
K2_193,K2-193,411.923,205.237,-11.0093,,5817,0.98,1.01,-0.07572,1
CoRoT_9,CoRoT-9,412.98,280.787,6.20408,G3 V,5625,0.96,0.96,-0.25426,1
Kepler_414,Kepler-414,413.46,297.962,48.2443,,5536,0.946,0.89,-0.16917,2
K2_115,K2-115,413.591,126.554,12.2819,G4,5870,0.855,0.918,-0.10791,1
TOI_2886,TOI-2886,413.673,110.008,-10.5698,,6240,1.241,1.229,0.32222,1
TOI_4930,TOI-4930,413.757,208.642,-45.1545,,5624.72,1.15926,1.04,0.13797,1
Kepler_1642,Kepler-1642,413.873,297.212,43.6438,,5355,0.84,0.88,-0.40452,2
WASP_138,WASP-138,414.234,41.6392,-0.464125,,6272,1.36,1.22,0.43503,1
HATS_69,HATS-69,414.537,289.297,-60.8918,,5137,0.8785,0.892,-0.31758,1
K2_250,K2-250,414.708,185.032,-8.97574,,5003,0.797,0.809,-0.44491,1
Kepler_601,Kepler-601,414.825,282.005,42.1765,,5160,0.79,0.85,-0.42817,1
TOI_1937_A,TOI-1937 A,415.135,116.371,-52.3833,,5814,1.08,1.072,0.0799,1
Kepler_1179,Kepler-1179,415.205,284.097,47.8105,,5212,0.81,0.84,-0.44424,1
Kepler_1222,Kepler-1222,415.218,294.89,49.3798,,5239,0.8,0.84,-0.45761,1
HAT_P_24,HAT-P-24,415.344,108.825,14.2626,F8,6373,1.38,1.37,0.408,1
Kepler_1020,Kepler-1020,415.358,292.672,46.3773,,5227,0.8,0.87,-0.43597,1
TOI_5882,TOI-5882,416.104,311.889,34.7375,,5920,2.26,1.334,0.75358,1
K2_259,K2-259,416.457,186.803,1.56686,,6059,1.13,1.14,0.16711,1
HATS_4,HATS-4,416.459,94.1121,-22.5469,G,5403,0.925,1.001,-0.187,1
Kepler_1541,Kepler-1541,416.692,283.787,48.0296,,5282,0.81,0.86,-0.33627,1
Kepler_1687,Kepler-1687,417.014,289.743,50.7871,,4132,0.726119,0.65,-0.85865,1
TOI_3894,TOI-3894,417.365,201.375,52.7681,,5990,1.506,1.089,0.41847,1
EPIC_212297394,EPIC 212297394,418.395,207.206,-17.6099,,5171,0.8,0.83,-0.46654,2
Kepler_1114,Kepler-1114,418.417,299.237,45.8348,,5374,0.83,0.87,-0.29317,1
Kepler_478,Kepler-478,420,292.487,46.1962,,5210,0.8,0.85,-0.371,1
Kepler_1022,Kepler-1022,420.042,289.352,46.9736,,4445,0.68,0.71,-0.85831,1
Kepler_124,Kepler-124,420.046,286.753,49.0649,,4984,0.636,0.706,-0.46737,3
TOI_3474,TOI-3474,420.123,233.503,-47.9637,,6020,1.256,1.121,0.26951,1
Kepler_1081,Kepler-1081,420.215,289.445,41.318,,5345,0.84,0.88,-0.30601,1
Kepler_888,Kepler-888,420.817,295.521,49.7387,,5875,0.9,0.97,-0.04319,1
Kepler_136,Kepler-136,420.818,296.467,42.5988,,6165,1.355,1.204,0.46678,2
K2_385,K2-385,420.819,12.6141,5.87126,,4844,0.761,0.927,-0.51852,1
Kepler_1938,Kepler-1938,421.152,299.352,41.1957,,4522,0.655,0.646,-0.64954,1
Kepler_395,Kepler-395,421.382,293.511,45.1366,,4262,0.556,0.622827,-1.194,2
K2_341,K2-341,421.408,130.497,19.9166,,5817,1.16,0.98,0.12566,1
K2_337,K2-337,421.636,127.761,16.9005,,5869,1.32,0.94,0.24964,1
TOI_3807,TOI-3807,421.745,139.113,69.0741,,5772,1.468,1.181,0.33244,1
HATS_13,HATS-13,421.855,316.961,-26.0967,,5523,0.887,0.962,-0.32121,1
Kepler_1013,Kepler-1013,422.246,290.248,44.4353,,4954,0.76,0.81,-0.53079,1
Kepler_1285,Kepler-1285,422.269,281.835,44.1559,,6170,1.28,1.2,0.48088,1
K2_272,K2-272,423.065,132.621,17.5424,,5397,0.83,0.86,-0.30214,1
Kepler_1854,Kepler-1854,423.348,286.286,37.387,,5026,0.759,0.8,-0.479,1
WASP_167,WASP-167,423.552,196.044,-35.5495,F1 V,7000,1.79,1.59,0.89734,1
TOI_4153,TOI-4153,423.84,335.393,82.2161,,6860,1.605,1.572,0.71349,1
Kepler_1983,Kepler-1983,424.428,297.042,39.9122,,5135,0.874,0.812,-0.48076,1
Kepler_388,Kepler-388,425,284.828,44.6086,,4498,0.586,0.635,-0.43932,2
Kepler_975,Kepler-975,426.088,290.549,38.4952,,4897,0.75,0.8,-0.51184,2
BD_15_2940,BD+15 2940,426.42,240.096,15.5468,K0,4796,14.7,1.1,2.01,1
Kepler_334,Kepler-334,426.59,287.141,47.1151,,5828,1.068,1.022,0.05556,3
WASP_12,WASP-12,427.246,97.6366,29.6723,,6265,1.69,1.325,0.59711,1
WASP_178,WASP-178,427.678,227.27,-42.705,A1 IV-V,9360,1.67,2.07,1.21484,1
Kepler_235,Kepler-235,428.018,286.079,39.2782,M0 V,4255,0.554,0.581,-1.10237,4
TOI_1291,TOI-1291,428.123,245.818,62.9251,,6139.95,1.8109,1.2,0.64816,1
Kepler_1934,Kepler-1934,428.514,290.919,37.2872,,5925,1.035,0.968,0.1085,1
K2_386,K2-386,428.785,18.3,7.01303,,5749,0.97,0.911,-0.01919,1
Kepler_1107,Kepler-1107,428.798,291.05,39.1417,,5268,0.82,0.86,-0.41703,1
NGTS_8,NGTS-8,428.976,328.976,-14.0684,K0 V,5241,0.98,0.89,-0.20993,1
Kepler_1825,Kepler-1825,430.254,292.514,42.6518,,5123,0.847,0.828,-0.53158,1
K2_409,K2-409,431.031,228.455,-16.3513,G4,5742,1.228,0.886,0.17248,1
Kepler_845,Kepler-845,431.051,290.958,49.2037,,4913,0.75,0.79,-0.60474,1
WASP_60,WASP-60,431.052,356.667,31.1559,G1 V,5900,1.17,1.19,0.34748,1
Kepler_1164,Kepler-1164,431.622,287.53,38.8945,,5183,0.79,0.85,-0.39926,1
Kepler_844,Kepler-844,431.776,287.858,48.774,,4128,0.57,0.59,-0.92083,1
Kepler_18,Kepler-18,433.047,298.079,44.7462,,5345,1.108,0.972,-0.031,3
Kepler_190,Kepler-190,433.387,288.584,44.7338,,5106,0.795,0.834,-0.44055,2
Kepler_1804,Kepler-1804,434.456,301.343,44.6722,,5109,1.671,0.929,-0.51152,1
Kepler_161,Kepler-161,434.632,290.516,43.0839,,5078,0.806,0.853,-0.44679,2
Kepler_304,Kepler-304,434.684,294.442,40.5575,,4731,0.687,0.737,-0.6616,4
WASP_72,WASP-72,434.754,41.0401,-30.1691,F7,6250,2.18,2.78,0.724,1
TOI_2382,TOI-2382,434.92,356.375,-16.1141,,6033,1.417,1.26,0.37967,1
WASP_113,WASP-113,435.156,224.873,46.9601,G1,5890,1.608,1.318,0.51621,1
TOI_2420,TOI-2420,435.174,14.8268,-19.7712,,5707,2.369,1.158,0.68664,1
Kepler_390,Kepler-390,435.277,291.629,41.2088,,5166,0.776,0.787,-0.352,2
Kepler_542,Kepler-542,436.016,292.215,38.5485,,5526,0.9,0.93,-0.12185,1
WASP_147,WASP-147,436.098,359.192,-22.1532,G4,5702,1.429,1.044,0.28685,1
HATS_77,HATS-77,436.176,149.824,-27.3928,,4071,0.6428,0.655,-0.99183,1
EPIC_201841433,EPIC 201841433,436.488,175.207,6.13481,,5053,0.628461,0.802,-0.63455,1
Kepler_1246,Kepler-1246,436.505,287.657,48.9822,,4611,0.69,0.73,-0.7266,1
TOI_2346,TOI-2346,437.484,88.0929,-13.3725,,6480,1.38,1.271,0.48144,1
WASP_181,WASP-181,437.495,26.7932,3.13293,G2,5839,0.965,1.04,0.04879,1
Kepler_1816,Kepler-1816,437.823,296.851,50.6988,,5051,0.706,0.786,-0.53145,1
NGTS_33,NGTS-33,437.855,107.833,-35.8505,,7437,1.47,1.6,0.77159,1
Kepler_28,Kepler-28,438.359,292.137,42.4295,M0 V,4499.3,0.664,0.684,-0.74494,2
Kepler_1769,Kepler-1769,438.412,294.743,43.4612,,6071,1.295,1.061,0.21523,1
Kepler_1860,Kepler-1860,438.703,294.351,50.081,,5420,0.868,0.874,-0.18091,1
TOI_2524,TOI-2524,438.842,160.887,-1.9127,,5831,1.119,1.007,0.11628,1
Kepler_537,Kepler-537,439.4,289.881,51.277,,5763,0.99,1.07,-0.03874,1
TOI_7041,TOI-7041,439.52,357.802,-50.8699,,4700,4.1,1.07,0.88081,1
Kepler_329,Kepler-329,439.719,299.268,45.2273,,4257,0.523,0.602,-0.97062,2
HAT_P_51,HAT-P-51,440.089,21.0651,32.8107,G7,5453,0.995,0.961,-0.10237,1
Kepler_801,Kepler-801,440.426,286.075,44.6646,,4435,0.63,0.67,-0.79815,1
Kepler_1996,Kepler-1996,440.561,285.254,46.5822,,4580,0.675,0.748,-0.65721,2
Kepler_152,Kepler-152,441.09,286.865,41.989,,5088,0.724,0.779,-0.46488,2
BD_49_828,BD+49 828,442.042,45.6406,49.7299,K0,4943,7.6,1.52,1.47,1
K2_371,K2-371,442.813,128.067,11.6307,,4925,0.736,0.958,-0.51657,1
Kepler_453,Kepler-453,442.846,283.241,46.3785,,5527,0.833,0.944,-0.2205,1
Kepler_468,Kepler-468,442.871,288.902,49.3704,,5498,0.87,0.96,-0.28606,1
Kepler_278,Kepler-278,443.03,290.107,38.7023,K2 III-IV,4965,2.861,1.227,0.64933,2
Kepler_777,Kepler-777,443.106,282.724,44.3465,,4043,0.56,0.58,-0.96766,1
Kepler_1882,Kepler-1882,443.371,290.664,43.4998,,5691,1.458,1.068,0.23674,1
Kepler_156,Kepler-156,443.483,290.296,37.7494,,5094,0.807,0.864,-0.43985,2
Kepler_106,Kepler-106,444.322,300.864,44.3375,,5858,1.04,1,0.08255,4
KELT_16,KELT-16,444.586,314.269,31.661,F7 V,6236,1.36,1.211,0.4014,1
Kepler_95,Kepler-95,445.656,284.482,44.3979,,5699,1.41,1.08,0.28105,1
HATS_44,HATS-44,446.035,84.3268,-27.9726,,5080,0.847,0.86,-0.39794,1
NGTS_12,NGTS-12,446.442,176.25,-35.6406,G,5690,1.589,1.021,0.33843,1
K2_188,K2-188,446.821,129.814,23.3574,,5977,1.19,1.06,0.21087,2
Kepler_782,Kepler-782,446.844,288.868,47.7595,,5867,1.01,0.98,0.10995,1
Kepler_1037,Kepler-1037,446.914,296.341,47.1709,,5105,0.78,0.82,-0.44752,1
WASP_124,WASP-124,448.637,332.714,-30.7497,F9,6050,1.02,1.07,0.14934,1
Kepler_1423,Kepler-1423,449,288.244,41.1101,,4939,0.75,0.79,-0.52,1
K2_46,K2-46,449.237,174.266,-0.90721,,6256,1.29,0.96,0.41312,1
Kepler_1955,Kepler-1955,449.351,299.535,40.4778,,5825,1.291,1.049,0.22965,1
Kepler_958,Kepler-958,449.773,287.257,46.0667,,5421,0.86,0.91,-0.28165,1
Kepler_744,Kepler-744,449.964,296.496,47.1828,,5594,0.93,0.94,-0.22215,1
Kepler_746,Kepler-746,450,290.682,37.3552,,5418,0.93,0.91,-0.172,1
Kepler_1838,Kepler-1838,451.242,298.992,40.1423,,5877,1.963,1.187,0.53674,1
Kepler_196,Kepler-196,451.312,284.969,42.0791,,5128,0.782,0.839,-0.39257,3
EPIC_206042996,EPIC 206042996,451.769,337.514,-13.6101,,4114,0.5,0.565,-0.97996,2
Kepler_646,Kepler-646,451.794,290.471,44.387,,5634,0.91,0.93,-0.25878,1
WASP_151,WASP-151,453.099,349.063,0.30669,G1,5871,1.181,1.081,0.14485,1
K2_349,K2-349,453.567,199.1,-14.4447,,4385,0.49,0.54,-0.36582,1
Kepler_1388,Kepler-1388,453.795,283.336,47.1744,,4098,0.61,0.63,-1.1068,4
HATS_46,HATS-46,453.808,6.70264,-56.3161,,5451,0.894,0.869,-0.1986,1
WASP_48,WASP-48,454.144,291.162,55.473,,5920,1.58,0.88,0.58013,1
BD_37_3172,BD+37 3172,454.251,278.816,38.1154,,4500,50.24,3.75,2.84,1
Kepler_964,Kepler-964,454.626,295.3,40.5566,,5427,0.84,0.93,-0.306,1
Kepler_323,Kepler-323,454.883,291.382,38.1275,,6004,1.12,1.015,0.15091,2
KIC_5479689,KIC 5479689,454.95,299.325,40.6381,,5459.1,0.894,0.966,-0.20099,1
HAT_P_9,HAT-P-9,455.203,110.169,37.1406,F7,6350,1.338,1.281,0.4183,1
Kepler_514,Kepler-514,455.336,286.247,50.2424,,6106,1.44,1.28,0.35265,1
Kepler_1387,Kepler-1387,455.358,292.44,43.2093,,5046,0.77,0.82,-0.56045,1
Kepler_1459,Kepler-1459,455.479,282.423,46.014,,4828,0.74,0.78,-0.52327,1
TOI_4377,TOI-4377,455.82,164.932,-82.2214,,4974,3.52,1.36,0.82217,1
Kepler_450,Kepler-450,455.982,295.487,51.0135,,6197.21,1.64162,1.19,0.55403,3
K2_245,K2-245,456.064,185.182,-1.59091,,5793,1.25,0.83,0.1719,1
K2_390,K2-390,456.122,355.702,-9.58871,G4,5558,0.966,0.789,-0.09926,1
K2_49,K2-49,457.125,177.32,3.47552,,4175,0.45,0.51,-0.77386,1
TIC_147027702,TIC 147027702,457.186,161.773,-43.9318,,6410,2.136,1.406,0.83251,1
Kepler_530,Kepler-530,457.709,283.34,48.5491,,5697,0.89,0.97,-0.13247,1
K2_281,K2-281,458.139,16.2275,7.26922,,4812,0.76,0.82,-0.64686,1
Kepler_1481,Kepler-1481,459.076,289.439,49.7312,,4908,0.75,0.8,-0.58658,1
Kepler_105,Kepler-105,459.223,287.887,46.2761,,5933,1.026,0.991,0.09657,2
Kepler_1185,Kepler-1185,459.273,287.241,39.3327,,5622,0.87,0.96,0.28187,1
Kepler_153,Kepler-153,459.368,282.461,48.257,,5404,0.892,0.756,-0.4463,2
Kepler_1223,Kepler-1223,459.957,285.296,44.5528,,4870,0.75,0.8,-0.54142,1
Kepler_984,Kepler-984,460.188,296.959,46.3941,,5610,0.93,0.96,-0.10846,1
Kepler_1957,Kepler-1957,460.899,293.711,47.8874,,4904,0.772,0.745,-0.60069,1
Kepler_1576,Kepler-1576,460.91,289.074,40.366,,5876,1.06,1.05,-0.06329,1
TOI_2842,TOI-2842,460.995,108.044,-10.6393,,5910,1.265,1.135,0.24551,1
Kepler_536,Kepler-536,462.322,297.736,49.6371,,5524,0.89,0.92,-0.21446,1
K2_372,K2-372,463.88,130.799,13.0094,,5479,0.922,0.847,-0.12154,1
TYC_4282_00605_1,TYC 4282-00605-1,464.128,343.872,62.2392,,4300,16.21,0.97,1.91,1
HAT_P_40,HAT-P-40,464.469,335.513,45.4573,,6080,1.94,1.03,0.778,1
TOI_3664,TOI-3664,464.748,35.3085,59.7119,,5593,1.11,0.98,0.07566,1
Kepler_1323,Kepler-1323,465.417,292.872,46.0987,,6169,1.4,1.18,0.29462,1
Kepler_932,Kepler-932,465.612,296.952,43.272,,5331,0.84,0.87,-0.32176,1
Kepler_1366,Kepler-1366,465.826,285.065,41.5548,,4070,0.6,0.62,-0.99602,1
TOI_3912,TOI-3912,465.992,215.801,24.0766,,5725,1.392,1.088,0.27323,1
Kepler_1579,Kepler-1579,466,293.288,43.5149,,4584,0.7,0.75,-0.94024,1
Kepler_1086,Kepler-1086,466.084,295.251,45.843,,4350,0.66,0.7,-0.85997,2
Kepler_467,Kepler-467,466.265,287.363,38.6497,,5809,1.37,1.05,0.32254,1
WASP_90,WASP-90,466.433,315.532,7.05628,F6,6430,1.98,1.55,0.63014,1
Kepler_1566,Kepler-1566,466.586,283.588,40.5749,,5254,0.81,0.84,-0.43675,1
Kepler_185,Kepler-185,466.735,282.468,43.8899,,5208,0.806,0.763,-0.50448,2
TOI_7169,TOI-7169,467.151,351.055,36.8176,G,5714,1.5,0.885,0.34183,1
Kepler_833,Kepler-833,467.37,290.48,45.6006,,4339,0.62,0.64,-0.79309,1
Kepler_512,Kepler-512,467.375,298.269,48.9167,,5997,1.3,1.17,0.21625,1
Kepler_997,Kepler-997,467.568,289.233,49.9389,,6150,1.56,1.22,0.49569,1
Kepler_283,Kepler-283,468.094,293.614,47.8389,,4351,0.566,0.596,-0.98297,2
Kepler_513,Kepler-513,468.258,285.042,50.0754,,5849,1.06,1.02,0.07874,1
Kepler_1947,Kepler-1947,468.771,296.104,42.3426,,6040,1.686,0.984,0.11057,1
Kepler_383,Kepler-383,470,291.343,38.3632,,4710,0.672,0.669,-0.698,2
KELT_21,KELT-21,470.878,304.8,32.581,A8 V,7598,1.638,1.458,0.90472,1
HATS_25,HATS-25,471.158,207.908,-23.7812,G,5715,1.107,0.994,0.06819,1
Kepler_935,Kepler-935,471.782,295.022,46.6192,,4830,0.73,0.78,-0.63887,1
Kepler_109,Kepler-109,474.861,290.393,40.2849,,5950,1.387,1.094,0.34654,2
Kepler_1318,Kepler-1318,475.248,290.376,41.1508,,4598,0.7,0.73,-0.72991,1
K2_114,K2-114,475.758,127.883,11.9223,,4899,0.832,0.863,-0.4437,1
K2_44,K2-44,476.703,174.012,-2.52093,,5912,1.58,1.15,0.42968,1
Kepler_884,Kepler-884,476.733,292.584,49.9232,,5715,0.94,1,-0.31335,1
WASP_194,WASP-194,476.831,295.388,56.2178,,6405,1.409,1.29,0.48157,1
K2_166,K2-166,476.882,185.188,2.28238,,5960,1.61,1.073,0.45848,2
TOI_5322,TOI-5322,476.899,6.52934,14.3364,,5692,1.462,0.998,0.3075,1
Kepler_1341,Kepler-1341,476.957,280.512,44.1594,,4662,0.72,0.79,-0.63776,1
KOI_94,KOI-94,477.052,297.333,41.8911,,6182,1.52,1.277,0.479,4
K2_108,K2-108,477.295,123.382,16.4195,,5599,1.76,1.17,0.40539,1
TYC_3667_1280_1,TYC 3667-1280-1,477.516,12.8876,58.4261,,5130,6.26,1.87,1.38,1
Kepler_92,Kepler-92,477.992,289.086,41.563,,5883,1.7,1.21,0.55818,3
Kepler_1163,Kepler-1163,478.647,290.236,50.0301,,6302,1.35,1.22,0.39636,1
TOI_4487_A,TOI-4487 A,479.145,306.422,45.971,,6206,1.634,1.378,0.55267,1
Kepler_1959,Kepler-1959,479.263,296.022,44.7327,,5071,0.811,0.768,-0.47365,1
TOI_5181_A,TOI-5181 A,480.155,280.677,21.6998,,6060,1.53,1.25,0.45788,1
K2_358,K2-358,480.307,133.808,18.9497,,5650,0.91,0.93,-0.16134,1
Kepler_1315,Kepler-1315,480.869,295.822,46.0531,,4861,0.75,0.8,-0.62783,2
Kepler_1324,Kepler-1324,481.667,291.185,40.3112,,4776,0.73,0.78,-0.67302,1
Kepler_1121,Kepler-1121,482.047,297.787,47.8862,,6231,1.59,1.29,0.47495,1
Kepler_1040,Kepler-1040,482.119,283.114,48.1313,,5694,0.96,0.98,-0.04375,1
Kepler_1178,Kepler-1178,482.287,288.456,45.8022,,4990,0.75,0.8,-0.27723,1
WASP_197,WASP-197,483.675,160.631,28.1986,,6050,2.112,1.36,0.77067,1
Kepler_1966,Kepler-1966,484.601,292.464,41.299,,5009,0.84,0.797,-0.56655,1
WASP_195,WASP-195,484.852,247.55,49.8958,,6300,1.578,1.3,0.5414,1
Kepler_898,Kepler-898,484.891,286.585,46.8709,,4223,0.62,0.65,-0.87506,1
TOI_3071,TOI-3071,485.219,173.279,-56.5034,,6177,1.31,1.29,0.41667,1
Kepler_786,Kepler-786,485.318,293.744,38.9392,,4838,0.74,0.81,-0.58348,1
Kepler_215,Kepler-215,485.997,294.974,45.2137,,5739,1.027,0.788,-0.1172,4
Kepler_949,Kepler-949,486.105,298.608,46.4537,,5403,0.86,0.89,-0.44164,2
Kepler_1832,Kepler-1832,486.174,299.852,43.7321,,5242,0.722,0.684,-0.33658,1
HATS_60,HATS-60,486.474,341.364,-14.9918,,5688,1.46,1.097,0.30016,1
Kepler_431,Kepler-431,486.546,281.112,43.2278,,6004,1.092,1.071,0.49839,3
TOI_3980,TOI-3980,486.721,12.8419,59.5759,,5840,1.626,1.24,0.44248,1
Kepler_1197,Kepler-1197,486.94,291.669,42.5907,,4708,0.72,0.78,-0.66629,1
Kepler_900,Kepler-900,487.525,296.177,46.999,,4836,0.73,0.78,-0.6084,1
Kepler_326,Kepler-326,487.675,294.326,46.0023,,5105,0.801,0.91,-0.15657,3
Kepler_4,Kepler-4,487.916,285.615,50.1358,,5857,1.487,1.223,0.354,1
K2_276,K2-276,488.152,125.953,22.6339,,5139,0.85,0.82,-0.40538,1
WASP_61,WASP-61,488.66,75.2997,-26.0541,,6250,1.55,1.82,0.42541,1
Kepler_318,Kepler-318,489.141,298.483,46.7936,,5746,1.189,1.073,0.00394,2
Kepler_742,Kepler-742,489.253,283.866,46.7897,,4642,0.71,0.76,-0.69172,1
K2_350,K2-350,489.368,204.036,-14.0093,,5789,1.04,0.98,-0.01175,2
Kepler_1036,Kepler-1036,489.435,295.182,49.9458,,5533,0.89,0.95,-0.20151,1
Kepler_1530,Kepler-1530,489.876,288.162,48.1652,,5477,0.88,0.92,-0.31086,3
Kepler_931,Kepler-931,490,297.133,42.7683,,5241,0.81,0.86,-0.35,1
Kepler_1050,Kepler-1050,490.488,282.925,48.6264,,6010,1.13,1.09,0.05871,2
TYC_3318_01333_1,TYC 3318-01333-1,490.61,45.5826,49.7441,,4776,5.9,1.19,1.21,1
K2_87,K2-87,491.242,66.2364,18.8274,,5747,1.401,1.164,-0.09769,1
Kepler_1136,Kepler-1136,491.406,284.108,44.2458,,4512,0.68,0.72,-0.85345,1
K2_60,K2-60,491.87,338.606,-13.7318,G4 V,5500,1.12,0.97,0.28233,1
Kepler_989,Kepler-989,491.978,281.583,47.2335,,5074,0.78,0.82,-0.42689,1
Kepler_1058,Kepler-1058,491.997,294.596,45.8751,,4644,0.69,0.73,-0.31631,1
Kepler_795,Kepler-795,492.122,291.019,38.5456,,5631,0.96,0.94,-0.02178,1
K2_177,K2-177,492.167,55.2296,20.7361,,6063,1.21357,1.21053,0.34158,1
Kepler_1963,Kepler-1963,492.847,296.588,47.2071,,5726,0.979,0.915,-0.2592,1
TOI_4773,TOI-4773,492.888,114.943,-21.4856,,6740,1.55,1.452,0.64836,1
Kepler_1395,Kepler-1395,492.894,292.337,47.6642,,6138,1.23,1.17,0.27693,1
Kepler_1581,Kepler-1581,493.175,287.371,39.6036,,6022,1.23,1.12,0.39085,1
HATS_65,HATS-65,493.32,292.94,-26.7402,,6277,1.31,1.257,0.37658,1
TOI_3877,TOI-3877,493.77,170.454,33.9914,,5731,1.445,1.16,0.3075,1
K2_15,K2-15,493.992,178.111,4.25466,G8,5131,0.68,0.72,-0.45314,1
HATS_24,HATS-24,494.182,268.891,-61.7474,F V,6125,1.12,1.07,0.19,1
TOI_2803_A,TOI-2803 A,494.818,93.1147,-23.4925,,6280,1.245,1.118,0.33646,1
Kepler_103,Kepler-103,494.832,288.985,40.0645,G2,6047,1.492,1.212,0.42431,2
Kepler_1505,Kepler-1505,495.148,292.002,41.787,,5686,0.86,0.93,0.14944,1
Kepler_1139,Kepler-1139,495.156,287.946,39.2305,,5550,0.91,0.94,-0.30419,1
K2_45,K2-45,495.317,169.633,-1.77406,,4103,0.445,0.503,-0.73994,1
Kepler_198,Kepler-198,495.358,290.673,38.691,,5636,0.93,0.97,-0.1089,3
K2_282,K2-282,496.289,13.4322,7.99529,,5499,1,0.94,-0.21463,2
Kepler_1389,Kepler-1389,497.093,285.717,44.7583,,5078,0.74,0.81,-0.53422,1
NGTS_31,NGTS-31,497.376,80.4213,-38.6568,,5710,1.7,0.96,0.443,1
HD_13189,HD 13189,497.823,32.4174,32.3165,K2,4175,38.41,2.24,2.63638,1
Kepler_1418,Kepler-1418,499,282.998,41.6786,,4770,0.72,0.77,-0.616,1
K2_64,K2-64,499.891,332.414,-11.4287,,5312,0.726,0.741,-0.23421,1
WASP_66,WASP-66,500.258,158.225,-34.9899,,6600,1.76,1.33,0.63724,1
Kepler_1834,Kepler-1834,500.395,294.665,39.7838,,4821,0.788,0.765,-0.57662,2
K2_355,K2-355,500.497,124.643,13.5028,,5790,0.92,0.96,-0.11465,1
Kepler_1480,Kepler-1480,500.892,292,49.3018,,5156,0.81,0.85,-0.44868,1
Kepler_1766,Kepler-1766,501.229,294.277,46.6752,,5868,1.042,0.915,0.17488,1
Kepler_324,Kepler-324,501.574,286.471,49.6491,,5194,0.84,0.901,-0.30825,4
Kepler_1560,Kepler-1560,502.497,292.785,43.216,,5815,1.02,1.02,-0.03447,1
Kepler_319,Kepler-319,503.436,288.812,39.7706,,5526,0.903,0.933,-0.18116,3
Kepler_787,Kepler-787,503.568,291.692,38.5729,,4248,0.62,0.65,-0.89537,1
Kepler_882,Kepler-882,504.605,294.65,43.3356,,5476,0.87,0.9,-0.27313,1
Kepler_572,Kepler-572,504.667,291.221,50.5813,,5212,0.79,0.83,-0.43426,1
TOI_2567,TOI-2567,504.775,288.466,66.3479,,5611,1.686,1.13,0.40483,1
PSR_B0329_54,PSR B0329+54,504.933,53.2473,54.5792,,5772,1,1.44,0,1
TCP_J05074264_2447555,TCP J05074264+2447555,505,76.928,24.799,,5805,1.42487,0.586,0.31745,1
TOI_4458,TOI-4458,505.432,252.126,74.7638,,6151,1.96,1.47,0.72754,1
Kepler_1209,Kepler-1209,505.531,287.585,49.1547,,6210,1.38,1.23,0.34256,1
TIC_257060897,TIC 257060897,505.703,227.532,72.7103,F,5993,1.863,1.187,0.60531,1
Kepler_1450,Kepler-1450,505.829,294.554,45.0813,,4524,0.68,0.71,-0.7677,1
Kepler_1445,Kepler-1445,506.357,280.25,43.9151,,6150,1.26,1.13,0.33963,1
Kepler_1378,Kepler-1378,506.434,297.373,40.3664,,4407,0.67,0.7,-0.90346,1
HAT_P_35,HAT-P-35,506.965,123.251,4.78703,,6096,1.435,1.236,0.38307,1
TIC_32032563,TIC 32032563,507.858,56.0905,-68.8581,,5567.93,1.00188,1.05,0.01512,1
K2_391,K2-391,507.94,356.226,-7.70152,G7,5543,0.566,0.757,0.39142,1
Kepler_1929,Kepler-1929,508.201,299.583,47.4481,,5786,1.471,1.006,0.5928,1
TOI_2373,TOI-2373,508.686,61.6862,-16.7558,,5651,1.102,1.041,0.05115,1
Kepler_928,Kepler-928,508.809,289.921,41.5428,,4700,0.7,0.73,-0.71877,1
HATS_34,HATS-34,508.842,0.774487,-62.4693,,5456,0.9381,0.952,-0.15366,1
WASP_192,WASP-192,508.885,223.659,-38.7445,G0 V,5910,1.32,1.09,0.28203,1
Kepler_651,Kepler-651,509.408,287.333,46.2034,,5522,0.87,0.92,-0.25322,1
Kepler_1577,Kepler-1577,510.029,292.955,47.573,,4862,0.74,0.78,-0.60727,1
Kepler_121,Kepler-121,510.523,286.162,39.678,,5311,0.701,0.859,-0.47396,2
HAT_P_55,HAT-P-55,511.388,264.274,25.7311,,5804,1.105,1.028,0.09656,1
Kepler_241,Kepler-241,512,292.913,41.061,,4699,0.668,0.671,-0.60729,2
HATS_14,HATS-14,513.011,313.215,-25.6874,,5346,0.933,0.967,-0.17274,1
Kepler_847,Kepler-847,513.103,283.505,49.4509,,4940,0.77,0.83,-0.5065,1
Kepler_1840,Kepler-1840,513.107,298.595,41.436,,4898,0.803,0.774,-0.58706,1
Kepler_112,Kepler-112,513.206,296.981,43.2097,,5544,0.841,0.782,-0.08612,2
Kepler_1694,Kepler-1694,513.329,293.794,40.241,,4954,0.756284,0.82,-0.50811,1
Kepler_1988,Kepler-1988,513.426,298.674,43.7955,,6033,1.788,1.127,0.582,1
Kepler_649,Kepler-649,513.748,285.656,45.0795,,5871,0.94,0.97,-0.0439,1
K2_66,K2-66,513.877,331.527,-10.7115,,5887,1.67,1.11,0.50621,1
Kepler_1253,Kepler-1253,514.524,283.885,47.6372,,5850,1.1,0.97,0.34479,1
HATS_35,HATS-35,514.555,296.688,-63.5656,,6300,1.433,1.317,0.46538,1
Kepler_1371,Kepler-1371,515.334,288.831,47.552,,5361,0.83,0.87,-0.19829,2
Kepler_1228,Kepler-1228,515.453,296.553,46.9662,,5063,0.74,0.78,-0.5546,1
HAT_P_50,HAT-P-50,515.458,118.063,12.1393,F5,6280,1.698,1.273,0.60314,1
HAT_P_58,HAT-P-58,515.59,68.8465,56.8683,,6078,1.53,1.031,0.45637,1
TOI_1994,TOI-1994,515.603,147.175,-51.7566,,7700,2.3,1.86,1.22272,1
NN_Ser,NN Ser,515.818,238.234,12.9121,WD,57000,1,0.535,0,2
TrES_4,TrES-4,515.98,268.304,37.2117,F8 V,6200,1.66,1.08,0.72552,1
TOI_3976_A,TOI-3976 A,516.087,224.356,44.2743,,5975,1.501,1.254,0.41296,1
Kepler_783,Kepler-783,516.09,291.063,47.4848,,5521,0.89,0.93,-0.23092,2
WASP_141,WASP-141,516.543,71.8244,-17.1152,F9,5900,1.37,1.25,0.31468,1
Kepler_1537,Kepler-1537,517.292,294.385,43.8254,,5079,0.77,0.81,-0.42348,1
K2_63,K2-63,517.534,333.427,-12.0663,,6771,1.63,1.4,0.21948,2
K2_357,K2-357,517.687,131.939,16.3289,,5794,1,0.98,-0.06563,1
Kepler_298,Kepler-298,518.204,283.04,48.8253,,4465,0.582,0.66,-0.73284,3
K2_98,K2-98,518.625,126.488,11.5111,F8 V,6260,1.518,1.246,0.50379,1
KOI_13,KOI-13,519.096,286.971,46.8682,,7650,1.74,1.72,0.971,1
Kepler_607,Kepler-607,519.122,291.057,44.6323,,5244,0.888,0.808,-0.38192,2
K2_99,K2-99,519.229,208.774,-5.44249,G0 IV,6069,2.55,1.44,0.89927,2
HD_238914,HD 238914,519.452,279.584,59.2539,K7,4769,12.73,1.47,1.85,1
Kepler_199,Kepler-199,521.054,295.559,40.2362,,5644,0.967,0.96,-0.09685,2
NGTS_25,NGTS-25,521.233,307.418,-39.0324,K0 V,5321,0.86,0.91,-0.29158,1
K2_249,K2-249,521.716,183.367,-8.99523,,6504,1.57,1.32,0.33627,1
Kepler_1965,Kepler-1965,521.791,292.515,38.022,,5852,0.837,0.928,-0.07602,1
Kepler_1715,Kepler-1715,522.605,293.93,41.6029,,6212,1.209,1.082,0.41691,1
Kepler_1169,Kepler-1169,522.823,294.912,46.4915,,6191,1.23,1.24,0.26202,1
K2_402,K2-402,523.055,161.452,6.41932,G2,5716,1.28,0.944,0.2095,1
HATS_62,HATS-62,523.067,312.449,-24.3035,,5416,0.933,0.896,-0.17328,1
WASP_114,WASP-114,523.337,327.666,10.4629,G0,5940,1.43,1.289,0.33294,1
WASP_88,WASP-88,523.756,309.511,-48.4621,F6,6430,1.8,0.94,0.72351,1
Kepler_577,Kepler-577,524.247,294.712,39.0737,,4984,0.73,0.78,-0.555,1
WASP_158,WASP-158,524.993,4.14635,-10.9764,F6 V,6350,1.39,1.38,0.48338,1
Kepler_107,Kepler-107,525.997,297.028,48.2086,,5854,1.447,1.238,0.36449,4
Kepler_176,Kepler-176,527.321,294.668,43.8532,,5232,0.891,0.86,-0.40427,4
TOI_2981,TOI-2981,527.789,163.487,-25.5246,,5940,1.08,1.03,0.11594,1
Kepler_36,Kepler-36,527.956,291.25,49.2318,,5979,1.634,1.034,0.51005,2
Kepler_614,Kepler-614,527.995,298.385,46.276,,5268,0.81,0.85,-0.41844,1
WASP_150,WASP-150,527.995,264.263,53.0213,F8,6218,1.651,1.394,0.55826,1
Kepler_1332,Kepler-1332,528.685,291.029,43.9137,,5581,0.9,0.95,-0.13733,1
HAT_P_43,HAT-P-43,528.825,128.926,10.2066,F9,5693,1.08,1.03,0.05986,1
Kepler_905,Kepler-905,529.268,290.051,46.7134,,5461,0.86,0.95,-0.21507,1
Kepler_1890,Kepler-1890,529.596,292.578,40.6679,,6046,1.396,1.024,0.26655,1
Kepler_466,Kepler-466,530.122,295.649,48.4955,,5927,1.05,1.04,-0.06719,2
Kepler_415,Kepler-415,530.487,293.805,38.6391,,4362,0.643,0.67,-0.80504,2
Kepler_1104,Kepler-1104,530.658,294.469,49.331,,6417,1.41,1.3,0.51439,1
Kepler_579,Kepler-579,530.765,295.002,39.9529,,5636,0.96,0.99,-0.31094,1
Kepler_550,Kepler-550,531.944,297.7,47.8637,,5322,0.83,0.87,-0.38383,1
TIC_9344899,TIC 9344899,532.228,72.7939,-8.44732,G3 V,5800,1.06,0.98,0.03342,1
TOI_5340,TOI-5340,532.629,59.3095,22.3783,,5990,1.842,1.35,0.5955,1
Kepler_842,Kepler-842,532.726,292.329,49.6535,,4848,0.73,0.78,-0.61238,1
Kepler_1992,Kepler-1992,532.955,295.09,45.0811,,5383,0.842,0.874,-0.00858,1
Kepler_661,Kepler-661,534.788,283.711,47.8632,,4483,0.67,0.7,-0.81411,1
HATS_10,HATS-10,534.889,294.307,-22.2045,,5880,1.105,1.101,0.117,1
Kepler_1408,Kepler-1408,535.048,282.7,45.4258,,6170,1.35,1.21,0.57889,1
HATS_28,HATS-28,535.383,284.4,-49.1385,G,5498,0.922,0.929,-0.15739,1
WASP_102,WASP-102,535.689,336.464,15.8566,,5990,1.375,1.08,0.35701,1
TOI_2337,TOI-2337,536.046,290.62,60.8539,,4780,3.22,1.325,0.689,1
Kepler_922,Kepler-922,536.323,284.732,49.5331,,5671,0.93,0.95,-0.13328,1
HD_4760,HD 4760,537.873,12.4162,6.40714,K2,4076,42.4,1.05,2.93,1
K2_238,K2-238,537.963,347.704,-7.85756,G2 V,5630,1.59,1.19,0.36,1
WASP_172,WASP-172,538.11,199.434,-47.2376,F1 V,6900,1.91,1.49,0.93444,1
Kepler_1276,Kepler-1276,538.481,287.857,40.5472,,6188,1.21,1.14,0.2204,1
Kepler_1743,Kepler-1743,538.807,290.552,48.1263,,5855,1.613,1.266,0.59938,1
Kepler_1515,Kepler-1515,539.321,290.974,48.1782,,6511,1.41,1.3,0.56587,1
WASP_175,WASP-175,539.36,166.319,-34.1227,F7,6229,1.204,1.212,0.78882,1
Kepler_895,Kepler-895,540.134,289.291,51.409,,4315,0.61,0.65,-0.85369,1
Kepler_1235,Kepler-1235,540.604,284.903,43.9541,,5541,0.9,0.93,-0.15625,1
K2_230,K2-230,540.773,191.363,-6.57605,,5945,1.39,1.11,0.31741,1
Kepler_1604,Kepler-1604,541.189,285.411,44.4122,,4976,0.76,0.81,-0.52707,1
Kepler_578,Kepler-578,541.432,288.755,39.5637,,5334,0.83,0.87,-0.3369,1
Kepler_1363,Kepler-1363,541.714,296.996,49.2563,,4839,0.72,0.76,-0.62622,1
TOI_2992,TOI-2992,542.026,164.317,-32.3224,,6000,1.545,1.21,0.4456,1
WASP_190,WASP-190,542.251,7.70953,-40.5735,F6 IV-V,6400,1.6,1.35,0.69146,1
TOI_4794,TOI-4794,543.008,110.484,-12.5655,,6390,1.451,1.25,0.49969,1
Kepler_1061,Kepler-1061,543.375,296.23,50.2752,,6067,1.07,1.09,0.08762,1
Kepler_1669,Kepler-1669,543.444,297.43,39.8479,,4303,0.714145,0.67,-0.80265,3
NY_Vir,NY Vir,544.024,204.701,-2.03039,,32780,0.151,0.459,1.37508,2
Kepler_1298,Kepler-1298,544.163,284.423,49.1062,,6339,2,1.45,0.83982,1
Kepler_1458,Kepler-1458,544.45,283.212,41.038,,5653,0.94,0.96,-0.24032,1
Kepler_1393,Kepler-1393,544.456,284.459,40.1425,,5697,0.92,0.95,0.15136,1
Kepler_309,Kepler-309,544.568,297.51,46.9614,M0 V,4713,0.721,0.816,-0.574,2
Kepler_956,Kepler-956,544.939,292.531,49.0617,,6040,1.15,1.1,0.05208,1
Kepler_999,Kepler-999,545.063,299.66,46.1985,,6237,1.65,1.29,0.5381,1
Kepler_1605,Kepler-1605,546.23,287.135,47.4886,,5280,0.82,0.86,0.42869,1
Kepler_1358,Kepler-1358,546.998,286.171,43.0089,,5181,0.79,0.82,-0.41347,1
Kepler_773,Kepler-773,547.026,290.885,38.0576,,5850,1.01,1.04,0.09508,1
Kepler_1161,Kepler-1161,547.726,299.077,45.4406,,4253,0.57,0.59,-0.65314,1
TOI_5599,TOI-5599,547.948,199.326,55.6815,,6137.02,1.91334,1.21,0.70069,1
Kepler_986,Kepler-986,548.364,293.094,42.8964,,5642,0.98,0.96,-0.04683,1
Kepler_142,Kepler-142,548.686,295.119,48.4814,,5790,1.269,0.978,0.10706,3
Kepler_955,Kepler-955,550.383,288.471,40.2698,,5350,0.84,0.89,-0.4085,1
Kepler_452,Kepler-452,551.727,296.004,44.2776,G2,5757,1.11,1.037,0.08448,1
EPIC_248847494,EPIC 248847494,551.886,159.389,11.8427,,4898,2.7,0.9,0.54805,1
Kepler_1017,Kepler-1017,552.058,283.469,40.1325,,5473,0.87,0.93,-0.16138,1
Kepler_1586,Kepler-1586,552.55,298.203,44.9259,,6681,1.75,1.45,0.18311,1
Kepler_338,Kepler-338,552.798,282.979,40.7844,,5923,1.735,1.105,0.5857,4
Kepler_465,Kepler-465,553.077,284.556,46.0639,,6310,1.29,1.23,0.33805,1
Kepler_1460,Kepler-1460,553.218,285.558,44.0108,,4422,0.67,0.7,-0.84407,1
Kepler_354,Kepler-354,554.064,285.752,41.3357,,4648,0.674,0.652,-0.71394,3
Kepler_1493,Kepler-1493,555.051,288.549,38.5652,,5863,1.29,1.06,0.249,1
HATS_52,HATS-52,555.134,140.088,-31.2692,,6010,1.046,1.111,0.06819,1
Kepler_1143,Kepler-1143,555.189,287.303,39.2896,,5053,0.77,0.81,-0.62275,2
TIC_365102760,TIC 365102760,555.546,305.84,54.3943,,4900,3.13,1.17,0.707,1
Kepler_1526,Kepler-1526,555.574,285.12,38.8665,,4601,0.69,0.73,-0.70671,1
Kepler_1048,Kepler-1048,556.006,281.898,42.1657,,4651,0.7,0.75,-0.40925,1
Kepler_911,Kepler-911,556.168,298.589,40.7507,,6112,1.99,1.34,0.70686,1
Kepler_605,Kepler-605,556.58,287.295,43.2799,,5462,0.88,0.91,-0.24849,2
Kepler_499,Kepler-499,556.726,295.11,43.9151,,5312,0.83,0.87,-0.27919,1
Kepler_1277,Kepler-1277,557.193,295.103,40.5724,,5578,0.92,0.94,-0.19906,1
Kepler_780,Kepler-780,557.652,281.766,44.2925,,5769,1.02,1.01,0.0169,1
TOI_2416,TOI-2416,557.733,57.3389,-60.7872,,5808,1.236,1.118,0.197,1
Kepler_640,Kepler-640,557.787,296.032,42.1317,,5653,0.94,1.01,-0.02367,1
K2_335,K2-335,557.993,129.39,16.5221,,6222,1.33,1.23,0.39509,1
TOI_3819,TOI-3819,558.141,121.863,29.3886,,5859,1.538,1.242,0.39967,1
Kepler_599,Kepler-599,558.517,285.912,41.0695,,5127,0.79,0.83,-0.52232,1
Kepler_1725,Kepler-1725,558.652,294.374,40.1946,,6020,1.085,1.049,0.19852,1
Kepler_567,Kepler-567,558.81,297.673,48.3023,,5148,0.79,0.84,-0.40926,1
Kepler_1982,Kepler-1982,558.855,287.41,39.6586,,6202,1.122,1.213,0.37137,1
Qatar_10,Qatar-10,559.068,284.444,69.5708,F7 V,6124,1.254,1.156,0.29951,1
WASP_133,WASP-133,559.084,314.575,-35.7966,G4,5700,1.44,1.16,0.30545,1
WASP_116,WASP-116,559.243,35.2158,-1.82604,,6250,1.426,1.25,0.49624,1
Kepler_1224,Kepler-1224,559.598,286.626,37.5373,,6155,1.22,1.18,0.29282,1
Kepler_1788,Kepler-1788,560.445,291.224,45.7781,,4786,0.704,0.686,-0.61055,1
Kepler_165,Kepler-165,560.885,280.691,47.8097,,5211,0.77,0.746,-0.4723,2
Kepler_225,Kepler-225,561.101,292.194,47.4571,M1 V,3682,0.48,0.593,-0.99568,2
Kepler_1794,Kepler-1794,561.229,300.62,45.7888,,5052,0.816,0.773,-0.6106,1
EPIC_212624936,EPIC 212624936,561.929,210.638,-10.0237,,5765,0.93,1,-0.12371,2
K2_75,K2-75,561.93,338.845,-7.4699,,5995,1.56,1.16,0.34943,2
Kepler_1035,Kepler-1035,562.116,289.042,42.8825,,5763,0.97,0.98,0.209,1
Kepler_1853,Kepler-1853,562.348,284.748,46.3735,,4821,0.788,0.765,-0.56217,1
TOI_6884,TOI-6884,562.376,193.009,26.674,,6330,1.84,1.41,0.69108,1
TOI_4734,TOI-4734,563.068,90.3581,12.5479,,6070,1.857,1.391,0.62428,1
TOI_2986,TOI-2986,563.149,163.772,-6.47845,,5906,1.458,1.122,0.36773,1
Kepler_1199,Kepler-1199,563.493,293.726,47.2469,,5889,1.17,0.94,0.18707,1
Kepler_566,Kepler-566,564.277,291.554,47.8144,,5132,0.79,0.83,-0.52379,1
HATS_56,HATS-56,564.409,180.165,-45.7995,,6536,2.201,1.573,0.89763,1
K2_271,K2-271,564.454,125.224,16.0908,,5644,0.99,0.83,-0.04982,1
Kepler_563,Kepler-563,565.207,292.446,46.2898,,5066,0.77,0.8,-0.44389,1
Wendelstein_2,Wendelstein-2,565.541,297.791,16.9126,K6 V,4591,0.66,0.73,-0.83411,1
Kepler_1771,Kepler-1771,565.752,292.013,49.0191,,5661,0.934,0.941,-0.0924,1
TOI_2583_A,TOI-2583 A,566.189,272.267,45.3369,,5936,1.477,1.215,0.38828,1
OGLE_TR_113,OGLE-TR-113,566.459,163.101,-61.4469,K4 V,4790,0.774,0.779,-0.529,1
Kepler_145,Kepler-145,566.85,291.388,44.529,,6022,1.85,1.32,0.69164,2
Kepler_1637,Kepler-1637,567.187,282.237,48.1542,,5789,1.02,1.02,0.0229,1
Kepler_1688,Kepler-1688,567.447,289.553,41.2979,,4632.11,0.746,0.814,-0.636,1
Kepler_1482,Kepler-1482,567.556,285.314,48.7253,,5381,0.84,0.88,-0.08288,1
TOI_3160_A,TOI-3160 A,567.678,224.566,-27.6826,,6190,1.346,1.088,0.3784,1
Kepler_1005,Kepler-1005,567.806,286.286,43.3205,,5782,1.06,1,0.1356,1
Kepler_1654,Kepler-1654,568.117,282.186,44.4345,G5 V,5597,1.179,1.011,0.08991,1
Kepler_570,Kepler-570,568.148,290.438,48.7919,,5496,0.9,0.93,-0.29611,1
WASP_176,WASP-176,568.42,313.687,9.17907,F9,5941,1.925,1.345,0.61653,1
Kepler_660,Kepler-660,568.431,288.138,47.7246,,4779,0.71,0.75,-0.62564,1
Kepler_1117,Kepler-1117,568.487,292.085,49.2374,,5612,0.93,0.95,-0.22396,1
Kepler_967,Kepler-967,568.546,286.558,38.4052,,5178,0.8,0.84,-0.71759,2
Kepler_853,Kepler-853,568.676,283.937,49.1103,,6350,1.55,1.3,0.51032,1
Kepler_977,Kepler-977,568.751,291.516,42.2481,,5315,0.83,0.87,-0.47627,1
Kepler_1310,Kepler-1310,569.185,283.92,40.74,,5549,0.88,0.91,-0.19177,1
Kepler_534,Kepler-534,570.659,296.419,49.5401,,5884,0.98,1.05,0.14739,2
Kepler_892,Kepler-892,570.727,283.13,43.8881,,4747,0.72,0.75,-0.73492,1
Kepler_348,Kepler-348,570.783,297.255,40.5484,,6177,1.359,1.189,0.4331,2
Kepler_1414,Kepler-1414,570.835,284.929,42.4223,,4951,0.75,0.8,-0.46384,1
Kepler_149,Kepler-149,571.034,285.854,38.3841,,5381,0.953,1.013,-0.11929,3
TOI_2049,TOI-2049,571.487,346.91,56.6945,,6164,3.2,1.57,1.1038,1
TOI_4030,TOI-4030,571.615,277.623,56.7705,,5640.37,0.991737,0.98,-0.06784,1
Kepler_1406,Kepler-1406,572.403,292.082,38.9149,,5892,1.12,1.05,0.135,1
Kepler_1171,Kepler-1171,573,294.959,38.5916,,7044,1.95,1.58,0.86922,1
Kepler_118,Kepler-118,574.228,299.213,41.4248,,5274,1.094,0.811,-0.37737,2
Kepler_961,Kepler-961,574.314,282.035,43.6312,,5582,0.9,0.96,-0.19378,1
Kepler_828,Kepler-828,575.322,286.887,42.4712,,5039,0.77,0.81,-0.54299,1
Kepler_307,Kepler-307,575.581,297.795,40.4176,,5367,0.814,0.907,-0.12151,2
WASP_92,WASP-92,575.889,246.692,51.0411,F7,6280,1.341,1.19,0.27461,1
Kepler_258,Kepler-258,575.988,294.068,46.5791,,4942,0.915,0.82,-0.57541,2
Kepler_1729,Kepler-1729,576.181,296.694,42.6261,,3837,0.517,0.544,-0.66329,1
Kepler_979,Kepler-979,576.503,300.371,46.4082,,5310,0.83,0.87,-0.31956,1
CoRoT_32,CoRoT-32,576.683,100.195,9.2574,G0 VI,5970,0.79,1.08,-0.1549,1
Kepler_209,Kepler-209,576.946,291.169,42.6407,,5513,0.935,0.971,-0.12879,2
K2_204,K2-204,577.235,17.3825,-0.517754,,5783,1.253,1.076,0.19866,1
EPIC_201757695,EPIC 201757695,577.6,173.939,4.61643,,4520,0.655,0.727,-0.36351,1
Kepler_55,Kepler-55,578.796,285.168,44.0265,,4503,0.619,0.631,-0.76324,5
Kepler_1010,Kepler-1010,579.273,289.193,44.1493,,5253,0.82,0.86,-0.41164,1
Kepler_331,Kepler-331,580.119,291.834,39.3073,,4347,0.492,0.653,-0.78358,3
Kepler_965,Kepler-965,582.828,298.515,41.8912,,5886,1.15,1.05,0.14794,1
Kepler_1770,Kepler-1770,582.942,299.25,43.4104,,5602,1.009,0.941,-0.2091,1
Kepler_1265,Kepler-1265,583.641,284.586,47.0796,,4630,0.69,0.71,-0.70004,1
Kepler_140,Kepler-140,583.859,287.369,46.7681,,6077,1.288,1.044,0.25061,2
Kepler_1038,Kepler-1038,584.136,298.972,44.1323,,5159,0.821,0.868,-0.362,2
Kepler_1701,Kepler-1701,584.142,286.609,41.8893,,5146,0.840217,0.87,-0.35064,1
K2_196,K2-196,584.877,200.456,-8.47171,,6045,1.5388,1.1621,0.64355,1
Kepler_585,Kepler-585,585.187,286.528,43.8734,,5593,0.93,0.96,-0.16334,1
HATS_53,HATS-53,585.77,176.628,-33.8601,,5644,1.101,0.964,0.04532,1
Kepler_865,Kepler-865,586.137,297.724,43.5273,,5570,0.92,0.93,-0.29754,2
Kepler_110,Kepler-110,586.531,292.929,48.6028,,5960,1.149,0.989,0.27598,2
Kepler_6,Kepler-6,587.039,296.837,48.24,,5647,1.391,1.209,0.18916,1
HD_96127,HD 96127,587.659,166.442,44.3015,K2 III,3943,35,0.91,2.86,1
Kepler_1329,Kepler-1329,588.037,281.648,48.271,,4500,0.69,0.72,-0.77081,1
TOI_2719,TOI-2719,588.368,71.5549,-0.804872,,5762,1.69,1.02,0.43619,1
Kepler_1200,Kepler-1200,588.715,296.603,44.1293,,4612,0.7,0.74,-0.68923,1
Kepler_436,Kepler-436,588.867,301.721,44.4121,,4685,0.71,0.75,-0.701,2
BD_14_3065_A,BD-14 3065 A,589.423,153.67,-15.6428,,6935,2.35,1.41,1.06,1
Kepler_1711,Kepler-1711,590.268,298.177,42.237,,5706,1.034,0.94,0.00966,1
Kepler_1470,Kepler-1470,590.601,288.695,39.8831,,4961,0.76,0.8,-0.48551,1
Kepler_1692,Kepler-1692,591.019,286.924,47.0537,,5146,0.866139,0.87,-0.32425,1
Kepler_1079,Kepler-1079,591.098,299.55,45.7697,,5758,1.36,1.08,0.263,1
Kepler_189,Kepler-189,591.534,287.565,44.3051,,5235,0.75,0.803,-0.44774,2
CoRoT_24,CoRoT-24,591.555,101.923,-3.71929,K1 V,4950,0.86,0.91,-0.60148,2
Kepler_1833,Kepler-1833,591.602,290.871,45.4103,,6164,1.446,1.286,0.4374,1
Kepler_707,Kepler-707,591.776,290.008,42.1165,,5099,0.76,0.8,-0.5014,1
Kepler_1977,Kepler-1977,592.711,290.618,37.2891,,4805,0.688,0.769,-0.69414,1
NGTS_21,NGTS-21,592.891,311.258,-35.4278,K3 V,4660,0.86,0.72,-0.53854,1
Kepler_1248,Kepler-1248,593.026,288.059,51.3545,,6149,1.21,1.21,0.276,1
Kepler_1353,Kepler-1353,593.384,295.735,42.5762,,4776,0.72,0.76,-0.6146,1
Kepler_831,Kepler-831,593.54,294.986,42.7277,,5732,0.97,0.99,0.01191,1
Kepler_1443,Kepler-1443,593.646,283.436,47.0668,,6289,1.27,1.19,0.56075,1
Kepler_206,Kepler-206,594.447,291.635,41.8338,,5764,1.185,0.957,0.08357,3
Kepler_191,Kepler-191,594.464,291.183,45.3231,,5215,0.8,0.84,-0.4145,3
Kepler_1995,Kepler-1995,595.331,284.343,46.3166,,5029,0.93,0.847,-0.55559,1
Kepler_653,Kepler-653,595.634,282.213,46.7178,,5665,1.19,1.02,0.11872,2
Kepler_1987,Kepler-1987,595.683,295.825,42.9434,,4769,0.714,0.799,-0.61631,4
Kepler_1891,Kepler-1891,596.24,290.044,44.3705,,5516,0.827,0.873,-0.23134,1
Kepler_462,Kepler-462,596.625,299.821,43.8143,,7500,1.57,1.59,0.92588,2
TOI_5592,TOI-5592,597.026,106.68,65.8572,,6237,1.393,1.194,0.4216,1
TOI_3464,TOI-3464,597.774,234.483,-44.79,,6370,1.56,1.363,0.55871,1
TOI_2714,TOI-2714,597.873,61.4012,-14.9267,,5665,1.25,1.07,0.16017,1
Kepler_889,Kepler-889,598.313,291.467,50.7596,,5961,1.25,1.14,0.38344,1
PSR_B1257_12,PSR B1257+12,600,195.015,12.6824,,5772,1,1.4,0,3
Kepler_242,Kepler-242,600.241,286.566,41.8084,,5020,0.85,0.748,-0.61267,2
Kepler_1792,Kepler-1792,601.029,294.84,39.086,,5229,1.005,0.878,-0.50826,1
Kepler_880,Kepler-880,601.324,281.971,43.6728,,6761,1.74,1.46,0.66603,2
Kepler_1337,Kepler-1337,601.629,287.009,46.7961,,4523,0.67,0.7,-0.74221,1
Kepler_877,Kepler-877,602.176,289.859,46.5227,,5261,0.81,0.85,-0.343,1
Kepler_1791,Kepler-1791,602.218,284.49,42.6483,,5887,1.177,0.985,0.176,1
WASP_165,WASP-165,602.236,357.581,-17.0776,G6,5599,1.75,1.248,0.42831,1
Kepler_310,Kepler-310,602.268,288.839,46.9867,,5797,0.876,0.854,-0.23934,3
TOI_6029,TOI-6029,603.119,8.38626,61.8608,,6223,2.338,1.548,0.79934,1
Kepler_166,Kepler-166,603.53,293.16,48.8812,,5413,0.742,0.811,-0.38508,3
HATS_68,HATS-68,603.955,15.0061,-58.9047,,6147,1.748,1.351,0.59218,1
TOI_3919,TOI-3919,604.591,208.945,40.3918,,6100,1.319,1.208,0.33606,1
Kepler_496,Kepler-496,605.274,291.641,41.2411,,5293,0.82,0.86,-0.41551,1
Kepler_1953,Kepler-1953,605.631,287.968,46.4706,,4858,0.707,0.786,-0.62962,1
Kepler_179,Kepler-179,605.68,298.664,47.7619,,5302,0.759,0.893,-0.27765,2
K2_171,K2-171,606.128,332.341,-13.4289,,5250,1.71746,0.891587,0.51583,1
K2_398,K2-398,606.992,161.735,1.9367,G2,5946,1.239,0.945,0.25966,2
Kepler_1028,Kepler-1028,607.916,289.593,49.7812,,5522,0.87,0.9,-0.24485,1
Kepler_1520,Kepler-1520,607.917,290.966,51.5048,,4677,0.71,0.76,-0.67309,1
Kepler_1442,Kepler-1442,608.68,291.256,48.8469,,6394,1.44,1.34,0.65109,1
Kepler_934,Kepler-934,608.738,290.288,43.7553,,5001,0.77,0.81,-0.47799,1
NGTS_9,NGTS-9,609.128,141.921,-19.3476,F8 V,6330,1.38,1.34,0.38944,1
Kepler_181,Kepler-181,609.283,296.151,50.0958,,5333,0.749,0.81,-0.37878,2
TOI_5232,TOI-5232,609.388,294.337,35.2765,,6500,1.785,1.389,0.71265,1
Kepler_995,Kepler-995,609.638,284.616,39.131,,5206,0.8,0.83,-0.41918,1
K2_132,K2-132,609.818,182.166,-8.74722,,4840,3.85,1.08,0.94349,1
HATS_55,HATS-55,609.838,114.283,-32.7554,,6214,1.126,1.1955,0.22891,1
WASP_153,WASP-153,610.176,279.262,40.0187,G0,5914,1.73,1.336,0.45958,1
Kepler_184,Kepler-184,610.326,291.952,43.0746,,5788,0.873,0.872,-0.22509,3
BD_42_2315,BD+42 2315,610.715,187.589,41.2696,,4500,17.85,1.38,1.99,1
Kepler_1880,Kepler-1880,611.041,287.826,40.6966,,4380,0.53,0.524,-0.76168,1
Kepler_925,Kepler-925,611.115,290.107,40.4906,,4673,0.72,0.77,-0.68406,1
Kepler_1789,Kepler-1789,611.461,282.863,41.7966,,5436,0.888,0.92,-0.23129,1
EPIC_212424622,EPIC 212424622,611.804,202.331,-14.3594,,5782.33,1.2247,1.106,0.17917,1
Kepler_589,Kepler-589,612.803,280.641,47.7521,,5372,0.916,0.832,-0.34669,2
Kepler_665,Kepler-665,612.838,297.026,48.4786,,4913,0.74,0.79,-0.59538,1
Kepler_262,Kepler-262,613.129,290.729,37.2527,,5841,0.881,0.816,-0.13988,2
Kepler_582,Kepler-582,613.179,297.504,41.057,,5564,0.91,0.93,-0.41418,1
TYC_0434_04538_1,TYC 0434-04538-1,613.422,271.34,2.06228,,4679,9.99,1.04,1.67,1
Kepler_821,Kepler-821,614.571,285.617,39.3795,,5191,0.8,0.84,-0.36439,1
Kepler_1274,Kepler-1274,614.648,284.594,46.4497,,6179,2.17,1.45,0.79752,1
Kepler_1559,Kepler-1559,614.827,292.287,42.0726,,5316,0.82,0.86,-0.27638,1
Kepler_1359,Kepler-1359,614.859,289.539,41.8928,,4709,0.72,0.78,-0.7173,1
Kepler_1120,Kepler-1120,615.231,290.914,42.2866,,4904,0.74,0.78,-0.58813,1
Kepler_1485,Kepler-1485,615.66,298.095,44.7371,,6087,1.12,1.11,0.28006,1
Kepler_339,Kepler-339,616.637,293.352,48.4446,,5631,0.802,0.87,-0.31322,3
Kepler_1563,Kepler-1563,616.697,288.574,51.4728,,5765,0.99,1,-0.0102,1
Kepler_1634,Kepler-1634,617.339,294.043,45.1398,,5474,0.89,0.92,-0.26507,1
Kepler_576,Kepler-576,617.55,295.183,38.6542,,5672,0.97,0.99,-0.21068,1
Kepler_1384,Kepler-1384,618,296.215,39.527,,4919,0.74,0.78,-0.539,1
Kepler_1777,Kepler-1777,619.146,290.329,37.7231,,5771,1.068,0.984,-0.03321,1
Kepler_600,Kepler-600,619.723,283.833,41.9786,,5279,0.81,0.84,-0.33922,1
Kepler_1598,Kepler-1598,619.862,288.469,46.7836,,5940,1.09,1.07,-0.03931,1
Kepler_1931,Kepler-1931,620.091,290.872,43.333,,6167,1.221,1.174,0.4741,1
Kepler_561,Kepler-561,621.378,293.747,45.1072,,5646,0.94,0.96,-0.17974,2
Kepler_1335,Kepler-1335,621.853,284.838,42.0703,,4903,0.74,0.77,-0.5555,1
Kepler_135,Kepler-135,621.855,290.495,38.7955,,6090,1.275,1.047,0.44809,2
Kepler_1684,Kepler-1684,621.996,294.005,46.3107,,4706.54,0.666755,0.75,-0.70657,1
Kepler_1254,Kepler-1254,622.818,285.173,48.77,,4985,0.75,0.78,-0.57202,3
HATS_63,HATS-63,623.232,67.4186,-28.1972,,5627,1.07,0.931,0.01199,1
Kepler_115,Kepler-115,623.609,297.712,45.262,,5979,1.205,1.042,0.22007,2
Kepler_1227,Kepler-1227,623.706,287.066,41.875,,5747,0.95,0.97,-0.15834,1
Kepler_520,Kepler-520,623.901,293.18,41.6177,,6112,1.09,1.1,0.51032,2
HATS_18,HATS-18,624.368,173.957,-29.1561,G V,5600,1.02,1.037,-0.03152,1
EPIC_220492298,EPIC 220492298,624.512,16.7615,6.5888,,5620,0.89,0.95,-0.0088,1
Kepler_711,Kepler-711,624.575,297.46,42.8398,,5222,0.8,0.84,-0.49939,1
Kepler_1014,Kepler-1014,624.8,285.122,44.1105,,5388,0.84,0.88,-0.3365,1
Kepler_402,Kepler-402,625.339,288.37,43.3546,,6090,1.264,1.072,0.2035,4
Kepler_1148,Kepler-1148,625.692,290.954,45.7196,,5054,0.77,0.81,-0.53105,1
Kepler_246,Kepler-246,626.078,296.483,42.6634,,5206,0.831,0.853,-0.41338,2
Kepler_1664,Kepler-1664,626.691,286.853,49.2617,,5735.81,1.072,0.944,0.0501,1
Kepler_1667,Kepler-1667,626.819,283.533,48.0944,,5941.54,1.08751,1.09,0.12316,1
WASP_169,WASP-169,627.066,127.387,-12.9448,F8,6110,2.011,1.337,0.78882,1
CoRoT_22,CoRoT-22,627.158,280.667,6.21917,G3 V,5939,1.136,1.099,0.01352,1
Kepler_1879,Kepler-1879,627.171,289.364,41.5333,,5865,1.388,1.023,0.38444,1
Kepler_260,Kepler-260,627.365,291.926,38.0141,,5250,0.862,1.013,-0.09198,2
Kepler_883,Kepler-883,627.455,286.434,50.3002,,6116,1.09,1.06,0.29567,1
Kepler_9,Kepler-9,628.257,285.574,38.4008,,5777,1.02,1.07,-0.038,3
TOI_5301,TOI-5301,629.161,12.9908,13.0784,,6260,2.18,1.507,0.81757,1
Kepler_1644,Kepler-1644,629.27,285.475,48.0348,,5499,0.86,0.89,-0.215,1
Kepler_1720,Kepler-1720,629.445,296.809,47.1719,,5573,0.839,0.939,-0.33619,1
K2_194,K2-194,629.51,204.609,-8.92716,,5979,1.28112,1.11009,0.36302,1
Kepler_1602,Kepler-1602,629.804,293.581,40.4275,,6296,1.36,1.22,0.20142,1
Kepler_1565,Kepler-1565,629.93,297.953,40.8068,,4940,0.73,0.76,-0.56447,1
Kepler_491,Kepler-491,630.785,287.131,42.3502,,5582,1.03,1.04,-0.05683,1
Kepler_1841,Kepler-1841,631.7,287.707,40.6852,,5190,0.899,0.823,-0.27843,1
Kepler_1849,Kepler-1849,631.884,285.292,41.2557,,4806,0.729,0.709,-0.66231,1
Kepler_1466,Kepler-1466,631.949,289.831,44.6098,,5884,1.02,1.01,-0.02273,1
Kepler_1768,Kepler-1768,632.766,299.957,44.7719,,6050,1.572,1.24,0.28665,1
Kepler_1232,Kepler-1232,632.865,296.55,49.1023,,5471,0.89,0.92,-0.35931,1
Kepler_687,Kepler-687,633.66,289.315,39.1533,,4841,0.73,0.77,-0.56669,1
Kepler_834,Kepler-834,633.937,287.054,45.1803,,4554,0.66,0.7,-0.7453,1
Kepler_1302,Kepler-1302,634.58,290.989,50.3081,,5236,0.82,0.86,-0.46714,1
TOI_6420,TOI-6420,634.712,125.544,-19.1243,,6020,1.312,1.165,0.31175,1
Kepler_1166,Kepler-1166,634.906,290.348,50.9028,,5446,0.86,0.9,-0.25594,1
Kepler_213,Kepler-213,634.939,290.824,44.6473,,5696,1.195,1.07,0.082,2
Kepler_716,Kepler-716,635.009,290.393,43.3639,,5099,0.78,0.83,-0.50424,2
Kepler_549,Kepler-549,635.145,283.023,47.2611,,5360,0.84,0.88,-0.30618,3
Kepler_626,Kepler-626,635.643,288.699,39.7082,,5813,1.05,1.01,-0.04194,1
K2_113,K2-113,635.722,19.4494,6.86885,G,5660,1.24,1.04,0.0086,1
Kepler_1126,Kepler-1126,635.736,285.692,45.6894,,5798,0.93,0.92,-0.09926,2
Kepler_648,Kepler-648,636.03,283.9,45.0169,,5741,0.98,1.05,-0.05328,1
Kepler_201,Kepler-201,636.445,293.626,41.2728,,6065,1.229,1.098,0.34816,2
Kepler_1802,Kepler-1802,636.694,300.242,44.1413,,4245,0.637,0.649,-0.925,2
Kepler_1593,Kepler-1593,638.249,300.488,44.4607,,4995,0.77,0.81,-0.652,1
Kepler_569,Kepler-569,638.301,283.507,48.5526,,5616,0.93,0.95,-0.10661,1
Kepler_805,Kepler-805,638.49,293.23,45.0534,,6112,1.65,1.19,0.5408,1
HATS_9,HATS-9,638.7,290.81,-20.1664,,5599,1.56,1.1,0.3118,1
HATS_23,HATS-23,639.004,286.367,-50.0673,G V,5780,1.199,1.121,0.15534,1
Kepler_522,Kepler-522,639.239,288.154,44.0688,,6392,1.98,1.54,0.65452,1
Kepler_77,Kepler-77,639.411,289.608,44.3454,G5 V,5520,0.99,0.95,-0.046,1
Kepler_803,Kepler-803,639.771,299.222,44.6939,,5919,1.12,1.05,0.24057,1
Kepler_1394,Kepler-1394,640.409,283.453,45.0841,,6481,2.55,1.64,0.81107,1
Kepler_1721,Kepler-1721,641.374,283.544,45.2257,,5351,0.796,0.89,-0.40675,1
TOI_6707,TOI-6707,641.467,109.763,-58.1155,,6289.49,1.58202,1.14,0.49111,1
Kepler_785,Kepler-785,642.051,292.068,38.8422,,4739,0.71,0.77,-0.68251,1
HATS_59,HATS-59,642.884,170.324,-22.3882,,5670,1.036,1.038,-0.00436,2
Kepler_595,Kepler-595,643.009,294.57,50.673,,5138.5,0.821,0.93,-0.34768,2
Kepler_57,Kepler-57,644.14,293.641,44.6571,,5187.9,0.826,0.859,-0.34241,2
Kepler_1601,Kepler-1601,644.456,285.513,38.0798,,5869,1.07,1.04,0.08501,1
TOI_4379,TOI-4379,645.158,252.048,-32.4338,,6020,1.976,1.372,0.63749,1
TOI_3523_A,TOI-3523 A,645.294,304.283,42.9065,,6450,1.448,1.131,0.51455,1
CoRoT_6,CoRoT-6,645.294,281.073,6.66321,F9 V,6090,1.025,1.05,0.02573,1
Kepler_11,Kepler-11,646.346,297.115,41.9091,,5663,1.065,0.961,0.1202,6
Kepler_425,Kepler-425,646.647,290.358,40.5677,K1 V,5170,0.86,0.93,-0.323,1
Kepler_866,Kepler-866,646.667,290.122,43.0854,,4751,0.71,0.75,-0.70483,1
Kepler_1320,Kepler-1320,647.424,288.434,40.3809,,4817,0.74,0.8,-0.72896,1
NGTS_13,NGTS-13,647.595,176.24,-38.1397,,5819,1.788,1.3,0.5172,1
Kepler_239,Kepler-239,648.109,294.202,40.6633,,4914,0.763,0.757,-0.47489,2
Kepler_1252,Kepler-1252,648.979,298.95,46.6928,,5949,1.09,1.06,-0.12958,1
Kepler_804,Kepler-804,649.65,293.372,44.7852,,5817,1.05,1.01,0.04956,2
Kepler_151,Kepler-151,649.919,292.163,41.0232,,5460,0.83,0.87,-0.33413,2
Kepler_1675,Kepler-1675,651.117,283.81,41.0413,,5853.19,1.12865,1.06,0.12938,1
Kepler_885,Kepler-885,651.318,288.662,49.7372,,6187,1.35,1.21,0.41686,1
Kepler_192,Kepler-192,651.674,287.918,45.5929,,5487,0.94,0.94,-0.09429,3
Kepler_1728,Kepler-1728,651.783,287.094,39.0608,,5170,0.807,0.891,-0.41612,1
HAT_P_64,HAT-P-64,651.897,68.9744,2.43127,,6457,1.735,1.298,0.66839,1
Kepler_511,Kepler-511,651.999,282.946,47.5749,,5866,1.417,0.958,0.49754,2
Kepler_195,Kepler-195,652.051,288.121,47.9666,,5329,0.775,0.867,-0.36708,2
Kepler_1473,Kepler-1473,652.253,290.637,48.9961,,6046,1.09,1.09,0.19358,1
Kepler_133,Kepler-133,653.6,297.278,48.3204,,5736,1.425,1.02,0.4105,2
K2_412,K2-412,654.085,76.2621,21.5802,,5590,0.977,0.893,-0.07054,1
Kepler_1034,Kepler-1034,654.549,286.115,37.9669,,5198,0.8,0.83,-0.43881,1
GPX_1,GPX-1,655.013,38.3692,56.0257,F2,7000,1.56,1.68,0.72673,1
CoRoT_11,CoRoT-11,655.037,280.687,5.93766,F6 V,6440,1.37,1.27,0.37753,1
KOI_1257,KOI-1257,656,291.225,44.9273,G5 V,5520,1.13,0.99,0.0292,1
Kepler_218,Kepler-218,656.38,295.413,46.2666,,5502,1.063,1.019,0.00935,3
Kepler_1140,Kepler-1140,656.48,281.694,46.9465,,4850,0.73,0.76,-0.56584,1
Kepler_1775,Kepler-1775,657.023,286.402,38.7386,,5818,1.647,1.149,0.24607,1
Kepler_111,Kepler-111,657.223,291.653,44.6883,,5952,1.157,1.171,0.19471,2
Kepler_237,Kepler-237,657.822,283.221,40.4218,,4861,0.725,0.696,-0.47742,2
Kepler_495,Kepler-495,658.924,285.931,39.0981,,5346,0.83,0.86,-0.2375,2
Kepler_1042,Kepler-1042,659,288.669,39.824,,4815,0.72,0.75,-0.6,1
Kepler_1981,Kepler-1981,659.395,287.975,38.7403,,5874,3.006,1.519,0.24356,1
KOI_319,KOI-319,660.138,290.117,44.873,,5880,2.064,1.325,0.71818,2
Kepler_1529,Kepler-1529,661.014,289.871,41.0407,,5048,0.77,0.81,-0.52049,1
Kepler_1215,Kepler-1215,661.022,297.464,48.1814,,5616,0.93,0.95,-0.18176,1
Kepler_1424,Kepler-1424,661.421,290.992,40.2293,,5838,1.07,1.02,0.27098,1
K2_258,K2-258,661.873,187.631,-1.16092,,6351,1.31,1.21,0.27219,1
Kepler_558,Kepler-558,661.876,284.658,42.6527,,5242,0.81,0.85,-0.38422,1
WASP_184,WASP-184,663.231,209.517,-30.3482,G0 V,6000,1.65,1.23,0.50133,1
Kepler_597,Kepler-597,663.418,293.47,39.2528,,5683,0.95,0.97,-0.0334,1
Kepler_247,Kepler-247,663.711,288.643,43.0394,K,5060,0.788,0.887,-0.42165,4
K2_260,K2-260,663.834,76.8673,16.8677,F6 V,6860,1.755,1.637,0.78817,1
Kepler_819,Kepler-819,664.306,295.371,39.1773,,5279,0.81,0.86,-0.39773,1
Kepler_1263,Kepler-1263,664.83,286.484,46.7526,,5213,0.8,0.84,-0.41402,1
Kepler_709,Kepler-709,664.843,292.105,42.3803,,5071,0.77,0.8,-0.48148,1
Kepler_675,Kepler-675,665.68,293.833,50.2303,,4945,0.75,0.79,-0.50669,1
Kepler_200,Kepler-200,665.912,284.41,41.2375,,5678,0.944,0.972,0.00778,2
Kepler_526,Kepler-526,666.146,297.651,47.3962,,5894,1.14,1.15,0.35055,1
Kepler_1531,Kepler-1531,666.334,285.147,39.3708,,6260,1.27,1.16,0.30365,1
BD_48_740,BD+48 740,666.589,40.7425,48.9301,K3 III,4534,10.33,1.09,1.64,1
HAT_P_53,HAT-P-53,666.802,21.8711,38.9681,,5956,1.209,1.093,0.21748,1
Kepler_1926,Kepler-1926,667.405,291.199,44.1662,,5256,0.832,0.768,-0.64728,1
Kepler_464,Kepler-464,667.604,294.835,48.9823,,5933,1.59,1.21,0.48379,1
Kepler_1067,Kepler-1067,667.693,285.387,45.049,,5592,0.93,0.95,-0.14725,2
Kepler_1742,Kepler-1742,669.573,286.967,44.9924,,5776,0.849,0.939,-0.18376,1
Kepler_1352,Kepler-1352,670.829,290.694,48.7014,,6118,1.16,1.11,0.263,1
TYC_1422_614_1,TYC 1422-614-1,672.41,154.278,19.5584,,4806,6.85,1.15,1.35,2
Kepler_1032,Kepler-1032,673.01,289.931,40.0977,,4647,0.71,0.77,-0.65547,1
Kepler_556,Kepler-556,674.598,290.529,38.9427,,5740,0.98,1,-0.04785,1
Kepler_1547,Kepler-1547,674.695,283.764,42.2221,,6078,1.18,1.12,0.22242,1
WASP_188,WASP-188,675.281,278.782,36.6156,,6850,1.83,1.5,0.74277,1
Kepler_1571,Kepler-1571,675.303,300.935,45.5965,,6297,1.39,1.23,0.194,1
HD_95127,HD 95127,676.579,164.896,43.8144,K0,4218,41.01,3.7,2.28,1
Kepler_337,Kepler-337,677.975,290.061,47.164,,5684,1.761,1.081,0.48057,2
Kepler_1327,Kepler-1327,678.069,289.065,50.4609,,5885,1.03,1.02,0.0362,1
Kepler_1461,Kepler-1461,679.106,285.831,43.1984,,4919,0.74,0.79,-0.64483,1
Kepler_985,Kepler-985,679.361,290.144,44.0499,,5434,0.85,0.91,-0.28282,1
HATS_61,HATS-61,679.761,61.6578,-25.3497,,5542,1.664,1.076,0.36922,1
Kepler_1829,Kepler-1829,679.921,288.664,51.4984,,5230,0.777,0.873,-0.39395,1
Kepler_633,Kepler-633,680.54,295.217,40.5922,,5899,1.15,1.02,0.16,2
Kepler_1867,Kepler-1867,680.583,294.997,43.4359,,5693,0.816,0.911,0.21949,1
Kepler_1477,Kepler-1477,680.828,281.299,42.6857,,5100,0.78,0.81,-0.19624,1
Kepler_598,Kepler-598,681.086,293.123,40.9348,,5307,0.86,0.87,-0.25753,2
Kepler_1773,Kepler-1773,681.255,286.223,38.2582,,6183,1.3,1.241,0.40462,1
Kepler_392,Kepler-392,681.428,288.661,43.3682,,5938,1.129,0.874,0.19453,2
Kepler_1151,Kepler-1151,682.436,292.248,47.8784,,5470,0.85,0.88,-0.34196,1
Kepler_978,Kepler-978,682.522,286.711,43.0434,,6002,1.09,1.07,0.143,1
Kepler_1031,Kepler-1031,682.882,296.09,48.9554,,6011,1.12,1.09,0.17,1
Kepler_574,Kepler-574,682.896,290.247,52.1491,,5612,0.91,0.95,-0.21429,1
NGTS_24,NGTS-24,683.062,168.564,-37.9101,G2 IV,5820,1.64,1.26,0.44592,1
Kepler_1109,Kepler-1109,685.087,291.646,39.3966,,5893,1.06,1.05,-0.07583,1
K2_107,K2-107,685.2,284.985,-22.2934,F9 IV,6061,1.81,1.3,0.46446,1
Kepler_535,Kepler-535,685.599,296.567,49.6962,,6123,1.27,1.18,0.3406,1
Kepler_428,Kepler-428,686.284,290.582,40.5773,K1 V,5150,0.8,0.87,-0.39,1
Kepler_1827,Kepler-1827,686.461,292.253,40.7928,,5423,1.404,0.915,0.187,1
Kepler_204,Kepler-204,686.723,285.347,41.7618,,5812,1.238,1.038,0.02981,2
Kepler_681,Kepler-681,686.923,289.4,51.2502,,5021,0.76,0.8,-0.45672,1
Kepler_516,Kepler-516,687.094,295.609,38.7357,,7099,2.02,1.62,0.79832,1
Kepler_212,Kepler-212,687.194,287.621,43.1416,,5852,1.455,1.166,0.38347,2
Kepler_1242,Kepler-1242,687.615,284.606,41.1963,,4895,0.74,0.77,-0.51639,1
K2_378,K2-378,687.973,205.16,-11.1172,,4823,0.732,0.923,-0.56665,1
Kepler_357,Kepler-357,688.573,291.243,44.0086,,5036,0.834,0.794,-0.55635,3
Kepler_1385,Kepler-1385,688.795,282.631,46.481,,5732,1.29,1.15,0.45032,1
Kepler_163,Kepler-163,689.814,295.003,46.9873,,5776,0.917,0.882,-0.13799,2
Kepler_1776,Kepler-1776,690.336,291.534,47.0425,,5872,1.153,1.041,0.16391,1
Kepler_554,Kepler-554,690.525,296.407,51.3582,,5447,0.92,0.93,-0.11758,1
Kepler_416,Kepler-416,690.819,291.557,39.2273,,5718,1.075,1,0.02791,3
Kepler_1156,Kepler-1156,691.331,288.924,46.0576,,5778,1,1,-0.06802,1
Kepler_1145,Kepler-1145,691.961,295.308,43.0444,,5064,0.75,0.79,-0.49839,1
Kepler_297,Kepler-297,692.14,283.209,48.7776,,5618,0.897,0.846,-0.09608,3
Kepler_461,Kepler-461,692.158,292.249,46.1648,,5634,0.91,0.98,0.24622,1
Kepler_1553,Kepler-1553,692.594,291.919,39.0222,,5288,0.81,0.85,-0.33811,1
Kepler_1100,Kepler-1100,693.618,291.871,44.0874,,6247,1.34,1.21,0.08792,1
Kepler_586,Kepler-586,693.766,293.057,45.5511,,5575,0.92,0.94,-0.14099,1
Kepler_243,Kepler-243,693.86,285.11,42.034,,5228,0.842,0.904,-0.37337,2
Kepler_1023,Kepler-1023,694.175,289.03,49.7697,,5494,0.89,0.93,-0.1926,1
Kepler_290,Kepler-290,694.627,286.41,42.6815,,5147,0.743,0.756,-0.58591,3
K2_351,K2-351,694.734,206.652,-11.805,,5769,1.05,1.02,0.02389,1
Kepler_1409,Kepler-1409,694.89,290.085,51.2086,,5160,0.79,0.83,-0.4219,1
Kepler_735,Kepler-735,695.059,284.689,46.1721,,5107,0.8,0.85,-0.51697,1
Kepler_180,Kepler-180,695.65,295.571,49.7745,,5731,1.063,0.95,-0.13204,2
Kepler_1069,Kepler-1069,695.967,290.979,47.9889,,5722,0.98,0.99,0.37196,1
K2_375,K2-375,696.1,130.501,20.3593,,5822,1.543,1.119,0.39626,1
HAT_P_39,HAT-P-39,697.004,113.758,17.83,,6430,1.625,1.404,0.607,1
Kepler_1950,Kepler-1950,697.253,287.087,42.6687,,5455,0.852,0.759,-0.22345,1
Kepler_1326,Kepler-1326,698.326,296.222,39.2689,,6725,1.74,1.45,0.52296,1
Kepler_1205,Kepler-1205,698.485,290.28,41.515,,5226,0.81,0.84,-0.41829,1
Kepler_424,Kepler-424,698.646,298.625,48.5774,,5460,0.94,1.01,-0.15,2
Kepler_1999,Kepler-1999,701.255,282.371,48.2592,,4406,0.628,0.632,-0.77323,1
Kepler_119,Kepler-119,701.996,295.946,42.6588,,5595,0.839,0.918,-0.0366,2
Kepler_1146,Kepler-1146,703.038,286.717,47.4257,,4692,0.7,0.74,-0.64244,1
Kepler_790,Kepler-790,703.168,286.917,38.8722,,5208,0.8,0.84,-0.42384,1
Kepler_203,Kepler-203,703.302,297.09,41.3881,,5821,1.114,1.06,0.0937,3
K2_246,K2-246,703.616,181.63,-1.1606,,5610,0.94,0.87,-0.15088,1
Kepler_581,Kepler-581,703.758,295.433,40.6482,,5772,1,1,-0.16946,1
Kepler_1690,Kepler-1690,703.789,288.157,41.8779,,5404,0.862346,0.94,-0.24308,1
Kepler_1435,Kepler-1435,704.211,291.173,44.9211,,6356,1.32,1.21,0.4683,1
Kepler_1123,Kepler-1123,704.323,294.518,50.6704,,5500,0.9,0.93,-0.29455,1
Kepler_289,Kepler-289,704.438,297.465,42.8829,,5990,1,1.08,0.061,4
Qatar_7,Qatar-7,705.981,358.515,37.0218,F4 V,6387,1.564,1.409,0.56348,1
EPIC_201427007,EPIC 201427007,706.391,184.602,-0.551289,,5633,0.94,0.93,-0.04875,1
KIC_8121913,KIC 8121913,707.303,298.968,43.9094,,5975.3,2.233,1.456,0.73994,1
Kepler_356,Kepler-356,707.559,292.421,37.6828,,6133,1.335,1.163,0.46128,2
Kepler_1753,Kepler-1753,707.688,288.237,46.6059,,5180,0.769,0.86,-0.55992,1
K2_127,K2-127,709.999,207.078,-11.589,,4575,0.66,0.72,-0.25445,1
Kepler_1845,Kepler-1845,710.724,292.902,38.297,,4703,0.701,0.686,-0.57817,1
Kepler_886,Kepler-886,711.297,286.272,43.5952,,6098,1.16,1.1,0.04165,1
Kepler_1899,Kepler-1899,711.509,292.033,37.9745,,4791,0.742,0.759,-0.67239,1
Kepler_1059,Kepler-1059,713.167,289.22,41.7064,,4906,0.72,0.75,-0.52036,1
Kepler_1932,Kepler-1932,713.733,285.331,41.0638,,5278,0.815,0.911,-0.35191,1
Kepler_273,Kepler-273,713.964,291.302,47.6977,,5626,0.815,0.756,-0.34099,2
Kepler_983,Kepler-983,714.437,285.104,45.0081,,6052,1.08,1.13,0.15,1
WASP_159,WASP-159,715.383,68.1365,-38.9683,F9,6120,2.11,1.41,0.678,1
Kepler_178,Kepler-178,716.025,287.101,46.8964,,5676,1.066,0.852,-0.20778,3
Kepler_1632,Kepler-1632,716.76,294.495,43.9136,,6137,1.19,1.12,0.40631,1
Kepler_146,Kepler-146,716.797,294.111,38.7102,,5948,1.208,1.079,0.14794,2
TOI_4329,TOI-4329,717.128,329.564,71.1316,,6000,2.31,1.538,0.79931,1
Kepler_330,Kepler-330,717.527,288.447,44.8018,,5117,0.722,0.848,-0.44191,2
Kepler_1258,Kepler-1258,717.555,285.405,49.9948,,5839,0.99,0.99,0.09384,1
Kepler_1700,Kepler-1700,717.597,286.95,45.3538,,6031,1.0937,1.12,0.15405,1
Kepler_1754,Kepler-1754,718.945,295.457,50.0772,,4723,0.747,0.734,-0.61192,1
Kepler_301,Kepler-301,719.166,283.983,49.233,,5815,0.9,1.022,-0.07963,3
Kepler_1097,Kepler-1097,719.802,281.594,42.5964,,5211,0.79,0.82,-0.40444,1
Kepler_17,Kepler-17,720.753,298.395,47.815,G2 V,5781,1.01034,1.04,0.01164,1
Kepler_749,Kepler-749,721.027,299.897,43.9041,,5009,0.75,0.79,-0.49432,1
KIC_10068024,KIC 10068024,721.105,288.847,47.0229,,6118.4,1.574,1.22,0.496,1
Kepler_1046,Kepler-1046,721.534,296.756,46.9983,,5913,1.04,1.04,0.06429,1
Kepler_659,Kepler-659,722.64,287.608,47.5097,,4870,0.74,0.79,-0.52596,1
Kepler_422,Kepler-422,722.795,282.63,46.3233,,5972,1.24,1.15,0.24,1
Kepler_1390,Kepler-1390,723.431,298.662,48.2489,,5753,0.98,0.98,-0.10022,1
Kepler_571,Kepler-571,723.875,286.551,49.4187,,5527,0.9,0.93,-0.22253,1
Kepler_1823,Kepler-1823,724.971,283.755,45.3351,,6000,1.126,1.068,0.28744,1
Kepler_1814,Kepler-1814,726.346,285.217,41.2824,,4922,0.823,0.79,-0.50574,2
CoRoT_4,CoRoT-4,726.412,102.195,-0.672786,,6190,1.17,1.16,0.18482,1
Kepler_1110,Kepler-1110,726.828,291.808,38.6227,,4781,0.7,0.73,-0.63653,1
Kepler_1673,Kepler-1673,727.187,285.667,48.7196,,6014.95,1.13166,1.11,0.17906,1
Kepler_776,Kepler-776,727.904,287.273,41.6356,,5071,0.78,0.83,-0.43656,1
Kepler_1317,Kepler-1317,728.303,291.612,42.116,,5144,0.79,0.83,-0.41358,1
Kepler_553,Kepler-553,728.525,298.551,48.3325,,5191,0.902,0.889,-0.27084,2
Kepler_1479,Kepler-1479,728.668,285.712,49.7068,,5796,0.98,0.99,0.14528,1
Kepler_1214,Kepler-1214,729.227,285.143,49.8007,,5130,0.8,0.85,-0.41949,1
Kepler_1686,Kepler-1686,729.823,291.607,42.036,,5714.96,1.19951,1.02,0.14075,1
Kepler_1545,Kepler-1545,729.964,298.899,47.4631,,5201,0.8,0.84,-0.27681,1
Kepler_69,Kepler-69,730.625,293.261,44.8689,G4 V,5638,0.93,0.81,-0.097,2
WASP_142,WASP-142,730.933,140.506,-23.9461,F8,6010,1.64,1.33,0.51325,1
Kepler_379,Kepler-379,731.274,295.701,38.9458,,6054,1.306,1.125,0.27953,2
Kepler_1362,Kepler-1362,731.298,288.539,40.8771,,4857,0.74,0.8,-0.60131,1
CoRoT_16,CoRoT-16,732.409,278.525,-6.0026,G5 V,5650,1.19,1.098,-0.43496,1
Kepler_1683,Kepler-1683,733.143,298.45,44.284,,5429,0.900327,0.95,-0.19763,1
Kepler_1619,Kepler-1619,734.85,285.704,44.4222,,5852,1,1,0.32575,1
Kepler_1677,Kepler-1677,735.369,298.493,47.0131,,6013.72,1.24959,1.11,0.2648,1
Qatar_3,Qatar-3,735.601,359.152,36.213,G0 V,6007,1.272,1.145,0.27875,1
Kepler_1011,Kepler-1011,736.779,297.402,46.824,,5416,0.88,0.91,-0.37597,1
HATS_41,HATS-41,737.668,103.517,-27.0504,,6424,1.71,1.496,0.65321,1
Kepler_623,Kepler-623,737.702,296.987,47.4774,,5443,0.86,0.9,-0.31821,1
K2_340,K2-340,738.136,127.937,19.0746,,5532,1.13,0.93,-0.00232,1
Kepler_1382,Kepler-1382,738.261,295.377,39.048,,6161,1.72,1.36,0.57225,1
HAT_P_65,HAT-P-65,738.519,315.905,11.9894,G2,5872,1.666,1.297,0.47276,1
K2_7,K2-7,738.553,167.094,-1.06585,,5700,1.533,1.056,0.35025,1
Kepler_170,Kepler-170,738.657,284.521,41.6297,,5679,1.035,1.066,-0.05453,2
Kepler_248,Kepler-248,738.792,293.061,43.5814,,5190,0.831,0.838,-0.41834,2
Kepler_1015,Kepler-1015,739.357,292.757,43.4268,,6769,1.81,1.49,0.55886,1
Kepler_15,Kepler-15,739.412,296.201,49.14,,5515,0.992,1.018,-0.087,1
Kepler_1082,Kepler-1082,739.557,289.359,50.5984,,5923,1.14,1.03,0.3142,1
Kepler_1498,Kepler-1498,740,284.778,44.9168,,5256,0.81,0.86,-0.16563,1
Kepler_399,Kepler-399,740.537,299.502,40.6708,,5502,0.68,0.902,-0.418,3
Kepler_230,Kepler-230,740.754,285.719,48.5058,,5588,0.817,0.784,-0.36784,2
Kepler_1101,Kepler-1101,742.473,294.569,45.6712,,5614,0.91,0.94,-0.35135,1
Kepler_1198,Kepler-1198,743.03,288.834,44.8382,,5517,0.9,0.93,-0.23165,1
NGTS_3_A,NGTS-3 A,743.972,94.4448,-35.7064,G6 V,5600,0.93,1.017,-0.144,1
Kepler_1261,Kepler-1261,744.294,285.232,48.8067,,5006,0.77,0.82,-0.5233,1
HATS_32,HATS-32,745.116,346.075,-21.272,,5700,1.097,1.099,0.0569,1
TOI_4034,TOI-4034,745.145,335.147,71.7673,,5891,1.83,1.19,0.53102,1
Kepler_1785,Kepler-1785,745.74,295.792,47.6001,,5618,0.996,0.911,0.00308,1
HATS_12,HATS-12,746.138,289.202,-19.3559,F,6357,1.17,1.16,0.86332,1
Kepler_240,Kepler-240,746.927,291.159,40.7502,,4985,0.739,0.868,-0.52355,2
POTS_1,POTS-1,747.959,203.609,-66.5812,K5 V,4400,0.588,0.695,-1.0869,1
Kepler_624,Kepler-624,748.188,295.193,39.5397,,6117,1.18,1.1,0.29097,1
Kepler_1539,Kepler-1539,748.326,284.219,44.2685,,5176,0.8,0.84,-0.42607,1
Kepler_1817,Kepler-1817,748.569,282.033,44.478,,5316,0.915,0.878,-0.38044,1
HATS_54,HATS-54,748.585,200.635,-44.6888,G6 V,5621,1.23,1.05,0.11461,1
Kepler_1501,Kepler-1501,749.06,289.919,42.0014,,6229,1.3,1.2,0.20231,1
Kepler_527,Kepler-527,750.04,290.958,47.4063,,6388,1.45,1.28,0.32269,1
Kepler_1968,Kepler-1968,750.93,291.508,45.3701,,5008,0.788,0.844,-0.64972,1
Kepler_548,Kepler-548,751.776,299.906,45.4396,,5535,0.9,0.93,-0.2012,1
Kepler_1400,Kepler-1400,752.237,286.272,45.4408,,5044,0.78,0.83,-0.57763,1
Kepler_655,Kepler-655,752.562,297.259,46.8432,,6170,1.24,1.15,0.32385,1
HD_1690,HD 1690,752.615,5.30559,-8.28114,K1 III,4374,21.66,1.86,1.51983,1
Kepler_1168,Kepler-1168,752.666,287.298,47.4555,,5157,0.82,0.87,-0.5302,1
Kepler_1133,Kepler-1133,753.135,293.322,42.8675,,5569,0.9,0.93,-0.20972,1
Kepler_1338,Kepler-1338,753.26,284.042,41.699,,5909,1.05,1.04,0.24719,1
Kepler_914,Kepler-914,753.723,290.412,44.8993,,5877,1.15,1.1,0.24467,1
WASP_78,WASP-78,754.258,63.7563,-22.1164,,6100,2.46,1.87,0.76274,1
Kepler_263,Kepler-263,754.747,292.47,37.5678,,5265,0.785,0.793,-0.45614,2
Kepler_1653,Kepler-1653,755,296.458,41.266,,4807,0.693,0.719,-0.636,1
Kepler_1412,Kepler-1412,755.678,292.18,49.2025,,5880,1.27,1.06,0.38332,1
Kepler_1763,Kepler-1763,756.486,294.113,40.3629,,5897,1.259,1.026,0.27421,1
HATS_50,HATS-50,756.742,300.428,-26.0776,,5990,1.117,1.168,0.14301,1
HATS_16,HATS-16,757.044,358.559,-30.013,G3 V,5738,1.238,0.97,0.17319,1
Kepler_439,Kepler-439,757.048,280.802,44.034,,5431,0.866,0.884,-0.236,1
Kepler_1194,Kepler-1194,757.382,291.699,38.1452,,5590,0.92,0.94,-0.127,1
Kepler_906,Kepler-906,757.791,291.406,40.1254,,6035,1.02,1.06,0.09641,1
WASP_171,WASP-171,757.84,171.845,-44.0887,G0,5965,1.637,1.171,0.67172,1
Kepler_1243,Kepler-1243,758.17,294.009,42.8808,,5667,0.94,0.96,-0.24358,1
Kepler_1681,Kepler-1681,758.3,296.697,46.3717,,5756.4,0.759,0.893,-0.2933,1
Kepler_725,Kepler-725,758.469,283.977,44.8116,G,5395,0.88,0.95,-0.31304,2
Kepler_1030,Kepler-1030,758.702,293.682,45.8175,,4983,0.76,0.8,-0.55288,1
Kepler_423,Kepler-423,758.753,292.856,46.3912,G4 V,5560,0.95,0.85,-0.018,1
Kepler_222,Kepler-222,758.854,287.906,46.9377,,5433,0.869,0.933,-0.33784,3
Kepler_1693,Kepler-1693,760.065,290.202,48.1858,,5432.34,0.878295,0.95,-0.21808,2
Kepler_751,Kepler-751,760.43,294.844,44.0777,,5387,0.84,0.87,-0.26401,1
Kepler_250,Kepler-250,760.585,289.595,44.1418,,5160,0.805,0.806,-0.45709,3
Kepler_625,Kepler-625,760.708,292.15,39.6375,,5789,0.96,1.04,0.40647,2
Kepler_631,Kepler-631,761.966,296.886,40.2282,,6185,1.33,1.24,0.38915,1
Kepler_1206,Kepler-1206,762.019,295.938,49.7911,,4877,0.75,0.8,-0.61957,1
Kepler_726,Kepler-726,762.081,291.717,44.8873,,5452,0.85,0.88,-0.31868,1
Kepler_363,Kepler-363,762.596,283.192,41.3054,,5593,1.485,1.226,0.36465,3
Kepler_1909,Kepler-1909,763.662,290.889,42.4596,,4935,0.685,0.663,-0.57623,1
Kepler_1765,Kepler-1765,764.456,298.014,42.9574,,5692,1.064,0.946,-0.136,1
Kepler_1612,Kepler-1612,764.726,291.25,45.6551,,5643,0.94,0.96,-0.18821,1
CoRoT_18,CoRoT-18,764.889,98.1724,-0.0316045,G9 V,5440,1,0.95,-0.17,1
Kepler_85,Kepler-85,765.025,290.973,45.2903,,5505.2,0.875,0.928,-0.2123,4
CoRoT_28,CoRoT-28,766.183,278.688,5.57369,G8/9 IV,5150,1.78,1.01,0.38849,1
Kepler_1108,Kepler-1108,767.701,296.042,45.9851,,5406,0.84,0.88,-0.25795,1
BD_15_2375,BD+15 2375,768.045,176.482,14.6163,G5,4649,8.95,1.08,1.57,1
CoRoT_3,CoRoT-3,768.771,292.055,0.121836,F3 V,6740,1.56,1.37,0.39086,1
Kepler_336,Kepler-336,768.86,290.238,41.3314,,5867,1.304,1.09,0.26,3
Kepler_1448,Kepler-1448,768.903,287.867,50.5956,,5774,0.93,0.95,-0.06927,1
Kepler_1552,Kepler-1552,769.096,291.677,38.8749,,5202,0.78,0.85,-0.20141,1
Kepler_1321,Kepler-1321,769.146,294.529,46.6409,,4094,0.53,0.54,-0.8624,3
Kepler_594,Kepler-594,769.2,288.922,49.762,,5485,0.87,0.91,-0.19321,1
Kepler_368,Kepler-368,770.978,291.88,45.3878,,5502,2.019,1.165,0.56235,2
Kepler_1590,Kepler-1590,771.152,291.408,48.0179,,6053,1.16,1.11,0.06336,1
Kepler_573,Kepler-573,771.471,289.521,51.2374,,5746,1.02,0.99,0.0286,1
Kepler_963,Kepler-963,771.494,296.753,45.0411,G,5461,0.87,0.91,-0.22463,2
HATS_45,HATS-45,772.11,101.994,-21.9107,,6450,1.315,1.272,0.42488,1
Kepler_1722,Kepler-1722,772.283,296.663,41.2612,,5506,0.788,0.876,-0.16963,1
Kepler_1852,Kepler-1852,772.481,288.03,40.3442,,5237,0.826,0.927,-0.43168,1
OGLE_2018_BLG_0532L,OGLE-2018-BLG-0532L,773,269.983,-28.9977,,5772,1,0.195,0,1
Lupus_TR_3,Lupus-TR-3,773.409,232.577,-42.9799,,5000,0.82,0.87,-1.46393,1
Kepler_157,Kepler-157,773.713,291.097,38.8756,,5774,1.044,0.95,0.09117,3
HATS_31,HATS-31,773.974,191.703,-24.4274,,6050,1.87,1.275,0.61909,1
Kepler_701,Kepler-701,774.152,288.994,41.6333,,5343,0.84,0.88,-0.27626,1
Kepler_208,Kepler-208,775.328,293.89,42.5279,,6092,1.314,1.082,0.30912,4
Kepler_1434,Kepler-1434,775.529,295.538,51.203,,6291,2.04,1.47,0.86244,1
Kepler_306,Kepler-306,775.679,288.539,40.6161,,4954,0.719,0.75,-0.4693,4
Kepler_2001,Kepler-2001,776.55,291.659,50.5839,,5081,0.77,0.864,-0.54627,2
Kepler_559,Kepler-559,776.708,296.637,43.8028,,5630,0.95,0.96,-0.12141,1
Kepler_1300,Kepler-1300,777.025,289.033,40.0869,,6130,1.79,1.29,0.63621,1
Kepler_46,Kepler-46,777.06,289.269,42.6042,K,5309,0.79,0.883,-0.255,3
Kepler_1787,Kepler-1787,778.602,289.064,47.1174,,6060,0.925,1.008,-0.0984,1
Kepler_311,Kepler-311,778.654,282.061,47.0855,,5905,1.188,0.994,0.19328,3
Kepler_826,Kepler-826,779.596,284.86,39.2405,,6079,1.15,1.05,0.34865,1
Kepler_257,Kepler-257,780.256,297.316,46.0233,,5180,1.037,0.916,-0.37756,3
Kepler_280,Kepler-280,780.361,291.391,42.1805,,5744,0.886,0.962,-0.06437,2
Kepler_1454,Kepler-1454,780.566,284.223,48.8317,,5448,0.86,0.9,-0.25509,1
Kepler_802,Kepler-802,780.585,286.016,45.0077,,5507,0.9,0.93,-0.22563,1
Kepler_642,Kepler-642,781.582,293.835,42.6249,,6570,1.66,1.4,0.39758,1
Kepler_342,Kepler-342,781.611,292.678,46.7267,,6175,1.472,1.213,0.45345,4
Kepler_224,Kepler-224,782.088,290.934,47.3575,,5018,0.676,0.777,-0.51445,4
Kepler_1189,Kepler-1189,782.852,298.426,47.9468,,6012,1.16,1.11,0.04086,1
Kepler_1421,Kepler-1421,783.401,286.581,48.5442,,6335,1.42,1.25,0.59941,1
Kepler_1739,Kepler-1739,783.666,296.232,47.6789,,5757,0.762,0.865,-0.14011,1
Kepler_51,Kepler-51,783.831,296.48,49.9376,,5674,0.87,0.96,-0.1417,4
Kepler_528,Kepler-528,784.23,295.685,47.7481,,5807,1.06,1.01,0.15784,1
Kepler_768,Kepler-768,784.56,294.116,38.3934,,5108,0.78,0.82,-0.46575,1
Kepler_668,Kepler-668,784.618,285.499,49.2773,,5352,0.82,0.87,-0.39647,1
Kepler_1843,Kepler-1843,784.625,292.885,41.2792,,5422,1.782,1.02,0.394,1
Kepler_591,Kepler-591,785.137,286.024,48.4317,,5677,0.94,0.97,-0.078,1
Kepler_637,Kepler-637,786.091,292.417,41.4168,,6096,2.56,1.64,0.38249,1
K2_278,K2-278,786.439,203.302,-14.5041,,6747,1.61,1.4,0.39867,1
NGTS_15,NGTS-15,786.485,73.3553,-32.8003,G6 V,5600,0.954,0.995,-0.08571,1
Kepler_219,Kepler-219,787.07,288.739,46.7626,,5786,1.491,1.164,0.2139,3
Kepler_587,Kepler-587,787.894,288.671,47.3991,,5549,0.89,0.92,-0.23792,1
CoRoT_1,CoRoT-1,787.909,102.08,-3.10214,G0 V,5950,1.11,0.95,0.29793,1
TOI_2184,TOI-2184,788.317,100.833,-66.9477,,5966,2.9,1.53,0.98154,1
Kepler_1780,Kepler-1780,790.516,294.084,42.8095,,5403,0.868,0.868,-0.2166,1
CoRoT_19,CoRoT-19,790.663,97.0336,-0.170729,F9 V,6090,1.65,1.21,0.544,1
Kepler_148,Kepler-148,791.163,289.786,46.8588,,5272,0.851,0.86,-0.38342,3
Kepler_1695,Kepler-1695,791.175,293.619,46.4134,,5473.19,0.987155,0.96,-0.10357,1
Kepler_878,Kepler-878,791.625,285.296,46.6034,,5044,0.77,0.81,-0.17433,1
Kepler_760,Kepler-760,792.336,287.593,44.1794,,5322,0.85,0.89,-0.27997,2
Kepler_1095,Kepler-1095,792.522,293.262,41.365,,5658,0.92,0.94,-0.09285,1
HATS_8,HATS-8,794.637,294.942,-25.7484,,5679,1.086,1.056,-0.0252,1
Kepler_1622,Kepler-1622,796.477,297.329,47.8155,,6436,1.5,1.31,0.37304,1
Kepler_312,Kepler-312,797.72,298.396,42.4598,,6115,1.467,1.314,0.59751,2
Kepler_14,Kepler-14,798,287.709,47.3331,,6395,2.048,1.512,0.799,1
Kepler_1532,Kepler-1532,798.246,296.903,41.1981,,5559,0.88,0.91,-0.14116,1
Kepler_1940,Kepler-1940,798.595,291.204,45.2383,,5431,0.717,0.802,-0.37735,1
Kepler_529,Kepler-529,799.008,285.888,47.8804,,6087,1.14,1.07,0.207,3
Kepler_1821,Kepler-1821,799.699,294.525,49.8725,,5475,0.884,0.946,-0.12374,1
HATS_42,HATS-42,800.377,108.452,-33.4373,,6060,1.48,1.273,0.42488,1
Kepler_1316,Kepler-1316,800.871,298.836,40.2931,,5884,1.12,1.04,0.25347,1
Kepler_387,Kepler-387,801.052,287.798,45.6568,,5774,1.046,0.85,0.13738,2
Kepler_982,Kepler-982,801.479,288.418,46.5905,,6139,1.29,1.16,0.51095,1
Kepler_1264,Kepler-1264,801.993,289.884,45.2115,,5791,0.98,0.99,-0.05475,1
Kepler_1193,Kepler-1193,802.116,288.145,51.2756,,5908,1.21,1.08,0.35069,1
Kepler_990,Kepler-990,802.163,297.938,46.8813,,5948,1.08,1.05,-0.05003,2
Kepler_443,Kepler-443,802.271,288.61,49.9685,,4723,0.706,0.738,-0.664,1
Kepler_879,Kepler-879,802.672,295.807,50.9098,G,5792,1.02,1.02,0.0334,2
Kepler_1549,Kepler-1549,803.052,286.052,39.096,,5324,0.84,0.88,-0.27333,1
Kepler_1025,Kepler-1025,803.776,284.51,43.9616,,6089,1.13,1.09,0.28708,1
Kepler_1259,Kepler-1259,805.562,297.841,46.9676,,5053,0.77,0.8,-0.33296,1
Kepler_1245,Kepler-1245,805.936,290.744,43.2608,,5306,0.83,0.86,-0.41093,2
CoRoT_29,CoRoT-29,806.507,278.902,6.47957,K0 V,5260,0.9,0.97,-0.09414,1
Kepler_1757,Kepler-1757,807.308,297.74,46.9419,,5288,0.74,0.828,-0.36941,1
Kepler_500,Kepler-500,807.48,295.951,43.852,,5813,1.03,1.02,0.11615,1
Kepler_959,Kepler-959,807.729,292.171,40.8114,,7005,2.01,1.6,0.73752,1
Kepler_1213,Kepler-1213,807.812,289.486,50.9442,,6050,1.21,1.14,0.39455,1
Kepler_825,Kepler-825,807.85,294.77,39.3984,,5976,1.08,1.03,0.11956,2
Kepler_340,Kepler-340,808.762,295.933,40.3006,,6620,1.85,1.65,0.86749,2
Kepler_143,Kepler-143,809.467,298.068,49.4125,,5848,1.359,0.982,0.29363,2
Kepler_1073,Kepler-1073,809.897,294.153,38.2331,,5509,1.116,0.924,-0.01023,3
MOA_2010_BLG_328L,MOA-2010-BLG-328L,810,269.496,-30.7152,,5772,1,0.11,0,1
Kepler_1021,Kepler-1021,810.082,295.205,42.5597,,5431,0.86,0.89,-0.28836,1
Kepler_1723,Kepler-1723,811.278,294.463,46.8214,,6072,1.01,0.96,0.03393,1
Kepler_404,Kepler-404,812.524,286.399,45.3435,,5654,0.884,0.86,-0.33704,2
Kepler_371,Kepler-371,813.192,292.326,38.6575,,5666,0.992,0.876,0.24392,2
Kepler_476,Kepler-476,813.535,295.164,43.9631,,5837,1.09,1.03,0.0949,1
Kepler_1328,Kepler-1328,813.543,284.675,44.4177,,5780,0.99,1,0.2276,1
Kepler_380,Kepler-380,813.713,282.395,48.7591,,6045,1.224,0.99,0.2776,2
Kepler_481,Kepler-481,813.724,291.907,49.2621,,5802,1.09,1.01,0.20725,1
Kepler_1288,Kepler-1288,814.078,285.714,41.6059,,6132,1.29,1.2,0.30207,1
Kepler_1522,Kepler-1522,814.125,289.843,52.0702,,5706,0.93,0.96,0.09172,1
Kepler_662,Kepler-662,815.637,290.465,47.9291,,4897,0.74,0.79,-0.35557,1
Kepler_389,Kepler-389,816.559,291.96,44.9001,,5376,0.792,0.765,-0.51588,2
Kepler_1774,Kepler-1774,816.592,288.574,40.9886,,6214,1.122,1.101,0.19049,1
HATS_27,HATS-27,816.988,193.552,-46.5877,F,6438,1.74,1.415,0.66932,1
Kepler_1528,Kepler-1528,817.534,287.403,46.574,,5857,1.03,1.03,-0.06429,1
Kepler_796,Kepler-796,817.584,287.308,39.1447,,5475,1.09,0.93,0.57234,1
Kepler_1047,Kepler-1047,817.647,288.646,50.789,,5754,1.13,1.08,0.42359,2
Kepler_545,Kepler-545,818.001,290.566,40.6921,,5882,1.07,1.04,0.10684,1
Kepler_1885,Kepler-1885,818.482,288.751,47.4909,,5591,0.86,0.977,-0.17642,1
Kepler_1699,Kepler-1699,818.759,292.137,48.9172,,5575.53,0.725,0.81,-0.339,1
Kepler_1767,Kepler-1767,820.506,293.644,46.9897,,5243,0.831,0.887,-0.50273,1
NSVS_14256825,NSVS 14256825,820.877,305.002,4.63237,,40000,0.188,0.419,1.97364,1
Kepler_1167,Kepler-1167,820.905,298.303,47.694,,4971,0.75,0.79,-0.53589,1
Kepler_876,Kepler-876,820.913,283.478,43.3837,,5060,0.77,0.81,-0.33828,1
Kepler_1873,Kepler-1873,820.957,294.597,46.0484,,5151,0.792,0.903,-0.40951,1
NGC_2682_Sand_978,NGC 2682 Sand 978,821.918,132.823,11.7563,K4 III,4200,21.0174,1.37,2.1567,1
Kepler_849,Kepler-849,822.134,290.852,48.5213,,5950,1.822,1.259,0.57287,1
Kepler_76,Kepler-76,822.96,294.192,39.619,F,6409,1.32,1.2,0.45116,1
Kepler_325,Kepler-325,823.242,289.835,49.8256,,5752,1.003,0.914,-0.25468,3
Kepler_936,Kepler-936,823.399,293.578,46.7363,,5482,0.89,0.92,-0.19,1
Kepler_377,Kepler-377,823.804,295.422,38.7357,,5949,1.224,1.043,0.21756,2
Kepler_285,Kepler-285,824.31,291.391,48.0655,,5411,0.808,0.915,-0.27923,2
Kepler_957,Kepler-957,824.688,290.156,48.819,,4963,0.75,0.81,-0.46836,1
Kepler_1208,Kepler-1208,825.176,291.881,44.5558,,5001,0.76,0.8,-0.55349,1
Kepler_1796,Kepler-1796,825.883,301.543,44.6056,,6036,0.949,1.018,0.11795,1
Kepler_229,Kepler-229,826.265,286.999,48.3758,,5120,0.728,0.808,-0.53795,3
Kepler_320,Kepler-320,826.613,293.214,46.1751,,6435,1.108,1.072,0.37419,2
Kepler_172,Kepler-172,828.592,283.368,41.8218,,5526,1.085,1.081,-0.03187,4
Kepler_1051,Kepler-1051,829.343,295.158,40.8988,,6675,1.73,1.43,0.52413,1
Kepler_1861,Kepler-1861,829.985,295.847,49.9362,,5855,1.373,1.161,0.30017,1
Kepler_521,Kepler-521,830.638,298.816,43.998,,6406,1.46,1.34,0.67119,1
Kepler_761,Kepler-761,830.707,290.504,44.1436,,5706,0.93,0.95,-0.11728,1
Kepler_916,Kepler-916,830.712,290.983,45.9733,,5248,0.81,0.85,-0.27846,1
NGC_2682_YBP_401,NGC 2682 YBP 401,830.822,132.829,11.671,F9 V,6165,1.21582,1.14,0.28942,1
Kepler_1606,Kepler-1606,831.287,286.378,43.0732,,5422,0.86,0.9,-0.171,1
Kepler_927,Kepler-927,831.685,289.383,41.3927,,5743,0.99,0.99,-0.08583,1
Kepler_727,Kepler-727,831.842,294.847,45.0344,,5441,0.86,0.89,-0.3172,1
Kepler_1271,Kepler-1271,831.991,286.344,37.4119,,6143,1.23,1.13,0.21871,1
Kepler_1608,Kepler-1608,832,295.564,39.4176,,4992,0.72,0.75,-0.537,1
Kepler_29,Kepler-29,832.532,298.348,47.4913,,5378,0.732,0.761,-0.29687,2
Kepler_1858,Kepler-1858,833.055,292.307,46.6266,,4939,0.819,0.785,-0.45269,1
Kepler_173,Kepler-173,833.165,294.647,41.8841,,6031,0.949,1.067,0.07365,2
Kepler_75,Kepler-75,835.356,291.138,36.5773,K0 V,5200,0.89,0.91,-0.21487,1
Kepler_1704,Kepler-1704,835.455,291.201,51.1442,,5746,1.697,1.132,0.45179,1
Kepler_23,Kepler-23,835.756,294.219,49.4793,,5828,1.548,1.078,0.39783,3
Kepler_287,Kepler-287,835.86,290.927,48.4435,K7 V,5806,1.032,0.963,-0.13438,2
Kepler_1386,Kepler-1386,835.882,280.823,42.6361,,5733,1.03,1.02,0.00882,1
NGTS_32,NGTS-32,837.457,223.858,-18.4323,,5680,1.85,1.07,0.47092,1
Kepler_1623,Kepler-1623,837.481,294.083,39.5561,,5772,1,1,-0.17154,1
Kepler_253,Kepler-253,838.595,291.842,44.8581,,5208,0.786,0.86,-0.38741,3
Kepler_1561,Kepler-1561,839.076,296.924,43.5665,,5957,1.11,1.07,-0.02044,1
Kepler_851,Kepler-851,839.255,294.68,49.1401,,5455,0.85,0.89,-0.273,1
Kepler_1801,Kepler-1801,839.332,295.164,39.2014,,5738,0.981,0.936,-0.22269,2
Kepler_630,Kepler-630,839.784,293.427,39.9424,,5829,1.04,1.02,0.30233,1
Kepler_859,Kepler-859,839.903,286.742,43.1901,,5020,0.77,0.81,-0.55638,1
Kepler_813,Kepler-813,840,285.663,48.4353,,5743,0.93,0.95,-0.0712,1
Kepler_1365,Kepler-1365,840.128,292.2,42.046,,5770,1.05,1,0.42479,2
Kepler_1872,Kepler-1872,840.182,281.049,43.3226,,5223,0.885,0.913,-0.50562,1
Kepler_403,Kepler-403,840.269,289.921,46.7445,,6090,1.329,1.299,0.64405,3
Kepler_1218,Kepler-1218,840.503,291.579,44.5317,,5986,1.1,1.06,0.36296,1
Kepler_474,Kepler-474,841.496,292.322,43.8812,,5785,1.08,0.99,0.41682,1
Kepler_1111,Kepler-1111,841.536,295.463,45.8128,,6077,1.15,1.1,-0.0903,1
Kepler_1127,Kepler-1127,842.459,293.217,42.7206,,5664,0.95,0.97,-0.25911,1
Kepler_1942,Kepler-1942,842.492,294.981,44.4252,,5834,0.797,0.852,-0.07518,1
Kepler_695,Kepler-695,842.947,299.316,40.8224,,5181,0.8,0.84,-0.15936,1
Kepler_552,Kepler-552,843.689,290.748,48.242,,5863,1.04,1.03,0.06292,1
Kepler_426,Kepler-426,843.695,289.435,49.4735,G1 V,5725,0.92,0.91,-0.089,1
Kepler_1346,Kepler-1346,843.701,291.841,45.1792,,6133,1.21,1.14,-0.00806,1
CoRoT_20,CoRoT-20,844.061,97.7204,0.226893,G2 V,5880,1.02,1.14,0.17,2
Kepler_1309,Kepler-1309,845,298.735,40.7641,,5235,0.8,0.85,-0.60322,1
Kepler_1595,Kepler-1595,845.022,285.723,43.0095,,5203,0.8,0.84,-0.36327,1
Kepler_1356,Kepler-1356,845.228,290.995,43.2439,,5106,0.78,0.82,-0.4863,1
Kepler_610,Kepler-610,845.824,293.171,45.0656,,5943,1.13,1.1,-0.11034,2
Kepler_400,Kepler-400,845.97,290.944,40.4801,,5886,1.145,1.08,0.152,2
HD_233604,HD 233604,847.058,137.454,53.5682,K5,4791,10.9,1.5,1.75,1
Kepler_1517,Kepler-1517,847.299,287.807,43.1888,,7010,1.95,1.58,0.87873,1
Kepler_1678,Kepler-1678,847.339,292.592,38.3996,,5754,0.834976,1.03,-0.16208,1
Kepler_480,Kepler-480,847.508,294.464,49.765,,6322,1.34,1.25,0.47779,1
Kepler_413,Kepler-413,847.536,288.511,51.1624,,4700,0.7761,0.82,-0.42994,1
Kepler_432,Kepler-432,848.023,293.282,48.2859,,4995,4.06,1.32,0.92561,2
KOI_351,KOI-351,848.254,284.433,49.3051,,6080,1.2,1.2,0.26853,8
Kepler_930,Kepler-930,848.396,298.314,42.2474,,6335,1.4,1.25,0.37758,1
Kepler_1856,Kepler-1856,848.76,295.909,51.3479,,4948,0.816,0.782,-0.33065,1
Kepler_915,Kepler-915,849.036,290.592,45.7372,,6173,1.38,1.21,0.50553,1
Kepler_1266,Kepler-1266,849.312,285.869,42.728,,5044,0.76,0.8,-0.52996,2
MOA_2013_BLG_605L,MOA-2013-BLG-605L,850,272.019,-29.7316,,5772,1,0.024,0,1
Kepler_639,Kepler-639,850.242,292.187,41.7269,,5896,1.29,1.14,0.48255,1
Kepler_861,Kepler-861,850.327,292.354,46.2262,,5047,0.78,0.82,-0.42701,1
Kepler_1892,Kepler-1892,851.595,299.081,42.0181,,5383,0.759,0.851,-0.30112,1
Kepler_268,Kepler-268,851.87,291.976,38.055,,6081,1.274,1.109,0.31808,2
Kepler_756,Kepler-756,852,290.608,41.2011,,5282,0.79,0.82,-0.358,1
Kepler_1952,Kepler-1952,852.062,288.076,43.9585,,5973,1.305,0.922,0.291,1
Kepler_1398,Kepler-1398,852.204,294.866,48.639,,6126,1.18,1.13,0.31211,2
NGC_2682_Sand_1429,NGC 2682 Sand 1429,852.793,133.015,11.69,F9.5 V,6000,2.13,1.26,0.73989,1
Kepler_1467,Kepler-1467,852.888,295.049,45.3427,,5332,0.82,0.86,-0.35052,1
Kepler_724,Kepler-724,853.119,293.455,44.7928,,5437,0.86,0.9,-0.22344,1
Kepler_1857,Kepler-1857,853.275,296.456,39.5985,,6074,1.005,0.873,0.2052,1
Kepler_1344,Kepler-1344,853.959,287.086,46.9458,,5981,1.13,1.09,0.14599,1
Kepler_575,Kepler-575,853.977,286.964,37.8296,,5710,0.95,0.97,-0.08379,1
Kepler_1301,Kepler-1301,854.28,286.604,42.4403,,5188,0.81,0.85,-0.34618,1
Kepler_1871,Kepler-1871,854.623,292.428,38.4729,,5741,0.946,1.02,0.00294,1
Kepler_162,Kepler-162,855.641,297.279,43.724,,5816,0.958,1.053,0.1554,2
Kepler_1991,Kepler-1991,855.82,285.036,45.071,,5478,1.053,0.914,-0.1085,2
Kepler_233,Kepler-233,856.417,296.367,51.3195,,5360,0.758,0.855,-0.32754,2
HATS_36,HATS-36,856.436,291.479,-23.2028,G0 V,5950,1.1,1.1,0.21484,1
Kepler_1702,Kepler-1702,857.14,284.972,44.5675,,5093,0.725742,0.85,-0.49585,1
Kepler_1090,Kepler-1090,858.77,295.663,44.5258,,5321,0.82,0.86,-0.14595,2
IC_4651_9122,IC 4651 9122,859.324,261.209,-49.9489,,4740.1,10.2674,2.1,1.6359,1
OGLE_2017_BLG_1434L,OGLE-2017-BLG-1434L,860,268.28,-30.2457,,5772,1,0.234,0,1
Kepler_483,Kepler-483,860.355,291.647,41.8847,,6346,1.47,1.28,0.43879,1
Kepler_1641,Kepler-1641,860.37,296.359,41.5745,,6152,1.19,1.12,0.13083,2
Kepler_822,Kepler-822,860.391,292.276,39.5501,,5928,1.08,1.06,-0.00495,1
Kepler_613,Kepler-613,861.494,282.787,46.245,,5723,0.96,0.98,-0.05698,1
Kepler_245,Kepler-245,861.527,291.639,42.4363,,5100,0.795,0.856,-0.39579,4
HATS_26,HATS-26,861.843,144.927,-28.5856,F,6071,2.04,1.299,0.70415,1
Kepler_1240,Kepler-1240,862.186,283,40.5574,,5682,0.96,0.98,0.22254,1
Kepler_1490,Kepler-1490,862.92,295.694,42.6095,,5515,0.87,0.9,-0.31879,1
Kepler_564,Kepler-564,863.037,296.838,46.6264,,5626,0.92,0.95,-0.06437,1
Kepler_171,Kepler-171,863.855,296.772,41.7556,,5642,0.839,0.978,-0.07917,3
Kepler_1425,Kepler-1425,863.873,294.951,43.0124,,5718,0.95,0.97,0.39762,1
Kepler_1786,Kepler-1786,863.909,292.588,38.522,,5808,1.397,1.058,0.15863,1
Kepler_1610,Kepler-1610,864.331,295.905,45.4054,,5383,0.87,0.91,-0.48291,2
Kepler_1176,Kepler-1176,864.699,297.92,45.2742,,5844,1.02,1.01,-0.11691,1
Kepler_1978,Kepler-1978,865.512,286.007,38.0095,,5251,0.778,0.869,-0.29793,1
Kepler_1863,Kepler-1863,865.546,282.24,43.2441,,5871,0.983,1.097,0.40952,1
Kepler_1523,Kepler-1523,865.596,296.054,45.827,,5708,0.96,0.97,-0.09894,1
KOI_1783,KOI-1783,865.73,289.341,46.9882,,5922,1.143,1.076,0.21302,2
Kepler_1311,Kepler-1311,866.331,289.651,43.8244,,5748,1.4,1.05,0.47186,3
Kepler_1962,Kepler-1962,866.826,289.548,40.1641,,5700,1.006,1.003,-0.12198,1
Kepler_583,Kepler-583,867.271,282.111,42.3546,,5523,0.91,0.94,-0.10059,1
Kepler_1132,Kepler-1132,867.931,286.368,48.4239,,5298,0.83,0.87,-0.37811,1
Kepler_948,Kepler-948,868.017,293.3,41.5233,,5679,0.94,0.96,-0.10938,1
Kepler_1376,Kepler-1376,868.056,286.958,42.5414,,5659,0.97,0.98,-0.07062,1
Kepler_305,Kepler-305,868.477,299.224,40.3432,,5080,0.8,0.76,-0.42318,4
Kepler_391,Kepler-391,869.236,290.622,51.0573,K2 III-IV,5038,2.879,1.27,0.66276,2
Kepler_1936,Kepler-1936,871.096,290.73,44.8361,,6501,1.854,1.419,0.45627,1
BD_48_738,BD+48 738,871.493,40.7103,49.5869,K0 III,4414,11,0.74,1.69,1
Kepler_1772,Kepler-1772,871.564,289.438,39.2704,,5541,0.934,0.942,0.47201,1
Kepler_1828,Kepler-1828,871.81,292.428,37.3208,,5806,0.899,0.996,-0.11128,1
Kepler_1548,Kepler-1548,872.279,287.471,46.0806,,5706,0.97,0.99,-0.30667,1
Kepler_1138,Kepler-1138,872.328,285.899,48.3073,,5582,0.92,0.95,-0.33299,1
Kepler_487,Kepler-487,872.343,295.287,41.222,,5444,0.88,0.91,-0.17269,3
Kepler_712,Kepler-712,872.493,294.91,42.9352,,5148,0.78,0.84,-0.48393,2
NGC_2682_YBP_1194,NGC 2682 YBP 1194,872.92,132.753,11.8147,G5 V,5780,0.99,1.01,-0.01121,1
Kepler_207,Kepler-207,875.519,290.031,42.1661,,5920,1.588,1.313,0.5343,3
Kepler_1430,Kepler-1430,875.523,289.698,43.372,,4796,0.72,0.77,-0.81553,1
Kepler_360,Kepler-360,876.044,286.285,44.7816,,6053,1.058,0.994,-0.13236,2
Kepler_1913,Kepler-1913,876.3,290.217,44.7796,,6214,1.076,1.169,-0.05481,1
K2_253,K2-253,876.565,186.085,-6.37895,,6027,1.1,1.08,-0.07738,1
Kepler_981,Kepler-981,878.082,289.249,47.6501,,5718,0.96,0.98,-0.08124,1
K2_97,K2-97,878.43,127.763,10.8476,,4673,4.14,1.17,0.86688,1
HATS_39,HATS-39,878.521,112.419,-29.9379,,6572,1.621,1.379,0.64048,1
Kepler_872,Kepler-872,879.683,295.417,43.6056,,5902,1.08,1.05,-0.14573,1
Kepler_1219,Kepler-1219,880.895,297.216,47.3785,,5944,1.94,1.25,0.92552,1
Kepler_12,Kepler-12,881.386,286.243,50.0404,,5947,1.483,1.166,0.44933,1
Kepler_393,Kepler-393,881.404,290.995,45.1922,,6189,1.382,1.256,0.52394,2
Kepler_1284,Kepler-1284,882.324,291.279,47.6876,,5123,0.79,0.84,-0.39518,1
Kepler_386,Kepler-386,882.462,289.859,48.6938,,5178,0.767,0.825,-0.40199,2
CoRoT_5,CoRoT-5,882.472,101.277,0.815216,F9 V,6100,1.186,1,0.18,1
Kepler_1784,Kepler-1784,883.045,297.954,44.6674,,5442,0.974,0.887,-0.12103,1
Kepler_650,Kepler-650,884.378,289.001,45.1543,,5849,1.35,1.08,0.284,1
Kepler_1920,Kepler-1920,885.913,291.062,38.8633,,6277,1.161,1.239,0.10034,1
Kepler_887,Kepler-887,886.588,290.091,39.8169,,6194,1.29,1.19,0.44617,2
KOI_3503,KOI-3503,887.064,293.151,41.7292,,6001,1.255,0.858,0.30005,2
Kepler_634,Kepler-634,888.027,291.195,40.7027,,6075,1.24,1.03,0.42075,1
Kepler_1118,Kepler-1118,888.325,299.966,44.1609,,5688,0.97,0.96,-0.06047,1
Kepler_1278,Kepler-1278,889.426,282.957,42.8256,,6074,1.16,1.11,0.36593,1
Kepler_272,Kepler-272,889.608,299.128,47.5938,,5297,0.929,0.91,0.06634,3
Kepler_1457,Kepler-1457,889.885,283.771,42.0272,,5866,1.01,1.01,0.21547,1
Kepler_1447,Kepler-1447,890.296,289.643,50.727,,5722,0.95,0.97,-0.04217,1
Kepler_656,Kepler-656,890.352,288.328,47.3815,,5550,0.954,1.05,-0.29864,2
Kepler_1342,Kepler-1342,890.724,297.02,43.4325,,5527,0.9,0.93,-0.26092,1
Kepler_164,Kepler-164,890.758,287.781,47.6298,,5888,1.148,1.036,0.11291,4
Kepler_150,Kepler-150,891.092,288.234,40.5209,,5560,0.939,0.956,-0.16141,5
Kepler_1256,Kepler-1256,891.192,291.474,44.6834,,6129,1.36,1.17,0.42833,1
Kepler_364,Kepler-364,891.462,281.57,47.3986,,6108,1.284,1.076,0.35128,2
Kepler_1727,Kepler-1727,894.187,290.334,38.7283,,5349,0.82,0.824,-0.25065,1
Kepler_1620,Kepler-1620,895.069,297.271,46.9285,,6157,1.23,1.15,0.293,1
Kepler_384,Kepler-384,895.678,286.026,44.7829,,5577,0.882,0.882,0.39588,2
Kepler_1291,Kepler-1291,897.352,289.377,40.0011,,5216,0.8,0.84,-0.46748,1
Kepler_1822,Kepler-1822,897.597,297.286,41.3056,,5165,0.702,0.782,-0.28559,1
Kepler_1535,Kepler-1535,897.733,286.614,38.892,,6021,1.11,1.08,0.16473,1
Kepler_1303,Kepler-1303,897.783,284.287,42.3556,,5771,1,1.01,-0.00195,1
NGTS_16,NGTS-16,898.168,58.2639,-30.8046,G7 V,5550,1.213,1.002,0.11732,1
Kepler_1617,Kepler-1617,898.31,287.937,46.4185,,6167,1.22,1.15,0.34078,1
Kepler_5,Kepler-5,899.777,299.407,44.035,,6297,1.793,1.374,0.65242,1
Kepler_619,Kepler-619,900.678,290.849,48.416,,5980,1.11,1.09,-0.04002,3
Kepler_837,Kepler-837,901.907,285.247,45.9501,,5403,0.81,0.85,-0.27122,1
Kepler_1251,Kepler-1251,902.204,292.115,49.2564,,5545,0.89,0.92,-0.15264,1
Kepler_1083,Kepler-1083,902.633,283.162,45.1983,,5049,0.77,0.81,-0.47303,1
Kepler_1043,Kepler-1043,903.332,281.663,47.5686,,5629,0.9,0.92,-0.07309,1
Kepler_1518,Kepler-1518,903.51,300.332,44.9861,,6432,1.345,1.06,0.69092,2
Kepler_82,Kepler-82,904.326,292.873,42.9662,G,5428,0.945,0.946,-0.18507,5
Kepler_1935,Kepler-1935,904.702,296.404,39.7227,,5570,0.899,0.845,0.16401,1
TOI_3278,TOI-3278,904.752,291.867,-62.0949,G2-G4 V,5720,1.39,1.04,0.24831,1
Kepler_1937,Kepler-1937,905.069,290.658,40.7785,,6457,1.196,1.19,0.20922,1
Kepler_1719,Kepler-1719,905.406,284.707,38.9368,,5687,1.775,1.08,0.52557,1
Kepler_1488,Kepler-1488,905.825,286.646,49.9378,,5820,1.31,1.05,0.58748,2
Kepler_473,Kepler-473,905.937,286.63,38.9456,,5816,1.34,1.06,0.5248,1
Kepler_1611,Kepler-1611,908.444,296.512,49.7278,,5605,0.93,0.94,-0.113,1
Kepler_1779,Kepler-1779,908.501,300.417,45.6055,,5730,1.056,1.008,-0.04999,1
Kepler_1564,Kepler-1564,908.805,290.586,46.6427,,5528,0.9,0.93,-0.13536,1
Kepler_1917,Kepler-1917,909.037,294.104,45.0014,,5530,0.788,0.882,-0.29551,1
Kepler_1679,Kepler-1679,909.28,293.901,50.4271,,5501,0.873196,0.96,-0.20132,1
OGLE_2013_BLG_0341L_B,OGLE-2013-BLG-0341L B,911,268.031,-29.8461,,5772,1,0.1127,0,1
Kepler_1355,Kepler-1355,911.269,283.741,49.068,,5352,0.83,0.88,-0.32922,1
Kepler_1986,Kepler-1986,912.085,292.958,42.8549,,5549,0.732,0.776,-0.41148,1
Kepler_56,Kepler-56,912.994,293.758,41.8718,,4840,4.23,1.32,0.90455,3
Kepler_1221,Kepler-1221,913.65,285.822,45.7118,,5194,0.82,0.87,-0.355,1
Kepler_987,Kepler-987,914.126,289.411,46.1308,,5637,0.91,0.97,-0.14468,1
Kepler_30,Kepler-30,914.221,285.284,38.9473,,5498,0.95,0.99,-0.23658,3
NGC_2682_YBP_1514,NGC 2682 YBP 1514,914.221,132.753,11.8865,G5 V,5725,0.89,0.96,-0.01797,1
Kepler_1091,Kepler-1091,914.299,299.785,43.6707,,5851,1.03,1.01,0.07961,1
KOI_217,KOI-217,914.699,294.865,46.2858,,5545,0.86,0.95,-0.16872,1
Kepler_154,Kepler-154,915.212,289.781,49.8966,,5690,1.001,0.933,0.03322,5
Kepler_1568,Kepler-1568,916.313,289.183,47.8733,,5956,1.19,1.09,0.25777,1
K2_161,K2-161,916.319,183.794,-3.49569,,4972,2.56817,0.986876,0.91922,1
Kepler_733,Kepler-733,916.706,293.018,45.9147,,5418,0.86,0.9,-0.29785,1
Kepler_1234,Kepler-1234,916.749,287.522,51.3759,,4967,0.76,0.8,-0.45387,1
Kepler_430,Kepler-430,917.477,292.809,49.5794,,5884,1.485,1.166,0.31207,2
Kepler_774,Kepler-774,917.804,291.032,38.2119,,6403,2.42,1.57,0.75268,1
Kepler_673,Kepler-673,918.21,290.786,50.0541,,5355,0.84,0.88,-0.34402,1
Kepler_1195,Kepler-1195,918.566,284.351,40.8529,,4965,0.71,0.74,-0.44607,1
Kepler_1570,Kepler-1570,918.995,299.862,45.8274,,5550,0.89,0.92,0.41425,1
Kepler_926,Kepler-926,921.361,289.679,40.7004,,5806,1.01,1.01,0.17281,1
Kepler_1137,Kepler-1137,921.778,287.13,48.6653,,6807,1.84,1.5,0.75429,1
Kepler_1543,Kepler-1543,921.784,297.124,47.037,,6561,1.65,1.39,0.48688,1
KOI_3680,KOI-3680,921.986,293.282,45.3097,,5830,0.96,1.01,0.06783,1
Kepler_679,Kepler-679,922.244,296.021,50.5678,,5403,0.84,0.87,-0.34758,1
Kepler_1865,Kepler-1865,922.255,293.941,41.5904,,5420,0.871,0.849,-0.32913,1
Kepler_1196,Kepler-1196,922.333,292.37,43.9109,,5756,0.97,0.98,-0.04702,1
Kepler_7,Kepler-7,922.562,288.581,41.0897,,5933,1.966,1.359,0.69639,1
Kepler_376,Kepler-376,923.067,291.607,38.4103,,5900,1.175,0.968,0.35663,2
Kepler_1842,Kepler-1842,923.551,286.252,42.3784,,5970,1.131,1.057,-0.02604,1
Kepler_1588,Kepler-1588,924.141,288.233,48.0022,,5817,0.99,0.96,0.3203,1
Kepler_251,Kepler-251,924.625,296.566,44.1058,,5526,0.89,0.891,-0.17197,4
Kepler_818,Kepler-818,925.037,296.235,39.3703,,5638,0.92,0.94,-0.124,1
BD_13_2130,BD-13 2130,925.214,114.288,-13.9067,G5 IV/V,4545,19.17,2.12,2.04268,1
CoRoT_36,CoRoT-36,925.958,277.751,7.18335,F3 V,6730,1.52,1.32,0.81257,1
Kepler_721,Kepler-721,926.598,284.431,44.4804,,5075,0.78,0.82,-0.3619,1
Kepler_343,Kepler-343,927.193,291.961,42.433,,5807,1.433,1.055,0.2162,2
Kepler_101,Kepler-101,927.981,283.256,48.3552,G3 IV,5667,1.56,1.17,0.42034,2
Kepler_1001,Kepler-1001,928.978,286.274,48.6187,,5376,0.836475,0.93,-0.27856,2
Kepler_1921,Kepler-1921,928.989,300.316,45.4953,,6120,2,1.251,0.80624,2
Kepler_361,Kepler-361,930.32,296.803,46.7411,,6169,1.343,1.191,0.45876,2
Kepler_770,Kepler-770,930.457,286.49,38.3749,,5598,0.92,0.94,0.05399,3
Kepler_794,Kepler-794,931.192,288.134,38.9969,,5839,1.38,1.19,0.50637,1
Kepler_1546,Kepler-1546,931.956,297.584,41.5412,,5623,0.93,0.95,-0.12963,1
Kepler_1333,Kepler-1333,932.446,293.528,41.1114,,5628,0.92,0.94,-0.18777,1
HD_240237,HD 240237,933.377,348.926,58.0432,K2 III,3926,71.23,8.76,2.49,1
Kepler_921,Kepler-921,934.49,284.616,49.1907,,5663,0.91,0.93,-0.0296,1
Kepler_1894,Kepler-1894,935.191,295.586,49.6669,,5772,0.901,0.999,-0.26976,2
Kepler_382,Kepler-382,935.446,299.136,45.87,,5600,0.945,1.002,0.14553,2
HAT_P_66,HAT-P-66,935.456,150.573,53.9508,G0,6002,1.881,1.255,0.6149,1
KOI_4978,KOI-4978,936.341,286.591,38.5583,G,5050.28,0.966,0.859,-0.1769,1
Kepler_160,Kepler-160,937.013,287.774,42.8693,,5471,1.118,1.003,0.00432,3
Kepler_778,Kepler-778,938.168,287.477,44.2375,,5102,0.77,0.81,-0.41318,1
Kepler_1181,Kepler-1181,938.417,289.747,39.5234,,6176,1.3,1.17,0.47243,2
Kepler_685,Kepler-685,938.715,293.872,38.4229,,5963,1.16,1.11,-0.05138,1
Kepler_498,Kepler-498,938.844,290.358,44.5187,,5744,0.96,0.98,0.17242,1
Kepler_1070,Kepler-1070,939.001,293.195,49.3165,,6261,1.32,1.21,0.28486,1
Kepler_869,Kepler-869,939.455,289.425,50.9941,,5664,0.95,0.97,-0.11047,1
Kepler_670,Kepler-670,939.744,297.015,49.2253,,5709,0.99,0.99,-0.1003,1
Kepler_1162,Kepler-1162,940.211,283.292,45.434,,5225,0.859,0.861,-0.32228,2
Kepler_317,Kepler-317,940.584,294.944,39.032,,5497,0.941,0.865,-0.2078,2
Kepler_349,Kepler-349,940.724,293.676,44.6156,,5956,0.927,1.083,-0.0073,2
Kepler_1003,Kepler-1003,941.902,292.02,44.8762,,6109,1.17,1.11,0.28151,1
NGTS_27,NGTS-27,942.122,206.027,-32.523,,5700,1.77,1.07,0.51375,1
Kepler_264,Kepler-264,942.173,292.045,37.3762,,6158,1.55,1.426,0.68915,2
Kepler_1045,Kepler-1045,942.485,284.183,45.0741,,5301,0.82,0.86,-0.33356,1
Kepler_1052,Kepler-1052,943.444,295.343,46.6022,,5818,0.848,0.937,-0.04685,2
Kepler_1201,Kepler-1201,944.241,294.615,40.8331,,6177,1.24,1.15,0.04424,1
Kepler_1134,Kepler-1134,944.445,295.568,42.4781,,5281,0.81,0.84,-0.39721,1
Kepler_1585,Kepler-1585,944.465,296.159,44.563,,5538,0.91,0.94,-0.43354,1
Kepler_1556,Kepler-1556,944.54,288.397,40.2132,,5608,0.95,0.97,-0.23063,1
Kepler_839,Kepler-839,944.561,291.075,45.2425,,6058,1.31,1.22,0.43706,1
HATS_11,HATS-11,944.603,289.401,-22.39,G0,6563,1.54,1.33,0.40312,1
Kepler_1569,Kepler-1569,945.454,292.205,37.2212,,6319,1.4,1.25,0.33545,1
Kepler_616,Kepler-616,945.775,294.989,46.8383,,5753,0.97,0.98,-0.11149,3
Kepler_1060,Kepler-1060,946.565,286.025,39.6309,,5797,0.99,0.99,0.07184,1
Kepler_1572,Kepler-1572,946.602,281.897,46.7227,,5618,0.95,0.97,0.37265,1
Kepler_608,Kepler-608,946.683,293.883,44.6381,,5820,1.01,1,0.04113,1
Kepler_1554,Kepler-1554,946.847,286.576,41.7416,,5297,0.81,0.84,-0.39312,1
Kepler_270,Kepler-270,948.781,282.2,44.4223,,6067,1.461,1.17,0.31211,2
Kepler_1416,Kepler-1416,949.59,298.663,43.8941,,6019,1.15,1.09,0.28393,1
Kepler_116,Kepler-116,955.168,294.742,43.5368,,6142,1.454,1.198,0.42073,2
Kepler_1191,Kepler-1191,955.536,291.658,48.0093,,5308,0.81,0.85,-0.22611,1
Kepler_350,Kepler-350,956.859,285.42,39.7061,,6492.3,1.25,1,0.42842,3
HATS_67,HATS-67,960.109,180.209,-46.1364,,6594,1.441,1.435,0.54654,1
Kepler_809,Kepler-809,961.405,289.084,48.0181,,5734,0.98,0.99,0.00145,1
Kepler_980,Kepler-980,961.468,294.613,45.0602,,5935,1.06,1.05,0.2618,1
Kepler_1220,Kepler-1220,961.907,297.07,42.9777,,5842,0.99,1,0.02481,1
Kepler_1404,Kepler-1404,962.183,296.009,50.4984,,5261,0.8,0.84,-0.37049,1
Kepler_763,Kepler-763,962.459,292.145,47.1574,,5166,0.8,0.84,-0.3339,3
Kepler_1781,Kepler-1781,962.63,291.711,42.3415,,5568,0.957,1.053,-0.36088,1
Kepler_1752,Kepler-1752,962.888,290.854,51.2227,,5446,0.821,0.824,-0.39819,1
Kepler_544,Kepler-544,963.18,294.029,39.0518,,6206,1.22,1.16,0.52864,1
Kepler_401,Kepler-401,965.56,290.083,50.8634,,6117,1.333,1.173,0.56611,3
Kepler_1533,Kepler-1533,966.801,295.976,44.7134,,6431,1.51,1.31,0.66241,1
KMT_2018_BLG_1990L,KMT-2018-BLG-1990L,967,268.435,-22.1525,M,5772,1,0.094,0,1
Kepler_188,Kepler-188,968.544,281.28,44.3155,,6021,1.141,1.021,0.03447,2
Kepler_1241,Kepler-1241,968.722,294.576,38.457,,5261,0.8,0.84,-0.32438,1
Kepler_397,Kepler-397,969,295.894,42.3805,,5307,0.767,0.844,-0.376,2
Kepler_58,Kepler-58,969.252,296.359,39.1152,,6099,1.127,1.024,-0.00422,4
Kepler_641,Kepler-641,969.918,291.824,42.5162,,5713,1.13,1.02,0.39002,1
Kepler_1379,Kepler-1379,971.325,293.67,41.4102,,5188,0.79,0.83,-0.40329,1
Kepler_798,Kepler-798,972.274,292.478,42.1423,,6224,1.29,1.19,0.22222,1
Kepler_555,Kepler-555,973.121,285.517,38.9325,,5894,1.04,1.03,0.26392,1
Kepler_1325,Kepler-1325,973.368,285.017,42.0853,,5550,0.91,0.93,-0.13603,1
Kepler_593,Kepler-593,973.76,294.951,48.6512,,5967,1.1,1.08,0.07929,1
Kepler_417,Kepler-417,973.989,293.824,42.7796,,5177,0.806,0.9,-0.41061,2
Kepler_654,Kepler-654,974.124,297.068,46.8342,,5865,1.11,1.04,0.4622,1
Kepler_293,Kepler-293,974.633,286.358,42.4065,,5804,0.957,0.934,-0.23265,2
Kepler_277,Kepler-277,976.643,286.583,39.0773,,5946,1.69,1.12,0.56791,2
Kepler_1866,Kepler-1866,976.737,286.225,44.6545,,5791,1.083,1.03,0.14386,1
Kepler_1594,Kepler-1594,976.868,293.623,47.9619,,5946,1.08,1.06,-0.00032,1
Kepler_1806,Kepler-1806,978.066,287.535,49.8016,,5311,0.788,0.884,-0.43504,1
Kepler_904,Kepler-904,978.125,288.823,40.389,,6160,1.25,1.16,0.15444,1
Kepler_1471,Kepler-1471,978.678,289.665,50.0201,,5660,0.93,0.95,-0.19895,2
Kepler_1746,Kepler-1746,979.541,288.32,42.2614,,6018,1.286,1.09,0.496,1
OGLE_2019_BLG_0960L,OGLE-2019-BLG-0960L,980,274.014,-25.7747,,5772,1,0.5,0,1
Kepler_836,Kepler-836,980.035,287.453,45.7044,,5895,1.04,1.03,0.04883,1
Kepler_226,Kepler-226,980.138,292.376,47.881,,5571,0.802,0.904,-0.23921,3
Kepler_1092,Kepler-1092,981.233,297.723,47.1127,,5862,1,0.99,0.09586,1
Kepler_1340,Kepler-1340,981.779,296.233,42.4728,,6331,1.42,1.27,0.08683,1
Kepler_1755,Kepler-1755,982.383,296.846,40.1386,,6086,0.921,1.003,0.27353,1
Kepler_1056,Kepler-1056,982.51,299.526,46.8993,,6127,1.2,1.12,0.22658,1
Kepler_1072,Kepler-1072,982.716,292.044,46.329,,6199,1.32,1.2,0.36531,1
Kepler_1897,Kepler-1897,983.174,294.29,39.1269,,5165,0.761,0.859,-0.38987,1
Kepler_1115,Kepler-1115,983.245,294.992,40.1444,,8480,1.73,1.6,1.25385,1
Kepler_857,Kepler-857,983.502,294.632,43.4005,,5773,0.99,0.99,-0.07143,1
Kepler_816,Kepler-816,983.697,293.363,39.2124,,5286,0.85,0.9,-0.37445,1
Kepler_346,Kepler-346,984.105,288.012,46.1176,,6033,1.021,0.943,-0.15256,2
Kepler_1895,Kepler-1895,984.187,291.676,48.7625,,5076,0.763,0.86,-0.22959,1
Kepler_627,Kepler-627,984.307,292.104,39.7679,,6424,1.49,1.3,0.38539,1
Kepler_811,Kepler-811,985.041,285.424,47.8346,,5747,1.24,1.01,0.32275,1
Kepler_793,Kepler-793,985.699,295.217,38.7744,,5745,0.97,0.98,0.11018,1
Kepler_998,Kepler-998,986.364,296.754,49.2087,,6058,1.18,1.12,0.1929,1
Kepler_1231,Kepler-1231,987.237,288.588,42.6057,,5778,1,1.01,0.02302,1
Kepler_1923,Kepler-1923,990.838,298.083,40.3463,,5881,1.294,1.109,0.257,1
Kepler_638,Kepler-638,991.214,284.919,41.6172,,5382,0.93,0.88,0.53162,1
Kepler_692,Kepler-692,991.336,294.777,40.1537,,5440,0.86,0.9,-0.23346,1
Kepler_913,Kepler-913,991.618,297.583,41.9524,,4687,0.61,0.63,-0.28163,2
Kepler_1417,Kepler-1417,991.845,290.95,40.6052,,5839,1.02,1.02,0.39458,1
Kepler_702,Kepler-702,992.071,293.878,41.6617,,5419,0.86,0.9,-0.15908,1
Kepler_562,Kepler-562,992.769,290.12,46.2737,,5575,0.9,0.93,0.01578,1
Kepler_525,Kepler-525,992.852,296.183,47.3588,,5573,1.15,0.95,0.525,1
Kepler_1745,Kepler-1745,996.105,293.469,42.8224,,5611,1.4,0.995,0.00651,1
Kepler_1452,Kepler-1452,996.32,292.423,38.2663,,6101,2.06,1.41,0.72107,1
Kepler_841,Kepler-841,998.961,284.251,48.8096,,5324,0.81,0.85,-0.36224,1
Kepler_1236,Kepler-1236,999.64,295.625,42.5459,,5337,0.82,0.86,-0.37915,1
Kepler_923,Kepler-923,1000.28,294.171,40.0551,,5988,1.26,1.11,0.3325,1
Kepler_920,Kepler-920,1001.68,284.297,49.1586,,5403,0.85,0.89,-0.18293,2
Kepler_1580,Kepler-1580,1002.02,285.969,41.3635,,6228,2.15,1.47,0.92628,1
Kepler_1946,Kepler-1946,1002.12,282.336,42.8453,,5505,0.873,0.887,-0.27885,1
Kepler_259,Kepler-259,1002.14,288.212,46.615,,5938,0.898,0.867,-0.15271,2
Kepler_418,Kepler-418,1002.53,294.434,38.3555,,5820,1.09,0.98,0.11114,2
Kepler_1476,Kepler-1476,1002.74,284.532,43.9899,,5663,0.96,0.98,-0.2429,1
Kepler_344,Kepler-344,1002.94,292.5,46.3243,,5774,0.976,0.931,-0.18481,2
Kepler_1287,Kepler-1287,1003.26,289.135,47.063,,5715,0.94,0.96,-0.09078,1
Kepler_1370,Kepler-1370,1004.1,284.566,41.7785,,6202,1.29,1.19,0.45795,2
Kepler_1943,Kepler-1943,1004.55,293.318,41.1167,,6032,0.973,1.055,0.44535,1
Kepler_736,Kepler-736,1005.43,285.391,46.1809,,5217,0.81,0.86,-0.34984,1
Kepler_43,Kepler-43,1005.84,285.241,46.6682,F8 V,6041,1.42,1.32,0.326,1
Kepler_1815,Kepler-1815,1006.63,300.17,43.9849,,5516,0.967,0.856,-0.03006,1
Kepler_1116,Kepler-1116,1008.57,291.934,44.1155,,5641,0.93,0.95,-0.14676,1
Kepler_1717,Kepler-1717,1008.79,295.213,49.5622,,6200,1.64,1.158,0.59298,1
Kepler_193,Kepler-193,1009.1,296.499,46.5772,,6335,1.147,1.051,0.09956,2
Kepler_1810,Kepler-1810,1009.87,291.813,38.0881,,5492,1.016,0.921,-0.15834,1
Kepler_1018,Kepler-1018,1010.01,283.597,45.4079,,5518,0.88,0.91,-0.08221,1
CoRoT_27,CoRoT-27,1010.28,278.496,5.53838,G2,5900,1.08,1.05,-0.16641,1
Kepler_419,Kepler-419,1011.36,295.418,51.1848,F,6430,1.74,1.39,0.7268,2
Kepler_976,Kepler-976,1012.41,289.87,46.7297,,5232,0.83,0.87,-0.35971,1
Kepler_1674,Kepler-1674,1012.48,294.816,45.3061,,5473.91,0.877273,0.96,-0.20584,1
Kepler_1487,Kepler-1487,1014.62,295.498,38.6444,,5745,3.955,1.801,0.55664,2
Kepler_1307,Kepler-1307,1014.62,292.87,46.7419,,5884,1.08,1.06,-0.20496,1
Kepler_1357,Kepler-1357,1015.69,291.548,50.3533,,5597,0.9,0.93,-0.14555,1
Kepler_933,Kepler-933,1017.2,289.569,43.5385,,5346,0.84,0.87,-0.21081,1
Kepler_427,Kepler-427,1017.8,288.255,43.7048,G2 V,5800,1.35,0.96,0.29,1
Kepler_1462,Kepler-1462,1017.82,296.398,42.3969,,5756,1,1,-0.31369,1
Kepler_800,Kepler-800,1019.26,286.575,44.7952,,5315,0.82,0.85,-0.35798,1
Kepler_546,Kepler-546,1019.65,283.258,40.9904,,5967,1.15,1.11,0.27057,1
Kepler_1187,Kepler-1187,1020.53,286.892,38.3185,,5975,1.09,1.06,0.13585,1
Kepler_79,Kepler-79,1020.72,300.517,44.3816,,6389,1.316,1.244,0.342,4
Kepler_123,Kepler-123,1021.66,296.999,42.782,,6089,1.264,1.079,0.40952,2
Kepler_8,Kepler-8,1021.87,281.288,42.4511,,6213,1.486,1.213,0.605,1
Kepler_1808,Kepler-1808,1022.01,287.292,39.3832,,5530,0.892,0.773,-0.06242,1
Kepler_1099,Kepler-1099,1022.8,288.75,48.2771,,5837,1,1.01,-0.11906,1
Kepler_694,Kepler-694,1023.06,291.15,40.4205,,5700,0.95,0.97,-0.07753,1
Kepler_683,Kepler-683,1023.07,291.44,37.9056,,5703,0.95,0.96,-0.04054,1
Kepler_596,Kepler-596,1023.85,289.501,51.6857,,6267,1.32,1.21,0.31445,1
Kepler_84,Kepler-84,1023.9,298.252,40.4961,,6039,1.43,1,0.39,5
Kepler_47,Kepler-47,1025.02,295.298,46.9204,,5636,0.936,0.957,-0.076,3
Kepler_918,Kepler-918,1025.03,298.201,48.2678,,6028,1.14,1.11,-0.01801,1
Kepler_60,Kepler-60,1025.1,288.961,42.265,,5905,1.257,1.041,0.36906,3
Kepler_256,Kepler-256,1026.43,292.58,46.0974,,5551,1.301,1.037,-0.0591,4
Kepler_1587,Kepler-1587,1026.48,292.678,49.6639,,5933,1.22,1.08,0.32586,1
Kepler_604,Kepler-604,1026.49,292.316,42.6262,,5890,1.03,1.02,0.09179,1
Kepler_1383,Kepler-1383,1027.21,297.945,42.1918,,6370,1.44,1.26,0.56772,1
Kepler_122,Kepler-122,1027.45,291.112,39.949,,6050,1.216,0.982,0.26993,5
Kepler_966,Kepler-966,1027.8,297.271,50.1218,,5840,1.02,1.02,0.23291,1
Kepler_1293,Kepler-1293,1028.16,290.026,48.3359,,6241,1.28,1.18,0.60386,1
Kepler_1901,Kepler-1901,1028.37,291.164,45.3183,,5696,0.921,1.022,-0.00315,1
Kepler_1918,Kepler-1918,1030.11,292.531,42.2146,,5889,0.924,0.967,-0.3081,1
Kepler_1131,Kepler-1131,1030.7,295.651,49.2613,,5851,1.04,1.03,-0.02783,1
WTS_2,WTS-2,1030.77,293.733,36.8155,K2 V,5000,0.752,0.82,-0.28812,1
Kepler_1600,Kepler-1600,1030.81,291.399,38.7878,,5214,0.82,0.86,-0.33945,2
Kepler_1639,Kepler-1639,1031.31,283.069,48.8021,,6150,1.18,1.12,0.14514,1
Kepler_1993,Kepler-1993,1031.91,293.797,45.1607,,5159,3.062,1.373,0.778,1
Kepler_284,Kepler-284,1031.95,293.147,47.7297,,5615,0.814,0.766,-0.34097,2
CoRoT_30,CoRoT-30,1032.23,277.601,6.83593,G3 V,5650,0.91,0.98,-0.19653,1
PH1,PH1,1033.16,298.215,39.9551,F,6407,1.734,1.528,0.66,1
Kepler_672,Kepler-672,1033.93,291.722,49.4808,,5627,0.92,0.95,-0.11219,1
Kepler_1818,Kepler-1818,1034.59,284.328,40.5689,,6047,1.129,1.021,0.261,1
Kepler_244,Kepler-244,1036.49,287.243,42.3014,,5554,0.803,0.933,-0.25619,3
Kepler_279,Kepler-279,1037.4,287.391,42.1948,,6689.45,1.07,1.1,0.5188,4
Kepler_1391,Kepler-1391,1038.35,294.831,46.6596,,5840,1.1,1.03,0.43939,1
K2_52,K2-52,1038.41,246.611,-24.9699,,7147,2.192,1.691,0.02701,1
Kepler_365,Kepler-365,1038.99,295.627,49.1304,,6012,1.048,1.02,0.112,2
Kepler_862,Kepler-862,1039.03,297.779,46.4927,,5333,0.84,0.88,-0.10252,1
AT2021ueyL,AT2021ueyL,1040,324.545,26.4666,M V,3680,1,0.49,0,1
Kepler_1824,Kepler-1824,1040.1,296.707,41.2036,,6002,1.081,1.135,0.171,1
NGTS_17,NGTS-17,1040.28,72.9006,-34.2262,G4 V,5650,1.337,1.025,0.2412,1
Kepler_565,Kepler-565,1041,283.618,47.1968,,5735,0.95,0.98,-0.0551,1
Kepler_147,Kepler-147,1042.02,287.976,39.0872,,6012,1.468,1.145,0.42733,2
Kepler_1071,Kepler-1071,1042.27,293.058,45.2487,,5215,0.81,0.86,-0.31262,1
Kepler_1961,Kepler-1961,1042.45,286.33,39.6831,,5401,0.777,0.871,-0.27557,1
Kepler_1415,Kepler-1415,1043.56,285.157,47.8733,,5267,0.84,0.89,-0.29708,1
Kepler_27,Kepler-27,1044.36,292.237,41.0859,,5251,0.817,0.926,-0.32941,3
CoRoT_26,CoRoT-26,1045.18,279.75,6.96978,G5,5590,1.79,1.09,0.451,1
Kepler_1247,Kepler-1247,1045.92,294.534,46.6182,,5303,0.82,0.86,-0.34527,1
Kepler_341,Kepler-341,1047.03,289.862,43.4727,,6012,1.024,0.976,0.12721,4
Kepler_764,Kepler-764,1047.84,297.393,47.1646,,5557,0.89,0.92,-0.13604,1
Kepler_1098,Kepler-1098,1049.19,295.503,43.2327,,5794,0.99,0.99,0.15655,1
Kepler_1170,Kepler-1170,1050.45,292.169,43.7796,,5069,0.76,0.8,-0.3384,1
Kepler_183,Kepler-183,1050.64,293.531,39.3159,,5888,0.958,0.99,0.026,2
Kepler_1893,Kepler-1893,1050.72,298.401,44.8382,,5633,1.162,0.973,0.15984,1
Kepler_1905,Kepler-1905,1051.53,292.573,46.3668,,5788,1.015,1.038,-0.02528,1
Kepler_299,Kepler-299,1052.24,283.207,48.5805,,5617,1.032,1.004,-0.04352,4
Kepler_255,Kepler-255,1052.53,296.064,45.9768,,5573,0.933,0.867,-0.18311,3
Kepler_924,Kepler-924,1053.04,290.669,40.3977,,6167,1.23,1.14,0.31382,1
Kepler_1831,Kepler-1831,1053.49,295.302,49.589,,6063,1.012,1.117,-0.0455,1
Kepler_1289,Kepler-1289,1053.57,296.389,41.0405,,6080,1.17,1.1,0.16032,1
Kepler_1420,Kepler-1420,1054.37,296.204,42.7778,,5187,0.79,0.82,-0.23199,1
Kepler_1262,Kepler-1262,1054.87,288.772,42.2132,,5771,0.98,0.99,-0.10541,1
Kepler_860,Kepler-860,1056.36,295.577,46.2547,,5836,1.06,1.04,-0.15726,1
Kepler_292,Kepler-292,1056.48,295.766,42.4243,,5299,0.826,0.865,-0.33691,5
Kepler_1830,Kepler-1830,1056.88,295.139,40.9791,,6160,2.046,1.443,0.63129,1
Kepler_1364,Kepler-1364,1056.9,295.152,49.5876,,6805,1.79,1.49,0.792,1
Kepler_1881,Kepler-1881,1057.21,293.639,44.9825,,5135,0.874,0.812,-0.3067,1
Kepler_39,Kepler-39,1057.41,296.96,46.0343,F7 V,6350,1.4,1.29,0.34593,1
Kepler_524,Kepler-524,1058.24,296.859,49.162,,6014,1.1,1.09,0.43947,2
Kepler_394,Kepler-394,1058.72,296.302,50.6723,,6402,1.132,0.87,0.05347,3
Kepler_1451,Kepler-1451,1058.72,293.446,40.4099,,5782,0.99,1,-0.11938,1
Kepler_1886,Kepler-1886,1059.51,296.265,39.406,,5745,0.837,0.928,-0.16101,1
Kepler_541,Kepler-541,1060.68,294.15,38.4582,,6166,2.06,1.41,0.75505,1
Kepler_1724,Kepler-1724,1060.77,296.121,47.9215,,6092,0.943,1.016,0.05537,1
CoRoT_23,CoRoT-23,1060.97,279.783,4.35775,G0 V,5900,1.61,1.14,0.08678,1
Kepler_1740,Kepler-1740,1061.77,293.874,38.9225,,5705,0.905,0.943,-0.07942,1
Kepler_663,Kepler-663,1063.09,297.808,47.9466,,5264,0.82,0.86,-0.31305,1
Kepler_643,Kepler-643,1063.58,290.327,42.8982,,4908,2.52,1,0.47818,1
Kepler_1578,Kepler-1578,1064.05,288.302,47.7756,,5545,0.86,0.9,-0.16523,1
Kepler_1237,Kepler-1237,1064.31,295.629,44.6906,,5472,0.9,0.94,-0.25798,1
Kepler_781,Kepler-781,1064.47,287.654,47.4148,,5162,0.78,0.81,-0.38375,1
Kepler_405,Kepler-405,1065.08,291.409,38.34,,5818,0.893,0.873,-0.33143,2
Kepler_720,Kepler-720,1065.37,298.636,44.1709,,5618,0.92,0.95,0.03222,1
Kepler_609,Kepler-609,1065.82,292.22,44.7,,5971,1.14,1.09,0.06548,1
Kepler_1396,Kepler-1396,1066.46,294.336,44.9182,,6195,1.27,1.18,0.20377,1
OGLE_TR_111,OGLE-TR-111,1068.33,163.324,-61.4057,K2 V,5040,0.83,0.82,-0.33862,1
Kepler_757,Kepler-757,1068.68,296.68,41.3865,,6014,1.13,1.08,0.16044,1
Kepler_1635,Kepler-1635,1069.45,285.349,45.5562,,5347,0.85,0.89,-0.27981,1
Kepler_1790,Kepler-1790,1070.17,294.567,46.0757,,5866,1.367,1.02,0.38334,1
BD_03_2562,BD+03 2562,1070.63,177.565,2.76011,,4095,32.35,1.14,2.7,1
Kepler_723,Kepler-723,1071.8,284.83,44.6581,,5539,0.89,0.92,-0.172,1
KOI_7892,KOI-7892,1072.3,282.378,44.6946,,6474,1.26,1.04,0.2987,3
Kepler_1093,Kepler-1093,1072.88,284.978,41.4202,,6166,1.2,1.13,0.46038,2
Kepler_759,Kepler-759,1073.48,290.131,41.3814,,5860,1.04,1.04,0.061,1
Kepler_829,Kepler-829,1073.76,282.333,42.4638,,5698,0.97,0.98,0.04004,1
Kepler_1113,Kepler-1113,1073.88,289.407,39.3388,,5931,1.17,1.12,0.07994,1
NGTS_23,NGTS-23,1074.95,70.4323,-40.0445,F9 V,6057,1.24,1.01,0.2833,1
Kepler_1244,Kepler-1244,1075.81,282.301,46.5162,,6680,1.77,1.46,1.03224,1
Kepler_1979,Kepler-1979,1076.27,289.843,38.3096,,5942,0.938,1.028,-0.09382,1
Kepler_765,Kepler-765,1076.28,283.185,47.1557,,5901,1.06,1.05,0.14595,1
Kepler_1944,Kepler-1944,1076.48,296.511,39.1733,,5585,0.972,1.064,-0.08284,1
Kepler_1160,Kepler-1160,1077.63,287.879,43.3641,,5519,0.89,0.92,-0.34326,1
Kepler_1374,Kepler-1374,1078.46,291.35,45.1723,,5323,0.81,0.85,-0.36814,1
Kepler_313,Kepler-313,1079.4,298.295,48.7754,,5727,1.536,1.114,0.31196,2
HATS_64,HATS-64,1080.15,144.288,-29.8004,,6554,2.113,1.564,0.86747,1
Kepler_1006,Kepler-1006,1081.74,295.754,42.5373,,5328,0.74,0.78,-0.4,1
Kepler_874,Kepler-874,1082.16,294.957,43.0143,,6020,1.13,1.09,0.13758,1
Kepler_227,Kepler-227,1083.06,291.934,48.1417,,5854,1.091,0.954,-0.12113,2
Kepler_1748,Kepler-1748,1083.28,285.968,45.7391,,5774,0.864,0.916,-0.34954,1
Kepler_1128,Kepler-1128,1083.41,293.063,39.4034,,5543,0.91,0.94,-0.19585,1
Kepler_351,Kepler-351,1083.91,286.453,42.6578,,5225,0.78,0.81,-0.38644,3
Kepler_412,Kepler-412,1086.24,286.11,43.681,G3 V,5750,1.287,1.167,0.26854,1
Kepler_1024,Kepler-1024,1087.4,291.951,38.2516,,5143,0.78,0.81,-0.34993,1
Kepler_647,Kepler-647,1087.87,284.788,44.5916,,6020,1.07,1.03,0.41834,2
Kepler_941,Kepler-941,1088.36,294.326,47.2175,,5539,0.86,0.89,-0.20576,1
Kepler_713,Kepler-713,1089.87,295.651,43.0298,,5785,0.99,0.98,0.08457,1
Kepler_1281,Kepler-1281,1090,295.354,48.5154,,5353,0.83,0.87,-0.292,1
Kepler_373,Kepler-373,1090.45,289.388,50.597,,5787,0.845,0.981,0.21244,2
Kepler_362,Kepler-362,1090.51,291.772,47.5299,,5788,0.722,0.904,0.20872,2
Kepler_1054,Kepler-1054,1090.51,290.601,44.5564,,6209,1.34,1.22,0.36867,1
Kepler_1106,Kepler-1106,1090.7,291.145,44.0625,,6104,1.17,1.11,0.15896,1
Kepler_1927,Kepler-1927,1091,296.355,41.3356,,6056,2.481,1.408,0.77402,1
Kepler_1744,Kepler-1744,1091.63,291.021,42.4625,,5986,0.85,0.886,-0.09777,1
Kepler_41,Kepler-41,1093.08,294.513,45.9816,G2 V,5750,1.29,1.15,0.26161,1
NGTS_26,NGTS-26,1093.69,217.683,-31.7325,,5550,1.16,0.96,0.10106,1
Kepler_1270,Kepler-1270,1095.05,286.716,48.6453,,5047,3.38,1.28,0.71321,1
NGTS_18,NGTS-18,1096.19,180.546,-35.5486,G5 V,5610,1.392,1.003,0.2703,1
Kepler_1269,Kepler-1269,1097.23,287.806,45.3405,,5998,1.15,1.1,0.5557,1
Kepler_194,Kepler-194,1097.97,291.971,47.864,,6089,1.025,0.94,0.0427,3
Kepler_300,Kepler-300,1098.45,295.289,48.5997,,5986,0.9,1.07,0.33994,2
Kepler_358,Kepler-358,1101.1,293.23,48.2814,,5908,0.954,0.94,-0.13809,2
Kepler_1077,Kepler-1077,1101.42,291.034,42.2678,,5816,1.02,1.02,0.00638,1
Kepler_1282,Kepler-1282,1103.29,290.176,46.6983,,5504,0.89,0.92,-0.18287,1
CoRoT_25,CoRoT-25,1103.48,280.63,6.51382,F9,6040,1.19,1.09,0.14101,1
Kepler_838,Kepler-838,1104.04,285.435,45.976,,5770,0.96,0.98,-0.09867,1
Kepler_217,Kepler-217,1104.64,293.038,46.2775,,6171,1.799,1.342,0.75356,3
Kepler_1257,Kepler-1257,1105.95,296.076,45.627,,5502,0.87,0.9,-0.13622,1
Kepler_1534,Kepler-1534,1107,292.395,43.8691,,5442,0.86,0.9,-0.233,1
Kepler_1306,Kepler-1306,1107.5,294.478,46.9459,,5727,0.97,0.98,-0.06343,1
Kepler_1441,Kepler-1441,1110.48,293.719,43.1246,,5802,1,1,0.32471,1
Kepler_738,Kepler-738,1113.65,287.57,46.5679,,5327,0.82,0.86,-0.21263,1
Kepler_1273,Kepler-1273,1114.24,285.803,44.8734,,5566,0.91,0.94,-0.3054,1
Kepler_1633,Kepler-1633,1114.91,288.515,44.9233,,6256,1.32,1.2,0.64606,1
Kepler_1440,Kepler-1440,1115.35,285.347,48.3122,,5698,0.96,0.98,0.37679,1
Kepler_1000,Kepler-1000,1115.62,286.685,47.0982,,6453,1.51,1.4,0.7147,1
Kepler_1392,Kepler-1392,1117,288.767,46.3944,,5479,0.85,0.88,-0.231,1
Kepler_1354,Kepler-1354,1119.45,291.245,37.759,,6168,1.24,1.16,0.30208,1
Kepler_1153,Kepler-1153,1119.49,289.147,45.8661,,5470,0.88,0.91,-0.28448,1
Kepler_919,Kepler-919,1119.87,298.115,48.4944,,6113,1.21,1.15,0.16662,1
Kepler_1175,Kepler-1175,1121.89,289.143,46.813,,5453,0.86,0.9,-0.3398,1
Kepler_1497,Kepler-1497,1122,296.196,45.6343,,5675,0.95,0.96,-0.0734,1
Kepler_830,Kepler-830,1122,295.054,42.7568,,6037,1.11,1.07,0.169,1
Kepler_1065,Kepler-1065,1122.48,294.511,38.7905,,5635,0.93,0.94,-0.11584,2
CoRoT_35,CoRoT-35,1123.21,289.314,-2.77471,F6 V,6390,1.65,1.01,0.36247,1
Kepler_501,Kepler-501,1125.24,297.201,41.7302,,5904,1.04,1.03,0.21635,2
Kepler_1538,Kepler-1538,1125.3,283.346,45.2744,,5837,1.03,1.03,-0.08496,1
Kepler_1226,Kepler-1226,1125.72,296.377,50.6215,,5923,1.02,1.02,0.35947,1
CoRoT_12,CoRoT-12,1126.37,100.766,-1.29644,,5675,1.116,1.078,0.07,1
Kepler_1336,Kepler-1336,1126.64,296.278,46.8998,,5512,1.3,0.94,0.42052,2
Kepler_846,Kepler-846,1127.12,287.057,49.046,,5579,0.91,0.94,-0.21715,1
Kepler_1155,Kepler-1155,1128.72,288.821,39.5229,,5842,1.03,1.03,0.0472,1
Kepler_772,Kepler-772,1130.21,291.424,38.2166,,5714,1.11,0.98,0.47515,1
Kepler_67,Kepler-67,1131.19,294.153,46.1664,G9 V,5331,0.778,0.865,-0.37633,1
KOI_1599,KOI-1599,1131.64,298.374,40.6184,,5833,0.972,1.02,0.16196,2
Kepler_689,Kepler-689,1131.73,294.711,39.5217,,5518,0.88,0.91,-0.15327,1
Kepler_1839,Kepler-1839,1136.6,294.224,50.0756,,5926,0.939,1.03,0.19174,1
Kepler_946,Kepler-946,1137.29,300.93,44.0287,,5665,0.93,0.94,0.13422,1
Kepler_1616,Kepler-1616,1137.81,286.544,45.3049,,6266,1.34,1.21,0.63778,1
HATS_15,HATS-15,1139.55,311.092,-19.4375,G9 V,5311,0.922,0.871,-0.20412,1
Kepler_1144,Kepler-1144,1140.57,290.043,47.2579,,5753,0.96,0.98,0.05604,1
Kepler_485,Kepler-485,1140.95,294.996,50.47,,5958,1.09,1.07,0.07908,1
Kepler_635,Kepler-635,1141.08,289.773,40.8007,,6174,1.51,1.33,0.73514,1
Kepler_1685,Kepler-1685,1141.89,296.188,43.9368,,5484,0.835451,0.96,-0.24507,1
Kepler_187,Kepler-187,1143,299.796,44.0892,,6105,1.287,1.081,0.49267,2
Kepler_276,Kepler-276,1144.86,293.568,39.0363,,5693,1.03,1.1,-0.08948,3
Kepler_1377,Kepler-1377,1146.1,289.195,46.6516,,5218,0.82,0.86,-0.29327,1
CoRoT_13,CoRoT-13,1148.93,102.721,-5.08646,G0 V,5945,1.01,1.09,0.07314,1
Kepler_693,Kepler-693,1151.51,283.254,40.3582,,4881,0.72,0.76,-0.42704,1
Kepler_1464,Kepler-1464,1151.73,287.236,38.7541,,5828,1.01,1.02,0.42978,2
Kepler_1004,Kepler-1004,1152.68,297.359,49.7975,,4972,3.39,1.11,0.71341,1
Kepler_592,Kepler-592,1153.13,285.791,48.6832,,5913,1.04,1.04,0.18506,1
Kepler_1275,Kepler-1275,1153.98,293.5,44.9324,,6296,1.36,1.23,0.31503,1
Kepler_1438,Kepler-1438,1154.13,289.29,40.6816,,5530,0.96,0.97,0.12254,1
Kepler_24,Kepler-24,1156.81,290.413,38.3437,,6028,1.099,1.06,0.064,4
Kepler_703,Kepler-703,1156.83,299.187,41.7427,,6185,1.27,1.18,0.06672,1
Kepler_734,Kepler-734,1157.21,297.046,46.0274,,5326,0.78,0.85,0.37395,1
Kepler_1184,Kepler-1184,1157.84,291.282,46.966,,5983,1.07,1.05,0.06532,1
KOI_134,KOI-134,1159.21,295.587,45.3649,F9V,6160,1.667,1.407,0.62325,2
Kepler_1469,Kepler-1469,1159.3,293.821,39.3913,,5507,0.89,0.92,-0.2739,1
Kepler_602,Kepler-602,1159.31,296.032,42.1419,,6062,1.13,1.08,0.32624,1
Kepler_1682,Kepler-1682,1159.85,293.984,39.5728,,5619.12,0.842301,0.99,-0.1957,1
Kepler_315,Kepler-315,1160.63,298.023,43.3635,,5796,1.037,0.831,0.00383,2
Kepler_894,Kepler-894,1162.91,288.734,46.9394,,5603,0.85,0.87,-0.12306,1
Kepler_59,Kepler-59,1163.22,287.039,46.6402,,6074,0.94,1.04,0.32374,2
Kepler_902,Kepler-902,1165.34,289.732,46.9539,,5647,0.93,0.95,0.10835,1
Kepler_843,Kepler-843,1165.66,296.322,48.9714,,5830,1.03,1.02,-0.04723,1
Kepler_1413,Kepler-1413,1167.49,294.342,46.4988,,5196,0.8,0.84,-0.39085,1
Kepler_370,Kepler-370,1167.94,292.171,40.9162,,5852,0.9,0.982,0.00609,2
Kepler_671,Kepler-671,1168.26,294.266,49.3141,,5624,0.95,0.97,-0.08086,1
Kepler_769,Kepler-769,1169.57,292.713,38.3582,,6186,1.28,1.19,0.1791,2
Kepler_645,Kepler-645,1173.57,290.323,44.0359,,6170,1.21,1.13,0.45106,1
Kepler_1295,Kepler-1295,1174.46,291.398,45.5886,,5486,0.89,0.92,-0.28279,1
Kepler_38,Kepler-38,1174.59,286.83,42.2791,G4 V,5623,1.752,0.941,0.49161,1
Kepler_1204,Kepler-1204,1175.22,289.442,42.4981,,5825,1.03,1.03,-0.05771,1
Kepler_1202,Kepler-1202,1175.38,292.291,44.6532,,5834,1.04,1.03,-0.13389,1
CoRoT_17,CoRoT-17,1176.12,278.699,-6.61229,G2 V,5740,1.59,1.04,0.13421,1
Kepler_1210,Kepler-1210,1176.53,292.832,48.2193,,5568,0.92,0.94,-0.14879,1
Kepler_1919,Kepler-1919,1177.53,283.132,43.956,,5513,0.818,0.868,-0.27362,1
Kepler_74,Kepler-74,1177.55,293.093,41.3555,F8 V,6000,1.12,1.18,0.3321,1
Kepler_1233,Kepler-1233,1178.7,297.375,46.6622,,6198,1.25,1.16,0.22091,1
Kepler_1550,Kepler-1550,1179.01,287.765,38.2947,,5991,1.11,1.07,0.11945,1
Kepler_1474,Kepler-1474,1180.9,294.694,45.8668,,5870,1.04,1.04,0.0291,1
Kepler_938,Kepler-938,1182.05,294.789,46.9839,,5533,0.89,0.92,-0.174,1
Kepler_873,Kepler-873,1182.22,296.403,51.2713,,6163,1.27,1.18,0.13449,1
Kepler_1129,Kepler-1129,1183.88,291.604,41.3093,,5831,1,1,-0.0274,2
Kepler_216,Kepler-216,1187.47,293.728,46.1291,,6091,1.26,1.126,0.51836,2
Kepler_44,Kepler-44,1188,300.102,45.7622,G2 IV,5800,1.35,1.12,0.34743,1
Kepler_1660_A,Kepler-1660 A,1188.54,290.552,40.235,F7 V,6305.24,1.491,1.1366,0.66823,1
Kepler_1793,Kepler-1793,1189.88,291.913,40.9539,,5191,0.764,0.85,-0.23389,1
Kepler_1614,Kepler-1614,1191.19,284.871,49.7759,,5121,0.76,0.79,-0.27096,1
Kepler_288,Kepler-288,1194.15,288.916,39.5948,,5918,1.091,0.842,0.05605,3
Kepler_867,Kepler-867,1195.54,287.285,51.2499,,5541,0.91,0.92,0.11686,1
V0391_Peg,V0391 Peg,1195.98,331.05,26.4188,sdBV,29300,0.23,0.5,1.43287,1
Kepler_1453,Kepler-1453,1196.04,286.126,47.9476,,5665,0.94,0.97,-0.13974,1
Kepler_1381,Kepler-1381,1197.04,287.536,48.7278,,5747,0.94,0.96,-0.11708,1
Kepler_972,Kepler-972,1198.03,295.829,43.4254,,6146,1.22,1.15,0.19129,1
Kepler_1397,Kepler-1397,1198.25,299.676,47.0758,,6026,1.12,1.09,0.59141,1
OGLE_2015_BLG_0954L,OGLE-2015-BLG-0954L,1200,270.184,-28.6609,,5772,1,0.3,0,1
PSR_J1719_1438,PSR J1719-1438,1200,259.792,-14.6336,,4500,1,1.4,0,1
Kepler_824,Kepler-824,1201.4,290.477,39.732,,6035,1.22,1.15,0.12216,1
Kepler_1057,Kepler-1057,1201.82,297.452,41.5581,,5987,1.1,1.07,-0.0058,1
Kepler_1645,Kepler-1645,1202.47,297.48,48.4186,,5812,1.02,1.02,0.33586,1
Kepler_66,Kepler-66,1202.96,293.982,46.6877,G0 V,5962,0.966,1.038,0.05113,1
Kepler_1969,Kepler-1969,1204.54,294.784,49.4921,,6046,1.007,1.111,-0.1809,1
Kepler_1567,Kepler-1567,1206.11,286.695,40.2919,,5655,0.93,0.95,-0.12183,1
Kepler_1272,Kepler-1272,1206.37,285.22,38.8058,,5926,1.09,1.06,0.37031,1
Kepler_214,Kepler-214,1208.44,284.755,44.956,,6169,1.352,1.11,0.5108,2
TIC_183374187,TIC 183374187,1208.75,357.616,-41.4124,,5768,1.344,0.853,0.23952,1
Kepler_33,Kepler-33,1209.16,289.078,46.0052,,5904,1.82,1.291,0.556,5
Kepler_588,Kepler-588,1209.4,284.257,47.6889,,5835,1,1.01,0.20713,1
Kepler_664,Kepler-664,1210.12,288.755,48.2262,,5754,1.02,1.01,-0.11113,1
Kepler_1647,Kepler-1647,1212.45,298.15,40.6562,,6210,1.7903,1.2207,0.64425,1
Kepler_1159,Kepler-1159,1213.71,294.266,45.2042,,6217,1.28,1.19,0.29847,1
Kepler_1348,Kepler-1348,1213.82,292.087,49.7887,,5911,1.04,1.04,0.20429,1
Kepler_1429,Kepler-1429,1214.09,285.366,49.0448,,5902,1.07,1.05,0.13795,1
Kepler_606,Kepler-606,1215.11,292.427,44.3812,,6161,1.22,1.13,0.25434,1
KIC_3558849,KIC 3558849,1215.7,294.95,38.6052,,6175,1.01,0.98,0.40531,1
Kepler_996,Kepler-996,1216.58,291.913,41.5336,,6014,1.14,1.09,0.24247,1
Kepler_1149,Kepler-1149,1217.73,294.189,45.1515,,5833,1.01,1.02,0.16546,1
Kepler_1500,Kepler-1500,1217.82,288.883,39.7447,,5845,1,1,0.27456,1
KMT_2020_BLG_0414L,KMT-2020-BLG-0414L,1220,271.915,-28.4852,WD,5772,1,0.49,0,2
Kepler_1427,Kepler-1427,1220,295.35,45.1145,,5793,1.01,1.01,0.0156,1
Kepler_1597,Kepler-1597,1221.05,288.164,42.481,,6377,1.39,1.25,0.43429,1
Kepler_618,Kepler-618,1221.96,286.25,48.0609,,5860,1.08,1.05,0.1732,1
Kepler_434,Kepler-434,1222.54,293.586,42.9289,,5977,1.38,1.198,0.33,1
Kepler_1334,Kepler-1334,1223.04,289.312,51.3209,,5614,0.91,0.94,0.0276,1
Kepler_1503,Kepler-1503,1225.57,293.727,42.8067,,5069,0.74,0.77,-0.14398,1
Kepler_286,Kepler-286,1226.85,290.676,48.2942,,5580,0.863,0.83,-0.11623,4
Kepler_704,Kepler-704,1228.83,283.316,41.8371,,5616,0.96,0.97,0.03582,1
Kepler_1837,Kepler-1837,1229.18,288.208,45.6834,,5966,0.961,1.049,-0.06826,1
Kepler_1618,Kepler-1618,1229.25,295.175,45.9309,,6620,1.65,1.41,0.69003,1
Kepler_1122,Kepler-1122,1230.42,288.281,46.3409,,5544,0.89,0.92,0.05875,1
KOI_55,KOI-55,1231.02,296.356,41.0927,B,27730,0.203,0.496,1.36,2
Kepler_1862,Kepler-1862,1232.19,296.753,49.3781,,5644,0.806,0.9,-0.21515,1
Kepler_752,Kepler-752,1232.29,292.268,37.9557,,5373,0.83,0.87,-0.12488,1
Kepler_87,Kepler-87,1232.9,297.917,46.9651,,5600,1.82,1.1,0.32604,2
Kepler_1369,Kepler-1369,1236.56,285.797,40.9362,,5761,0.99,0.99,-0.01005,1
Kepler_375,Kepler-375,1238.81,288.618,48.0984,,5826,0.837,0.891,-0.16278,2
Kepler_722,Kepler-722,1239.5,290.263,44.5564,,5863,1.05,1.03,-0.03923,2
Kepler_875,Kepler-875,1242.62,297.301,43.1418,,5958,1.11,1.06,0.13542,1
Kepler_1102,Kepler-1102,1246.05,281.323,48.0665,,5724,0.94,0.96,0.13927,1
Kepler_899,Kepler-899,1246.43,297.483,40.6807,,5595,0.91,0.93,0.04831,1
Kepler_1575,Kepler-1575,1246.92,293.743,45.7616,,5667,0.92,0.95,-0.03716,1
Kepler_471,Kepler-471,1249.41,299.098,43.4976,,6733,1.8,1.49,0.71017,1
Kepler_1989,Kepler-1989,1252.13,290.735,44.0913,,6032,1.06,0.999,0.27935,1
Kepler_731,Kepler-731,1257.16,296.393,45.5685,,5849,1.06,1.03,0.03524,1
Kepler_1216,Kepler-1216,1258.36,287.405,45.918,,5743,0.98,0.99,0.0729,1
Kepler_815,Kepler-815,1259.28,285.221,47.8813,,5028,3.42,1.25,0.85698,1
Kepler_870,Kepler-870,1259.46,295.403,50.4786,,5857,1.02,1.01,0.04289,1
Kepler_1508,Kepler-1508,1260.28,298.119,40.375,,6158,1.22,1.14,0.53713,1
Kepler_940,Kepler-940,1260.78,294.241,47.276,,5769,0.96,0.97,-0.05668,1
Kepler_374,Kepler-374,1265.61,294.138,42.3704,,5977,0.911,1.033,0.27435,3
Kepler_791,Kepler-791,1266.34,293.596,39.0294,,6383,1.47,1.3,0.40273,1
Kepler_1691,Kepler-1691,1267.67,286.254,41.0218,,6000,1.13152,1.11,0.17462,1
Gaia22dkvL,Gaia22dkvL,1270,151.769,-66.1809,,5772,1,1.145,0,1
Kepler_1142,Kepler-1142,1273.51,292.714,44.0823,,5685,0.96,0.97,0.43724,1
Kepler_1483,Kepler-1483,1273.78,295.41,42.1508,,6337,1.4,1.25,0.39403,1
KIC_5437945,KIC 5437945,1274.01,288.475,40.6513,,6340,1.24,1.07,0.64137,2
Kepler_1778,Kepler-1778,1276.29,287.361,43.7388,,6310,1.095,1.143,0.0978,1
Kepler_1951,Kepler-1951,1277.32,290.5,40.2877,,5468,1.306,0.923,0.50112,1
Kepler_697,Kepler-697,1277.33,283.864,41.3464,,5513,0.88,0.92,-0.02543,1
Kepler_1044,Kepler-1044,1278.96,293.144,46.6662,,5985,1.11,1.08,0.03099,1
Kepler_335,Kepler-335,1278.97,296.064,45.4286,,5877,1.854,1.367,0.57766,2
Kepler_265,Kepler-265,1280.25,290.51,41.2447,,5835,1.103,0.97,0.00548,4
Kepler_1489,Kepler-1489,1283.05,281.296,44.4654,G,5655,0.9,0.93,0.19764,2
Kepler_1494,Kepler-1494,1285.48,282.657,43.1625,,5659,0.94,0.96,0.07901,1
Kepler_893,Kepler-893,1285.59,284.963,43.913,,5820,0.99,1,0.05966,1
Kepler_1607,Kepler-1607,1286.1,296.06,42.6561,,6116,1.21,1.14,0.70881,1
Kepler_1732,Kepler-1732,1289.41,292.291,37.5808,,5821,1.494,1.043,0.29575,1
Kepler_1094,Kepler-1094,1291.01,292.301,38.267,,6112,1.21,1.14,0.17811,1
Kepler_1751,Kepler-1751,1291.47,284.847,49.6923,,6052,0.967,0.974,0.03608,1
Kepler_497,Kepler-497,1291.98,290.766,38.9279,,5834,1.11,1.09,0.25216,1
Kepler_91,Kepler-91,1294.69,285.673,44.1168,K3,4550,6.3,1.31,1.225,1
Kepler_750,Kepler-750,1296.02,289.097,44.0044,,6160,1.23,1.15,0.34371,2
Kepler_347,Kepler-347,1298.88,289.2,49.3056,,6088,1.005,0.922,0.34232,3
Kepler_1807,Kepler-1807,1299.32,291.549,44.5273,,6455,1.496,1.087,0.60255,1
Kepler_1177,Kepler-1177,1299.97,286.671,49.4063,,5712,0.97,0.98,0.34212,1
OGLE_2012_BLG_0563L,OGLE-2012-BLG-0563L,1300,271.49,-27.712,,5772,1,0.34,0,1
Kepler_718,Kepler-718,1302.33,299.562,43.5035,,6191,1.3,1.18,0.13394,1
Kepler_1738,Kepler-1738,1302.87,296.131,47.4388,,6063,1.001,1.079,-0.00542,1
Kepler_1372,Kepler-1372,1303.22,288.887,44.8395,,5677,0.97,0.98,0.0124,1
Kepler_784,Kepler-784,1303.72,295.921,47.4486,,5674,1.32,1,0.85693,2
Kepler_1192,Kepler-1192,1304.19,282.141,43.8965,,5438,0.83,0.86,-0.1283,1
Kepler_952,Kepler-952,1304.25,285.372,41.9939,,5730,0.99,1,0.09668,1
Kepler_1631,Kepler-1631,1305.99,294.633,43.8077,,5679,0.95,0.97,0.00722,1
Kepler_1172,Kepler-1172,1306.53,290.474,37.7665,,5558,0.89,0.92,-0.16073,1
Kepler_1496,Kepler-1496,1307.66,293.974,45.3507,,6182,1.27,1.18,0.3041,1
Kepler_929,Kepler-929,1311.23,298.481,41.6153,,5869,1.02,1.01,0.46075,1
Kepler_175,Kepler-175,1312.34,289.553,43.8761,,6064,1.01,0.969,0.19402,2
Kepler_1976,Kepler-1976,1314.51,292.167,48.7275,,5712,1.082,0.976,0.04119,1
K2_308,K2-308,1314.53,78.3391,16.4142,,6100,1.24,1.09,0.283,1
Kepler_1135,Kepler-1135,1314.64,286.003,44.7566,,5656,0.94,0.96,0.43703,1
Kepler_797,Kepler-797,1315.26,297.209,41.7816,,5680,0.95,0.96,0.46974,1
Kepler_1212,Kepler-1212,1316.57,296.853,50.0373,,6051,1.15,1.1,0.21104,1
Kepler_644,Kepler-644,1318.05,295.476,43.4931,,6747,1.81,1.49,0.71041,1
Kepler_1958,Kepler-1958,1320.38,289.104,41.6901,,5749,0.864,0.961,-0.00092,1
Kepler_1747,Kepler-1747,1321.38,284.21,45.2581,,5477,0.865,0.983,-0.20529,1
BD_20_274,BD+20 274,1322.51,25.9203,21.0053,K5 III,4296,17.3,0.8,1.96,1
Kepler_715,Kepler-715,1327.44,283.631,43.3794,,5871,1.04,1.04,0.16457,1
Kepler_1433,Kepler-1433,1328,287.363,49.4569,,6097,1.19,1.14,0.247,1
Kepler_1599,Kepler-1599,1328.2,286.221,41.1512,,5767,0.99,0.99,0.24119,1
Kepler_1859,Kepler-1859,1331.25,293.989,46.718,,5887,1.235,1.09,0.15429,2
Kepler_1103,Kepler-1103,1331.92,287.382,49.4524,,6092,1.15,1.11,0.52181,1
Kepler_274,Kepler-274,1333.62,292.923,38.4772,,6023,1.007,0.883,0.2013,2
Kepler_1668,Kepler-1668,1335.64,297.352,46.0959,,5542,1.01738,0.98,-0.05567,1
Kepler_308,Kepler-308,1335.92,295.785,40.4396,,5895,0.941,0.92,-0.11567,2
Kepler_1186,Kepler-1186,1337.25,288.48,47.1017,,5635,0.93,0.95,0.06369,1
Kepler_282,Kepler-282,1337.61,284.677,44.7976,,5656,0.89,0.97,0.10587,4
Kepler_1797,Kepler-1797,1338.49,292.464,45.9683,,6244,1.009,1.069,0.06183,1
HATS_40,HATS-40,1342.29,100.571,-29.7768,,6460,2.26,1.561,0.90309,1
Kepler_168,Kepler-168,1343.6,294.71,39.825,,6282,1.107,1.113,0.36071,2
Kepler_1922,Kepler-1922,1344.29,292.33,37.9971,,5931,0.863,0.953,0.15221,1
OGLE_TR_10,OGLE-TR-10,1344.97,267.868,-29.8765,G2 V,5950,1.17,1.14,0.188,1
Kepler_1225,Kepler-1225,1347.52,290.633,40.137,,6140,1.19,1.13,0.33289,1
Kepler_1217,Kepler-1217,1347.71,289.187,50.9376,,5905,1.08,1.06,0.08509,1
Kepler_232,Kepler-232,1349.13,295.816,51.1217,,5847,0.968,0.97,0.05183,2
Kepler_944,Kepler-944,1349.43,293.601,42.3798,,5409,0.83,0.86,-0.07777,1
Kepler_1322,Kepler-1322,1350.32,293.205,45.4354,,5704,0.804,0.897,-0.10053,2
Kepler_856,Kepler-856,1351.17,289.604,46.3149,,5535,0.93,0.96,-0.02166,1
Kepler_1286,Kepler-1286,1354.46,280.258,43.8357,,5753,0.98,1,0.12822,1
Kepler_1345,Kepler-1345,1355.02,292.478,46.0228,,6449,1.55,1.32,0.69266,1
Kepler_620,Kepler-620,1355.28,291.159,51.3348,,6155,1.22,1.15,0.34079,1
Kepler_1495,Kepler-1495,1355.54,286.131,38.7795,,5831,1.04,1.03,0.0523,1
Kepler_294,Kepler-294,1357.01,287.392,46.0593,,5913,0.976,0.947,-0.14755,2
Kepler_688,Kepler-688,1357.75,294.655,39.3083,,5715,0.96,0.98,-0.02364,1
Kepler_1516,Kepler-1516,1358.95,291.495,44.5234,,5904,1.07,1.04,0.44571,1
Kepler_1906,Kepler-1906,1360.63,293.827,38.8566,,5868,0.894,0.987,0.24215,1
Kepler_1819,Kepler-1819,1363.19,296.56,46.8575,,6090,1.071,1.173,0.0865,1
Kepler_1230,Kepler-1230,1364.22,283.265,41.7115,,5961,1.08,1.06,0.09626,1
Kepler_1085,Kepler-1085,1364.53,287.478,46.1412,,6000,1.14,1.11,0.07867,2
Kepler_53,Kepler-53,1366.07,290.462,40.5625,,5858,0.89,0.98,0.03558,3
Kepler_1887,Kepler-1887,1366.18,288.956,44.7057,,5749,0.864,0.961,-0.18953,1
Kepler_1626,Kepler-1626,1368.83,296.5,40.7212,,6826,1.85,1.51,0.61079,1
Kepler_903,Kepler-903,1369.24,288.771,40.6642,,5682,0.97,0.98,0.36464,2
KOI_2513,KOI-2513,1369.87,293.669,46.3792,,5900,1.2,0.91,0.197,1
Kepler_739,Kepler-739,1370.65,290.068,46.5792,,5601,0.9,0.93,0.01798,1
Kepler_266,Kepler-266,1370.79,294.484,44.1669,,5885,1.028,0.947,0.01163,2
Kepler_1954,Kepler-1954,1373.83,298.003,43.3546,,5840,0.849,0.942,0.04503,1
Kepler_881,Kepler-881,1375.18,288.993,46.6707,,5961,1.09,1.06,0.11975,1
Kepler_1883,Kepler-1883,1377.61,291.923,42.0025,,6208,1.024,1.086,-0.01559,1
Kepler_848,Kepler-848,1378.47,293.288,48.8116,,5695,1.2,1.01,0.59369,1
Kepler_1666,Kepler-1666,1379.37,297.952,46.2647,,6293,1.14586,1.23,0.26839,2
Kepler_1267,Kepler-1267,1379.43,299.17,43.4411,,6096,1.2,1.15,0.0025,1
Kepler_1557,Kepler-1557,1380.16,293.881,46.8388,,6099,1.17,1.11,0.11938,1
Kepler_1080,Kepler-1080,1382.82,296.464,49.1829,,5956,1.16,1.1,0.86064,1
KIC_7917485,KIC 7917485,1382.89,299.435,43.6326,A,7067,2.00994,1.63,0.99564,1
Kepler_1574,Kepler-1574,1384.16,292.159,49.6378,,5892,1.08,1.06,0.15604,1
Kepler_1399,Kepler-1399,1385.7,293.312,46.0417,,5735,0.96,0.97,0.00959,1
Kepler_820,Kepler-820,1387.2,291.02,39.2206,,6260,1.36,1.23,0.6895,1
Kepler_823,Kepler-823,1389.27,284.583,39.2202,,5643,0.96,0.98,0.33549,1
Kepler_254,Kepler-254,1389.48,288.165,45.8164,,5957,0.91,0.849,-0.12491,3
Kepler_1811,Kepler-1811,1390.56,289.979,40.1428,,5561,1.19,0.946,0.1541,1
Kepler_1615,Kepler-1615,1393.83,286.359,42.2274,,5865,1.05,1.04,0.38923,1
Kepler_771,Kepler-771,1393.85,287.444,38.0884,,5906,1.05,1.03,0.3549,1
Kepler_708,Kepler-708,1394.22,293.816,42.2125,,5692,0.96,0.97,0.03695,1
Kepler_1889,Kepler-1889,1395.13,297.199,41.2264,,5646,0.817,0.864,0.21977,1
Kepler_611,Kepler-611,1395.56,286.005,45.4803,,5761,1.01,1.01,0.38338,1
Kepler_1407,Kepler-1407,1396.41,283.942,41.4716,,6010,1.15,1.1,0.27131,1
CoRoT_21,CoRoT-21,1398.83,101.053,-0.299154,F8 IV,6200,1.95,1.29,0.705,1
Kepler_302,Kepler-302,1402.58,294.317,43.6292,,5740,1.22,1.021,0.04949,2
Kepler_1016,Kepler-1016,1402.82,294.614,45.9846,,5821,1,0.99,0.12363,2
Kepler_1835,Kepler-1835,1404.38,280.315,43.9857,,5903,0.961,0.922,0.07829,1
Kepler_1299,Kepler-1299,1404.94,286.15,37.4113,,5609,0.91,0.94,-0.10621,1
Kepler_1174,Kepler-1174,1408.75,281.831,42.2989,,5936,1.04,1.04,0.55531,1
Kepler_1812,Kepler-1812,1409.19,298.085,40.2833,,6174,1.103,1.162,0.27988,1
Kepler_1584,Kepler-1584,1416.31,287.763,43.2744,,6069,1.13,1.1,0.25226,1
Kepler_696,Kepler-696,1416.44,293.497,41.1376,,5903,1.08,1.06,0.15095,1
Kepler_435,Kepler-435,1418.77,292.287,43.1973,,6161,3.21,1.538,1.129,1
Kepler_1591,Kepler-1591,1419.58,296.517,44.6086,,6082,1.16,1.1,0.43389,1
Kepler_590,Kepler-590,1421.81,296.386,48.2334,,6000,1.15,1.1,0.47712,1
Kepler_1820,Kepler-1820,1425.39,296.713,48.2723,,5841,0.931,1.047,-0.02202,1
Kepler_1401,Kepler-1401,1425.43,287.466,40.7584,,5964,1.1,1.07,0.14,1
Kepler_792,Kepler-792,1425.47,292.007,38.8207,,5971,1.12,1.09,0.27379,1
Kepler_1730,Kepler-1730,1427.08,281.961,43.703,,5942,1.142,1.009,0.07455,1
Kepler_1736,Kepler-1736,1430,289.777,38.2622,,6085,0.973,0.976,0.40206,1
Kepler_1375,Kepler-1375,1430.84,296.294,43.4032,,6704,1.78,1.47,0.82249,1
Kepler_355,Kepler-355,1432.17,285.799,42.8117,,6184,1.066,0.933,0.19516,2
Kepler_385,Kepler-385,1432.61,294.339,50.3365,,5829,1.157,1.05,0.14374,3
Kepler_177,Kepler-177,1435.44,286.047,45.0532,,5732,1.324,0.921,0.24,2
Kepler_1297,Kepler-1297,1439.47,289.956,47.0203,,5818,0.99,0.99,0.30193,1
Kepler_1519,Kepler-1519,1441.63,296.668,49.4618,,5644,0.91,0.94,0.32617,1
Kepler_740,Kepler-740,1442.02,286.482,46.6925,,5438,0.87,0.91,-0.12268,1
Kepler_1884,Kepler-1884,1443.09,296.746,43.0454,,5984,0.906,0.993,0.27711,1
Kepler_359,Kepler-359,1443.21,293.294,42.1963,,6248,1.086,0.827,-0.09657,3
Kepler_612,Kepler-612,1445.53,291.355,45.7479,,5693,0.96,0.98,0.30512,1
Kepler_710,Kepler-710,1448.34,291.964,42.6961,,5611,0.91,0.94,0.26474,1
Kepler_1573,Kepler-1573,1455.36,292.988,49.485,,5808,1,1.01,0.16867,1
Kepler_1033,Kepler-1033,1455.5,283.845,44.609,,5547,0.92,0.94,-0.12579,1
Kepler_117,Kepler-117,1455.57,288.793,48.0402,F8 V,6150,1.606,1.129,0.53776,2
Kepler_810,Kepler-810,1458.59,296.615,48.0826,,5803,1.04,1.03,-0.03156,1
HATS_70,HATS-70,1458.83,109.105,-31.2444,,7930,1.881,1.78,1.07918,1
Kepler_1154,Kepler-1154,1460.1,297.477,39.8772,,6327,1.43,1.26,0.45174,2
KIC_10525077,KIC 10525077,1461.15,287.378,47.7712,,6091,1.01,1.01,0.12899,1
Kepler_1551,Kepler-1551,1463.72,295.786,39.9079,,6136,1.22,1.14,0.24402,1
Kepler_1836,Kepler-1836,1472.62,292.315,40.8388,,6123,0.987,1.053,0.01616,1
Kepler_1068,Kepler-1068,1473.61,294.648,46.3923,,5806,1.01,1.01,-0.02521,1
Kepler_1511,Kepler-1511,1475.6,288.421,43.1798,,6064,1.29,1.17,0.83813,1
HATS_66,HATS-66,1477.98,101.395,-33.8817,,6626,1.841,1.411,0.76716,1
Kepler_1472,Kepler-1472,1479.14,294.853,49.0574,,6159,1.25,1.16,0.42003,1
Kepler_789,Kepler-789,1480.16,295.975,38.9466,,5870,1.02,1.01,0.49628,1
Kepler_812,Kepler-812,1482.74,288.855,48.2085,,6761,1.71,1.45,0.75193,1
Kepler_1734,Kepler-1734,1482.83,294.163,41.4517,,6061,0.97,1.05,0.14406,1
Kepler_1158,Kepler-1158,1484.25,292.234,41.5752,,6203,1.95,1.41,0.84033,1
Kepler_817,Kepler-817,1484.46,296.082,39.1616,,5861,1.03,1.03,0.08609,1
Kepler_1041,Kepler-1041,1485.82,293.882,49.6831,,5957,1.08,1.06,0.48914,1
Kepler_1280,Kepler-1280,1486.7,293.574,45.3845,,6227,1.32,1.2,0.6788,1
Kepler_686,Kepler-686,1490.94,285.214,39.0275,,5649,0.92,0.94,0.10792,1
Kepler_700,Kepler-700,1491.76,287.154,41.5658,,5692,0.96,0.98,0.22961,1
Kepler_680,Kepler-680,1492.48,291.622,50.6182,,5890,1.11,1.08,0.19729,1
Kepler_1292,Kepler-1292,1493.43,284.906,43.9491,,5556,0.93,0.95,-0.09051,1
Kepler_1402,Kepler-1402,1493.64,291.848,48.9682,,5416,0.87,0.9,0.44774,1
Kepler_372,Kepler-372,1493.95,291.256,49.2589,,6509,1.137,1.202,0.32073,3
Kepler_1279,Kepler-1279,1494.22,288.096,40.3659,,6221,1.33,1.21,0.69281,1
Kepler_1878,Kepler-1878,1494.3,300.732,44.107,,5918,0.865,0.956,0.18689,1
Kepler_1941,Kepler-1941,1494.39,296.627,49.3539,,6404,1.142,1.175,0.43611,1
Kepler_1750,Kepler-1750,1497.33,292.351,48.5111,,5644,0.969,0.981,0.06117,1
Kepler_1419,Kepler-1419,1498.58,292.255,37.9714,,5796,1.01,1.01,0.04229,1
Kepler_863,Kepler-863,1499.66,297.664,43.249,,5678,0.95,0.96,0.21514,1
Kepler_758,Kepler-758,1502.32,293.085,41.1354,,6228,1.42,1.16,0.56281,4
Kepler_1997,Kepler-1997,1502.34,297.481,46.5891,,6215,1.052,1.111,0.13162,1
Kepler_1696,Kepler-1696,1506.36,295.576,42.0234,,5712,1.19811,1.02,0.13884,1
Kepler_855,Kepler-855,1506.58,295.095,43.5376,,5835,1.03,1.03,0.33305,1
Kepler_1613,Kepler-1613,1508.33,289.875,43.4209,,6005,1.12,1.08,0.63777,1
Kepler_666,Kepler-666,1508.71,298.457,48.7916,,5887,1.05,1.03,0.18164,1
Kepler_799,Kepler-799,1509.08,287.175,44.8785,,5681,0.93,0.95,-0.09,2
OGLE_2006_BLG_109L,OGLE-2006-BLG-109L,1510,268.144,-30.0878,,5772,1,0.51,0,2
Kepler_1589,Kepler-1589,1513.14,294.442,40.5716,,6166,1.25,1.18,0.32934,1
Kepler_1502,Kepler-1502,1514.02,296.108,39.3199,,6666,1.72,1.44,0.74202,1
Kepler_1915,Kepler-1915,1514.66,301.279,44.2505,,6020,1.057,1.03,0.06133,1
OGLE_TR_211,OGLE-TR-211,1515.26,160.06,-62.4555,,6325,1.64,1.33,0.26657,1
Kepler_1360,Kepler-1360,1516.27,300.344,45.6232,,6778,1.83,1.51,0.92337,1
Kepler_897,Kepler-897,1519.25,290.587,51.6958,,5839,1.04,1.03,0.28762,1
Kepler_490,Kepler-490,1523,295.026,46.956,,6045,1.12,1.08,0.36497,1
Kepler_1638,Kepler-1638,1525.52,295.482,48.5245,,5710,0.95,0.97,-0.114,1
Kepler_1960,Kepler-1960,1527.56,294.697,46.7202,,6371,1.072,1.117,0.27069,1
Kepler_1405,Kepler-1405,1530.3,295.685,39.2561,,5925,1.07,1.05,0.02238,1
Kepler_1428,Kepler-1428,1530.32,297.642,49.595,,6184,1.36,1.28,0.94388,1
Kepler_603,Kepler-603,1539.63,294.281,42.2909,,5808,1.01,1.01,0.39156,3
BD_20_2457,BD+20 2457,1539.71,154.187,19.8913,K2 II,4137,49,2.8,3.17,2
Kepler_1900,Kepler-1900,1540.43,291.886,44.479,,6173,1.041,1.104,0.21994,1
Kepler_1764,Kepler-1764,1542.48,293.88,41.3938,,6461,1.131,1.162,0.41465,1
Kepler_1182,Kepler-1182,1545.39,296.308,43.8214,,5924,1.05,1.04,0.25605,1
Kepler_182,Kepler-182,1549.09,289.83,50.5862,,6250,1.146,1.114,0.34366,2
OGLE_2018_BLG_1212L,OGLE-2018-BLG-1212L,1550,271.078,-28.1941,,5772,1,0.16,0,1
Kepler_1296,Kepler-1296,1551.54,292.125,41.4078,,5359,0.83,0.87,0.48615,1
Kepler_1475,Kepler-1475,1568.38,295.948,44.7531,,6214,1.28,1.18,0.25381,1
Kepler_937,Kepler-937,1571.46,294.169,46.7146,,6095,1.22,1.15,0.28097,2
Kepler_1165,Kepler-1165,1575.2,286.971,44.7083,,6080,1.18,1.13,0.55152,2
Kepler_1305,Kepler-1305,1575.23,297.339,46.3472,,5701,0.96,0.97,0.08368,1
Kepler_1758,Kepler-1758,1588.41,297.797,39.9213,,5557,1.616,1.035,0.48544,1
Kepler_1851,Kepler-1851,1589.81,285.674,45.6398,,5982,0.879,0.967,0.06007,1
Kepler_502,Kepler-502,1591.04,291.08,43.8602,,6125,1.22,1.15,0.34908,1
Kepler_868,Kepler-868,1593.13,282.364,46.6752,,5614,0.89,0.93,0.06838,1
Kepler_1290,Kepler-1290,1593.7,290.685,43.8596,,5660,0.93,0.95,0.06899,1
KIC_9663113,KIC 9663113,1594.74,297.045,46.3287,,6117.21,2.21562,1.15,0.7919,2
Kepler_1180,Kepler-1180,1596.8,295.887,43.156,,6077,1.14,1.09,0.41746,1
Kepler_1255,Kepler-1255,1617.07,295.239,42.7265,,6018,1.12,1.08,0.30726,1
Kepler_852,Kepler-852,1619.03,297.392,48.5607,,6100,1.16,1.19,0.827,1
Kepler_1914,Kepler-1914,1621.56,291.431,38.6544,,5982,0.96,1.047,0.07728,1
Kepler_1431,Kepler-1431,1623.24,292.658,49.8652,,5806,1.03,1.03,0.24349,1
OGLE2_TR_L9,OGLE2-TR-L9,1627.63,166.98,-61.1462,,6933,1.53,1.52,0.51197,1
Kepler_1621,Kepler-1621,1631.66,297.589,43.8412,,6158,1.24,1.15,0.47822,1
Kepler_1238,Kepler-1238,1632.13,297.906,40.1628,,6386,1.48,1.3,0.58441,1
Kepler_1705,Kepler-1705,1633.49,301.579,44.3122,,6312,1.259,1.139,0.35411,2
Kepler_1368,Kepler-1368,1635.82,294.767,41.6446,,5906,1.08,1.07,0.05077,1
Kepler_1592,Kepler-1592,1639.47,293.851,38.3977,,6213,1.28,1.18,0.50716,1
Kepler_228,Kepler-228,1644.61,296.286,48.2246,,6043,1.014,1.006,0.11115,3
Kepler_945,Kepler-945,1651.25,291.27,42.096,,5718,0.97,0.97,0.02447,1
Kepler_1147,Kepler-1147,1657.36,292.547,41.6429,,5941,1.14,1.09,0.23534,1
Kepler_1875,Kepler-1875,1660.45,296.773,50.1884,,6161,0.862,0.95,0.4066,1
Kepler_1411,Kepler-1411,1660.48,286.362,42.9639,,5664,0.92,0.95,0.04081,1
Kepler_850,Kepler-850,1661.28,293.084,48.5754,,5932,1.09,1.06,0.17325,1
Kepler_741,Kepler-741,1661.87,289.432,46.6175,,6129,1.24,1.16,0.33161,1
Kepler_1762,Kepler-1762,1663.74,290.493,39.7855,,6572,1.238,1.298,0.33126,1
Kepler_31,Kepler-31,1664.64,294.023,45.8531,,6340,1.22,1.21,0.30134,3
Kepler_690,Kepler-690,1665.31,294.49,39.7715,,5913,1.16,1.11,0.14056,1
Kepler_1708,Kepler-1708,1666.69,296.824,43.6248,,6157,1.117,1.088,0.182,1
Kepler_1112,Kepler-1112,1671.28,296.969,47.7515,,6496,1.54,1.34,0.54224,1
KIC_10001893,KIC 10001893,1672.94,287.389,46.9844,,27500,0.18,0.47,1.43069,3
Kepler_1463,Kepler-1463,1687.47,294.487,42.0069,,5679,0.95,0.96,0.09195,1
Kepler_832,Kepler-832,1688.12,295.926,45.3839,,5596,0.9,0.92,0.07025,1
Kepler_657,Kepler-657,1691.88,291.197,47.3078,,5808,1.01,1.01,0.27898,1
Kepler_1847,Kepler-1847,1693.86,296.601,44.3252,,6122,0.964,1.041,0.09941,1
Kepler_1510,Kepler-1510,1696.25,298.959,48.2578,,6200,1.28,1.19,0.37703,1
Kepler_1426,Kepler-1426,1697.81,292.546,49.4169,,5831,1.02,1.02,0.0355,1
Kepler_295,Kepler-295,1699.19,285.346,45.3678,,5603,0.898,0.89,0.62949,3
Kepler_1373,Kepler-1373,1699.46,285.752,39.2492,,6299,1.33,1.22,0.77358,1
Kepler_748,Kepler-748,1705.99,292.263,37.237,,5934,1.1,1.07,0.36017,1
Kepler_1980,Kepler-1980,1709.4,295.167,38.637,,5819,0.99,1.049,0.22397,1
Kepler_890,Kepler-890,1712.12,288.436,43.7635,,5954,1.13,1.09,0.32651,1
Kepler_1188,Kepler-1188,1717.48,283.104,43.148,,5913,1.06,1.04,0.39786,1
Kepler_1330,Kepler-1330,1720.48,290.577,39.9569,,5608,0.94,0.97,0.42575,1
Kepler_947,Kepler-947,1730.78,294.367,42.2526,,5508,0.87,0.9,0.14245,1
Kepler_684,Kepler-684,1731.27,290.87,38.2736,,5493,0.86,0.89,0.20867,1
Kepler_1896,Kepler-1896,1732.91,289.679,40.2496,,6122,0.996,1.07,0.17382,1
Kepler_234,Kepler-234,1733.1,291.654,38.4947,,6224,1.113,1.129,0.23955,2
Kepler_1260,Kepler-1260,1734.43,295.591,42.5552,,5961,1.08,1.06,0.52565,1
CoRoT_14,CoRoT-14,1744.6,103.424,-5.53604,F9 V,6035,1.21,1.13,0.11884,1
Kepler_281,Kepler-281,1745.45,294.108,44.7707,,5723,0.899,0.95,0.14638,3
Kepler_493,Kepler-493,1745.77,295.308,38.8816,,6457,1.54,1.36,0.43813,1
Kepler_1207,Kepler-1207,1754.19,295.064,49.359,,5909,1.06,1.06,0.63789,1
Kepler_1343,Kepler-1343,1756.71,294.294,50.7254,,5759,0.93,0.95,0.19529,1
Kepler_1119,Kepler-1119,1757.23,297.019,44.3275,,6083,1.17,1.11,0.48586,1
OGLE_2012_BLG_0358L,OGLE-2012-BLG-0358L,1760,265.695,-24.261,,5772,1,0.022,0,1
Kepler_728,Kepler-728,1765.23,291.092,45.1155,,5660,0.93,0.95,0.22726,1
Kepler_1486,Kepler-1486,1769.14,290.59,45.4397,,5965,1.12,1.08,0.31179,1
Kepler_754,Kepler-754,1770.27,293.254,37.8462,,5935,1.08,1.06,0.41554,1
Kepler_1925,Kepler-1925,1771.31,289.829,45.1027,,5856,1.092,1.057,0.36494,1
Kepler_1903,Kepler-1903,1775.44,290.888,51.2482,,6347,0.996,1.053,0.29209,1
Kepler_788,Kepler-788,1775.8,290,38.5399,,6159,1.23,1.16,0.33615,1
Kepler_745,Kepler-745,1780.38,291.499,37.0593,,5849,1.04,1.04,0.37557,1
Kepler_291,Kepler-291,1786.48,287.916,42.4373,,6002,1.016,1.023,0.07135,2
Kepler_238,Kepler-238,1798.75,287.897,40.6378,,5751,1.43,1.229,0.43048,5
Kepler_34,Kepler-34,1800.82,296.436,44.6415,,5913,1.1618,1.0479,0.173,1
Kepler_1844,Kepler-1844,1804.36,292.69,37.9346,,5776,0.849,0.939,0.22606,1
Kepler_35,Kepler-35,1819.17,294.497,46.6897,,5606,1.0284,0.8877,-0.027,1
Kepler_1609,Kepler-1609,1826.04,290.147,39.6658,,6132,1.27,1.18,0.48383,1
Kepler_678,Kepler-678,1826.15,295.455,50.4945,,5520,0.91,0.94,0.44927,1
Kepler_1211,Kepler-1211,1826.53,285.721,40.8569,,5705,0.94,0.96,0.13445,1
MOA_2022_BLG_033L,MOA-2022-BLG-033L,1840,272.876,-25.0531,F7 V,5772,1,0.51,0,1
Kepler_1268,Kepler-1268,1840.77,287.838,43.1532,,5904,1.09,1.06,0.34483,1
Kepler_1527,Kepler-1527,1842.13,297.414,46.0608,,6224,1.32,1.21,0.48222,1
Kepler_1478,Kepler-1478,1845.58,293.165,41.7462,,5904,1.06,1.04,0.30415,1
Kepler_584,Kepler-584,1848.84,288.231,42.4136,,6195,1.24,1.17,0.52004,1
Kepler_1294,Kepler-1294,1855.7,291.268,44.4882,,5776,0.97,0.99,0.42138,1
Kepler_366,Kepler-366,1856.28,296.852,49.0844,,6209,1.048,1.088,0.57277,2
Kepler_223,Kepler-223,1859.71,298.318,47.2795,,5803,1.72,1.125,0.37128,4
Kepler_1640,Kepler-1640,1859.78,294.558,40.8505,,6324,1.43,1.27,0.47,1
Kepler_433,Kepler-433,1878.31,297.594,40.9773,,6360,2.26,1.46,0.88,1
OGLE_2014_BLG_0676L,OGLE-2014-BLG-0676L,1880,268.102,-30.5484,,5772,1,0.6,0,1
Kepler_762,Kepler-762,1898.26,291.276,47.3295,,5944,1.08,1.06,0.31816,1
Kepler_1468,Kepler-1468,1899.24,293.52,41.2774,,5893,1.05,1.04,0.53118,3
Kepler_1249,Kepler-1249,1904.54,296.895,44.3717,,6202,1.28,1.19,0.42782,1
Kepler_1924,Kepler-1924,1910.77,293.767,42.8292,,5726,1.285,1.018,0.45229,1
Kepler_1183,Kepler-1183,1919.19,292.232,38.8922,,5765,0.99,1,0.25466,1
Kepler_729,Kepler-729,1921.15,286.36,45.4143,,5633,0.91,0.94,0.26135,1
Kepler_730,Kepler-730,1935.04,285.555,45.5788,,5620,1.411,1.047,0.23596,2
Kepler_1636,Kepler-1636,1947.54,294.058,46.441,,5797,1.02,1.01,0.23674,1
Kepler_677,Kepler-677,1954.08,290.098,50.3216,,5723,0.99,1,0.38964,1
Kepler_871,Kepler-871,1976.05,294.527,43.3681,,5993,1.14,1.11,0.30895,1
Kepler_682,Kepler-682,1979.25,289.112,51.7374,,5559,0.89,0.92,0.47994,1
Kepler_698,Kepler-698,1995.57,288.51,41.3017,,5612,0.91,0.94,0.38841,1
MOA_2022_BLG_249L,MOA-2022-BLG-249L,2000,268.866,-28.3061,,5772,1,0.18,0,1
Kepler_1509,Kepler-1509,2002.96,283.798,46.931,,5780,0.99,1,0.39912,1
Kepler_912,Kepler-912,2004.72,298.111,41.7583,,5998,1.11,1.07,0.55177,1
CoRoT_31,CoRoT-31,2005.76,94.8207,-4.4223,G2 IV,5700,2.15,1.25,0.39778,1
Kepler_1449,Kepler-1449,2006.48,288.232,50.5678,,5979,1.1,1.08,0.50864,1
Kepler_1125,Kepler-1125,2011.41,295.481,40.7319,,5683,0.94,0.95,0.64744,1
OGLE_TR_132,OGLE-TR-132,2012.62,162.644,-61.9572,F5 V,6210,1.32,1.305,0.371,1
Kepler_1555,Kepler-1555,2013.27,287.635,45.716,,5866,1.06,1.04,0.38933,1
Kepler_864,Kepler-864,2022.9,285.057,46.3206,,6213,1.195,1.27,0.2078,2
Kepler_275,Kepler-275,2034.25,292.48,38.5149,,6165,1.383,1.189,0.44934,3
Kepler_827,Kepler-827,2046.68,294.966,42.7086,,5602,0.91,0.93,0.23172,1
Kepler_814,Kepler-814,2055.77,284.911,48.4316,,6162,1.22,1.15,0.66937,1
Kepler_1916,Kepler-1916,2055.82,293.071,48.3877,,6246,1.092,1.18,0.21407,1
Kepler_1562,Kepler-1562,2060.72,294.456,46.7435,,5760,1.05,1.02,0.49073,1
Kepler_669,Kepler-669,2063.41,291.936,49.2539,,6038,1.2,1.15,0.35828,1
Kepler_1491,Kepler-1491,2065.59,293.63,45.7406,,5728,0.99,1,0.35471,2
Kepler_1670,Kepler-1670,2065.98,290.326,43.1218,,5838,1.51889,1.05,0.3828,1
Kepler_1733,Kepler-1733,2080.51,291.138,37.8592,,6320,1.252,1.273,0.42985,1
Kepler_714,Kepler-714,2083.37,282.699,43.2727,,5995,1.12,1.09,0.4599,1
Kepler_939,Kepler-939,2093.62,293.866,47.0268,,5471,0.85,0.88,0.39065,1
Kepler_557,Kepler-557,2097.12,293.708,41.6151,,6068,1.16,1.11,0.72814,1
Kepler_1437,Kepler-1437,2101.69,291.865,49.3259,,5557,0.9,0.93,0.31615,1
Kepler_1250,Kepler-1250,2126.85,287.794,45.9802,,5717,0.98,0.99,0.34255,1
Kepler_1239,Kepler-1239,2140.6,293.127,42.3201,,6564,1.57,1.4,0.44712,1
Kepler_1596,Kepler-1596,2146.23,285.558,49.3301,,5706,0.92,0.95,0.43061,1
MOA_2007_BLG_192L,MOA-2007-BLG-192L,2160,272.016,-27.1501,,5772,1,0.28,0,1
Kepler_950,Kepler-950,2161.6,287.957,41.1303,,5857,1.02,1.02,0.35461,1
Kepler_1403,Kepler-1403,2163.9,290.868,38.9601,,6060,1.15,1.11,0.37208,1
Kepler_1432,Kepler-1432,2171.87,295.524,49.8295,,6031,1.13,1.09,0.4492,1
Kepler_1304,Kepler-1304,2176.08,285.276,39.4468,,5259,0.81,0.85,0.63938,1
Kepler_328,Kepler-328,2213.19,295.809,40.0085,,6064,1.06,1.15,0.44013,2
Kepler_767,Kepler-767,2251.03,291.579,38.0358,,5694,0.94,0.96,0.47562,1
Kepler_1799,Kepler-1799,2254.69,288.309,51.4783,,5831,0.921,1.016,0.31428,1
Kepler_269,Kepler-269,2257.32,290.215,41.776,,5847,0.959,0.92,0.36836,2
Kepler_766,Kepler-766,2297.62,293.185,37.9698,,5992,1.15,1.1,0.45132,1
MOA_2010_BLG_477L,MOA-2010-BLG-477L,2300,271.531,-31.4545,,5950,1,0.67,0,1
Kepler_943,Kepler-943,2300.53,284.274,41.535,,5612,0.91,0.93,0.40676,1
Kepler_667,Kepler-667,2302.45,295.555,49.0173,,5327,0.87,0.91,0.55691,1
Kepler_40,Kepler-40,2305.01,296.814,47.5265,F5 IV,6510,2.13,1.48,0.81889,1
Kepler_1625,Kepler-1625,2310.11,295.429,39.8865,,5677,0.94,0.96,0.43696,1
Kepler_896,Kepler-896,2334.93,282.439,43.7344,,5262,0.81,0.84,0.48148,2
Kepler_891,Kepler-891,2340.58,291.084,40.3552,,5887,1.07,1.06,0.58754,1
WTS_1,WTS-1,2346.01,293.985,36.2963,F6 V,6250,1.15,1.2,0.08842,1
Kepler_1506,Kepler-1506,2366.02,290.15,41.4646,,5676,0.93,0.95,0.42561,1
Kepler_835,Kepler-835,2406.33,283.574,45.7348,,5954,1.11,1.08,0.32995,1
Kepler_1504,Kepler-1504,2435.94,289.712,50.1282,,5393,0.81,0.85,0.46829,1
Kepler_1380,Kepler-1380,2462.94,288.116,42.4404,,5570,0.94,0.96,0.47259,1
Kepler_1422,Kepler-1422,2465.84,293.89,48.3361,,6194,1.23,1.15,0.44726,1
Kepler_1078,Kepler-1078,2481.71,293.201,43.05,,5612,0.92,0.94,0.50027,1
Kepler_719,Kepler-719,2497.51,295.536,43.8844,,5777,0.98,0.99,0.44767,1
OGLE_TR_182,OGLE-TR-182,2501.75,167.328,-61.0953,,5924,1.14,1.14,0.24059,1
OGLE_2018_BLG_1269L,OGLE-2018-BLG-1269L,2510,269.693,-27.6179,,5772,1,1.11,0,1
Kepler_1436,Kepler-1436,2530.62,297.712,46.768,,5972,1.09,1.06,0.80118,1
OGLE_2011_BLG_0251L,OGLE-2011-BLG-0251L,2570,264.559,-27.1361,M,5772,1,0.26,0,1
OGLE_2012_BLG_0950L,OGLE-2012-BLG-0950L,2600,272.019,-29.7316,M V,5772,1,0.57,0,1
Kepler_1949,Kepler-1949,2617.35,293.542,43.0261,,6028,1.454,1.194,0.7131,1
MOA_2019_BLG_008L,MOA-2019-BLG-008L,2700,267.983,-29.9897,,5772,1,0.9,0,1
Kepler_1603,Kepler-1603,2712.58,295.33,42.535,,6241,1.31,1.21,0.7055,1
KMT_2019_BLG_1216L,KMT-2019-BLG-1216L,2740,268.481,-35.1366,,5772,1,0.39,0,1
OGLE_2007_BLG_349L_A,OGLE-2007-BLG-349L A,2760,271.352,-26.4219,M,5772,1,0.41,0,1
MOA_2010_BLG_073L,MOA-2010-BLG-073L,2800,272.547,-26.5229,,5772,1,0.16,0,1
Kepler_717,Kepler-717,2805.48,292.966,43.3463,,5485,0.85,0.88,0.60439,1
Kepler_1484,Kepler-1484,2879.83,292.684,38.1263,,5730,0.92,0.94,0.79551,1
Kepler_1283,Kepler-1283,2921.99,295.462,40.7769,,6175,1.25,1.16,0.92675,1
KMT_2021_BLG_2478L,KMT-2021-BLG-2478L,2970,269.309,-29.102,,5772,1,0.2,0,1
MOA_2009_BLG_266L,MOA-2009-BLG-266L,3040,267.008,-35.0054,,5772,1,0.56,0,1
OGLE_2013_BLG_0102L,OGLE-2013-BLG-0102L,3040,268.029,-31.6906,,5772,1,0.096,0,1
OGLE_2016_BLG_1266L,OGLE-2016-BLG-1266L,3080,267.854,-29.7422,,5772,1,0.015,0,1
KMT_2019_BLG_0297L,KMT-2019-BLG-0297L,3090,270.063,-28.9653,,5772,1,0.21,0,1
KMT_2021_BLG_0712L,KMT-2021-BLG-0712L,3090,269.286,-31.1845,,5772,1,0.22,0,1
KMT_2021_BLG_0119L,KMT-2021-BLG-0119L,3130,274.001,-29.7439,,5772,1,0.56,0,1
OGLE_2005_BLG_071L,OGLE-2005-BLG-071L,3200,267.541,-34.6732,,5772,1,0.46,0,1
OGLE_2018_BLG_0740L,OGLE-2018-BLG-0740L,3200,272.177,-29.8358,G V,5912,1,1,0,1
OGLE_2013_BLG_0911L,OGLE-2013-BLG-0911L,3220,268.883,-29.2538,,5772,1,0.29,0,1
OGLE_2015_BLG_0966L,OGLE-2015-BLG-0966L,3300,268.754,-29.0471,,5772,1,0.38,0,1
MOA_2008_BLG_379L,MOA-2008-BLG-379L,3300,269.706,-30.1969,K,5772,1,0.56,0,1
OGLE_2015_BLG_1609L,OGLE-2015-BLG-1609L,3300,270.824,-26.9071,,5772,1,0.17,0,1
KMT_2019_BLG_0842L,KMT-2019-BLG-0842L,3320,268.458,-29.8774,,5772,1,0.76,0,1
Kepler_747,Kepler-747,3347.16,288.417,41.0298,,5096,0.78,0.82,-0.432,1
KMT_2018_BLG_0029L,KMT-2018-BLG-0029L,3380,264.469,-27.9847,,5772,1,1.14,0,1
OGLE_2016_BLG_0613L_AB,OGLE-2016-BLG-0613L AB,3410,269.26,-28.1162,,5772,1,0.72,0,1
KMT_2018_BLG_1292L,KMT-2018-BLG-1292L,3460,263.428,-33.5207,,5772,1,1.09,0,1
Kepler_917,Kepler-917,3460.51,299.051,47.9493,,5418,0.76,0.8,0.76372,1
MOA_2010_BLG_117L,MOA-2010-BLG-117L,3500,271.957,-25.3446,,5772,1,0.58,0,1
KMT_2022_BLG_0440L,KMT-2022-BLG-0440L,3500,269.584,-32.2953,,5772,1,0.53,0,1
OGLE_2014_BLG_0124L,OGLE-2014-BLG-0124L,3500,270.622,-28.3962,,5772,1,0.9,0,1
KMT_2016_BLG_2321L,KMT-2016-BLG-2321L,3580,264.058,-25.5249,,5772,1,0.73,0,1
OGLE_2019_BLG_0954L,OGLE-2019-BLG-0954L,3630,267.913,-29.611,,5772,1,0.8,0,1
OGLE_2014_BLG_0221L,OGLE-2014-BLG-0221L,3680,270.304,-27.4268,,5772,1,0.69,0,1
OGLE_2016_BLG_1067L,OGLE-2016-BLG-1067L,3730,273.204,-27.0126,,5772,1,0.3,0,1
KMT_2021_BLG_1150L,KMT-2021-BLG-1150L,3800,268.79,-31.3133,,5772,1,0.73,0,1
KMT_2020_BLG_0202L,KMT-2020-BLG-0202L,3840,267.04,-24.4745,,5772,1,0.81,0,1
KMT_2019_BLG_1715L,KMT-2019-BLG-1715L,3860,270.372,-28.7771,,5772,1,0.61,0,1
OGLE_2013_BLG_0132L,OGLE-2013-BLG-0132L,3900,269.765,-28.421,,5772,1,0.54,0,1
OGLE_2016_BLG_1195L,OGLE-2016-BLG-1195L,3910,268.848,-30.2073,,5772,1,0.078,0,1
OGLE_2017_BLG_1375L,OGLE-2017-BLG-1375L,3930,269.155,-30.3114,,5772,1,0.81,0,1
KMT_2024_BLG_1209L,KMT-2024-BLG-1209L,3930,261.613,-28.1206,K3 V,5772,1,0.77,0,1
OGLE_2017_BLG_0604L,OGLE-2017-BLG-0604L,3950,267.892,-30.9466,,5772,1,0.7,0,1
KMT_2023_BLG_0084L,KMT-2023-BLG-0084L,4000,273.942,-25.2295,,5772,1,0.23,0,1
OGLE_2006_BLG_284L_A,OGLE-2006-BLG-284L A,4000,269.659,-29.1367,,5772,1,0.35,0,1
OGLE_2012_BLG_0026L,OGLE-2012-BLG-0026L,4019,263.578,-27.1427,G5 V,5772,1,1.06,0,2
OGLE_2018_BLG_0799L,OGLE-2018-BLG-0799L,4050,273.459,-25.4857,,5772,1,0.093,0,1
OGLE_2005_BLG_169L,OGLE-2005-BLG-169L,4100,271.522,-30.7326,K5,5772,1,0.69,0,1
KMT_2018_BLG_1988L,KMT-2018-BLG-1988L,4150,265.283,-35.5947,,5772,1,0.47,0,1
OGLE_2015_BLG_1649L,OGLE-2015-BLG-1649L,4230,271.205,-32.633,,5772,1,0.34,0,1
KMT_2017_BLG_1194L,KMT-2017-BLG-1194L,4240,274.322,-25.3239,,5772,1,0.41,0,1
MOA_2022_BLG_091L,MOA-2022-BLG-091L,4250,268.942,-32.3414,G8 V,5772,1,0.75,0,1
OGLE_2016_BLG_0007L,OGLE-2016-BLG-0007L,4300,268.356,-29.6423,,5772,1,0.59,0,1
KMT_2018_BLG_2602L,KMT-2018-BLG-2602L,4310,267.397,-21.9762,,5772,1,0.66,0,1
Gaia23braL,Gaia23braL,4330,155.629,-63.2639,,5055,1.36181,0.774,0.03781,1
OGLE_2011_BLG_0265L,OGLE-2011-BLG-0265L,4380,269.449,-27.3945,,5772,1,0.211,0,1
OGLE_2019_BLG_0468L,OGLE-2019-BLG-0468L,4400,266.406,-24.4473,G,5772,1,0.92,0,2
MOA_2011_BLG_291L,MOA-2011-BLG-291L,4400,268.868,-29.1707,,5772,1,0.15,0,1
KMT_2019_BLG_0414L,KMT-2019-BLG-0414L,4410,268.853,-21.8955,,5772,1,0.74,0,1
KMT_2017_BLG_0165L,KMT-2017-BLG-0165L,4530,269.65,-28.1337,,5772,1,0.76,0,1
KMT_2021_BLG_1105L,KMT-2021-BLG-1105L,4540,265.732,-25.5089,,5772,1,0.63,0,1
KMT_2021_BLG_0171L,KMT-2021-BLG-0171L,4600,269.242,-30.0931,,5200,1,0.78,0,1
KMT_2019_BLG_1552L,KMT-2019-BLG-1552L,4600,269.596,-27.5669,,5772,1,0.79,0,1
KMT_2019_BLG_1367L,KMT-2019-BLG-1367L,4670,272.471,-29.7622,,5772,1,0.25,0,1
OGLE_2017_BLG_0173L,OGLE-2017-BLG-0173L,4705,267.971,-29.2714,,5772,1,0.396,0,1
KMT_2016_BLG_2397L,KMT-2016-BLG-2397L,4880,266.213,-23.2014,,5772,1,0.64,0,1
KMT_2019_BLG_0253L,KMT-2019-BLG-0253L,4900,267.883,-29.5655,,5772,1,0.7,0,1
OGLE_2012_BLG_0406L,OGLE-2012-BLG-0406L,4970,268.326,-30.4712,,5772,1,0.44,0,1
KMT_2021_BLG_1547L,KMT-2021-BLG-1547L,5070,272.4,-29.0839,,5772,1,0.72,0,1
KMT_2017_BLG_0673L,KMT-2017-BLG-0673L,5080,264.757,-33.808,,5772,1,0.63,0,1
KMT_2016_BLG_1105L,KMT-2016-BLG-1105L,5080,266.447,-26.2664,,5772,1,0.41,0,1
MOA_bin_1L,MOA-bin-1L,5100,261.793,-29.794,,5772,1,0.75,0,1
KMT_2021_BLG_0192L,KMT-2021-BLG-0192L,5120,268.105,-30.0087,,5772,1,0.27,0,1
OGLE_2023_BLG_0836L,OGLE-2023-BLG-0836L,5120,267.187,-23.7415,,5772,1,0.71,0,1
MOA_2020_BLG_108L,MOA-2020-BLG-108L,5130,269.716,-26.9165,,5772,1,0.58,0,1
K2_2016_BLG_0005L,K2-2016-BLG-0005L,5200,269.88,-27.6075,,5772,1,0.584,0,1
OGLE_2017_BLG_0406L,OGLE-2017-BLG-0406L,5200,269,-29.8631,,5772,1,0.56,0,1
KMT_2022_BLG_1818L,KMT-2022-BLG-1818L,5300,270.799,-27.4811,,5772,1,0.79,0,2
MOA_2012_BLG_006L,MOA-2012-BLG-006L,5300,270.443,-29.1088,,5772,1,0.49,0,1
OGLE_2018_BLG_1367L,OGLE-2018-BLG-1367L,5370,269.756,-29.1684,,5772,1,0.28,0,1
KMT_2017_BLG_0428L,KMT-2017-BLG-0428L,5400,271.385,-28.4903,,5772,1,0.34,0,1
KMT_2023_BLG_0119L,KMT-2023-BLG-0119L,5410,266.815,-34.5722,K2.5 V,5772,1,0.71,0,1
KMT_2024_BLG_1870L,KMT-2024-BLG-1870L,5480,272.465,-26.8829,,5772,1,0.67,0,1
KMT_2023_BLG_1896L,KMT-2023-BLG-1896L,5490,271.032,-26.9589,K6 V,5772,1,0.72,0,1
KMT_2021_BLG_0912L,KMT-2021-BLG-0912L,5560,269.821,-31.9976,K,5772,1,0.8,0,1
KMT_2022_BLG_2076L,KMT-2022-BLG-2076L,5570,268.051,-29.0279,,5772,1,0.67,0,1
KMT_2023_BLG_2209L,KMT-2023-BLG-2209L,5570,268.994,-29.3057,,5772,1,0.73,0,1
OGLE_2018_BLG_0506L,OGLE-2018-BLG-0506L,5600,267.63,-31.9241,,5772,1,0.63,0,1
OGLE_2019_BLG_1492L,OGLE-2019-BLG-1492L,5600,270.096,-28.6311,,5772,1,0.68,0,1
OGLE_2019_BLG_0679L,OGLE-2019-BLG-0679L,5630,265.74,-27.7729,,5772,1,0.66,0,1
OGLE_2018_BLG_0596L,OGLE-2018-BLG-0596L,5650,269.056,-29.1991,,5772,1,0.231,0,1
OGLE_2017_BLG_1049L,OGLE-2017-BLG-1049L,5670,269.534,-27.1442,,5772,1,0.55,0,1
MOA_2009_BLG_387L,MOA-2009-BLG-387L,5690,268.462,-33.9903,,5772,1,0.19,0,1
OGLE_2018_BLG_1126L,OGLE-2018-BLG-1126L,5700,268.356,-31.7247,,5772,1,0.69,0,1
KMT_2021_BLG_1391L,KMT-2021-BLG-1391L,5720,270.684,-28.0605,,5772,1,0.37,0,1
KMT_2024_BLG_0349L,KMT-2024-BLG-0349L,5750,261.372,-30.247,,5772,1,0.68,0,1
OGLE_2018_BLG_1119L,OGLE-2018-BLG-1119L,5760,270.029,-32.3753,,5772,1,0.48,0,1
OGLE_2017_BLG_0482L,OGLE-2017-BLG-0482L,5800,269.049,-30.5284,,5772,1,0.2,0,1
OGLE_2003_BLG_235L,OGLE-2003-BLG-235L,5800,271.318,-28.895,K V,5772,1,0.63,0,1
OGLE_2019_BLG_0362L,OGLE-2019-BLG-0362L,5830,263.465,-24.8104,,5772,1,0.42,0,1
OGLE_2019_BLG_0299L,OGLE-2019-BLG-0299L,5830,266.679,-23.5843,,5772,1,0.59,0,1
KMT_2018_BLG_1976L,KMT-2018-BLG-1976L,5840,266.355,-35.7003,,5772,1,0.65,0,1
OGLE_2007_BLG_368L,OGLE-2007-BLG-368L,5900,269.108,-32.2374,,5772,1,0.64,0,1
OGLE_2019_BLG_1470L_A,OGLE-2019-BLG-1470L A,5900,271.949,-27.0336,,5772,1,0.57,0,1
KMT_2023_BLG_0416L,KMT-2023-BLG-0416L,5900,266.324,-25.0795,,5772,1,0.63,0,1
OGLE_2016_BLG_1598L,OGLE-2016-BLG-1598L,5910,270.191,-29.1754,,5772,1,0.55,0,1
KMT_2019_BLG_2783L,KMT-2019-BLG-2783L,5910,269.292,-33.7885,,5772,1,0.34,0,1
KMT_2018_BLG_1996L,KMT-2018-BLG-1996L,5910,268.678,-22.8204,,5772,1,0.69,0,1
OGLE_2017_BLG_0373L,OGLE-2017-BLG-0373L,5915,269.329,-31.9517,,5772,1,0.248,0,1
KMT_2021_BLG_1372L,KMT-2021-BLG-1372L,5970,264.489,-28.1484,,5772,1,0.42,0,1
KMT_2017_BLG_1038L,KMT-2017-BLG-1038L,6000,266.171,-25.143,,5772,1,0.37,0,1
OGLE_2017_BLG_1237L,OGLE-2017-BLG-1237L,6030,271.65,-28.3288,,5772,1,0.46,0,1
KMT_2023_BLG_0949L,KMT-2023-BLG-0949L,6060,263.419,-28.0915,,5772,1,0.48,0,1
OGLE_2019_BLG_1180L,OGLE-2019-BLG-1180L,6070,269.247,-27.9754,,5772,1,0.545,0,1
KMT_2024_BLG_2059L,KMT-2024-BLG-2059L,6070,270.93,-28.5682,,5772,1,0.51,0,1
KMT_2021_BLG_0748L,KMT-2021-BLG-0748L,6090,272.421,-25.7466,,5772,1,0.36,0,1
OGLE_2011_BLG_0173L,OGLE-2011-BLG-0173L,6100,269.316,-28.2339,,5772,1,0.41,0,1
KMT_2019_BLG_2974L,KMT-2019-BLG-2974L,6100,267.852,-29.4232,,5772,1,0.47,0,1
KMT_2019_BLG_1339L,KMT-2019-BLG-1339L,6120,265.743,-25.5739,,5772,1,0.48,0,1
KMT_2025_BLG_0121L,KMT-2025-BLG-0121L,6200,267.158,-23.9988,,5772,1,0.61,0,1
KMT_2023_BLG_1866L,KMT-2023-BLG-1866L,6210,273.482,-28.4474,,5772,1,0.51,0,1
OGLE_2018_BLG_1428L,OGLE-2018-BLG-1428L,6220,265.549,-26.1379,,5772,1,0.43,0,1
KMT_2016_BLG_1820L,KMT-2016-BLG-1820L,6260,268.765,-29.5169,,5772,1,0.039,0,1
KMT_2021_BLG_1303L,KMT-2021-BLG-1303L,6280,271.864,-29.2816,,5772,1,0.57,0,1
OGLE_2013_BLG_1721L,OGLE-2013-BLG-1721L,6300,268.127,-30.2927,,5772,1,0.46,0,1
UKIRT_2017_BLG_001L,UKIRT-2017-BLG-001L,6300,266.654,-29.2114,,5772,1,0.81,0,1
KMT_2016_BLG_0212L,KMT-2016-BLG-0212L,6300,268.439,-29.0869,,5772,1,0.48,0,1
OGLE_2012_BLG_0838L,OGLE-2012-BLG-0838L,6320,273.003,-25.7116,,5772,1,0.4,0,1
OGLE_2019_BLG_0249L,OGLE-2019-BLG-0249L,6370,265.404,-34.7017,,5772,1,0.91,0,1
KMT_2023_BLG_0735L,KMT-2023-BLG-0735L,6390,267.576,-29.2029,,5772,1,0.61,0,1
OGLE_2014_BLG_1722L,OGLE-2014-BLG-1722L,6400,268.752,-31.4691,,5772,1,0.4,0,2
OGLE_2017_BLG_1806L,OGLE-2017-BLG-1806L,6400,266.623,-24.2723,,5772,1,0.38,0,1
KMT_2016_BLG_2605L,KMT-2016-BLG-2605L,6421,269.823,-26.982,,5772,1,0.064,0,1
MOA_2010_BLG_353L,MOA-2010-BLG-353L,6430,271.304,-27.2932,,5772,1,0.18,0,1
KMT_2016_BLG_2364L,KMT-2016-BLG-2364L,6440,265.716,-27.4356,,5772,1,0.5,0,1
KMT_2022_BLG_1790L,KMT-2022-BLG-1790L,6480,271.056,-27.0347,,5772,1,0.58,0,1
KMT_2021_BLG_0909L,KMT-2021-BLG-0909L,6480,265.62,-27.6391,,5772,1,0.38,0,1
KMT_2018_BLG_0030L,KMT-2018-BLG-0030L,6480,264.517,-28.0416,,5772,1,0.51,0,1
OGLE_2016_BLG_1800L,OGLE-2016-BLG-1800L,6480,269.903,-30.8654,,5772,1,0.41,0,1
KMT_2018_BLG_1743L,KMT-2018-BLG-1743L,6483,274.283,-26.3596,,5772,1,0.193,0,1
KMT_2017_BLG_1057L,KMT-2017-BLG-1057L,6500,265.486,-22.3351,,5772,1,0.57,0,1
KMT_2017_BLG_1146L,KMT-2017-BLG-1146L,6500,269.106,-33.1425,,5772,1,0.33,0,1
OGLE_2018_BLG_0977L,OGLE-2018-BLG-0977L,6500,268.506,-30.6048,,5772,1,0.47,0,1
MOA_2016_BLG_227L,MOA-2016-BLG-227L,6500,271.474,-27.7143,,5772,1,0.29,0,1
OGLE_2018_BLG_0962L,OGLE-2018-BLG-0962L,6500,268.175,-32.3092,,5772,1,0.54,0,1
KMT_2023_BLG_0332L,KMT-2023-BLG-0332L,6500,270.89,-27.2224,,5772,1,0.54,0,1
OGLE_2016_BLG_0263L,OGLE-2016-BLG-0263L,6500,269.895,-31.8186,,5772,1,0.13,0,1
MOA_2022_BLG_563L,MOA-2022-BLG-563L,6530,270.3,-27.8358,,5772,1,0.48,0,1
OGLE_2018_BLG_0298L,OGLE-2018-BLG-0298L,6540,264.284,-29.7091,,5772,1,0.69,0,1
KMT_2022_BLG_0303L,KMT-2022-BLG-0303L,6570,268.033,-22.6891,,5772,1,0.368,0,1
KMT_2025_BLG_1160L,KMT-2025-BLG-1160L,6580,268.86,-30.7249,K,5772,1,0.58,0,1
KMT_2021_BLG_0322L,KMT-2021-BLG-0322L,6600,270.912,-29.6044,,5772,1,0.62,0,1
KMT_2019_BLG_1042L,KMT-2019-BLG-1042L,6600,270.544,-27.5807,,5772,1,0.3,0,1
KMT_2021_BLG_0240L,KMT-2021-BLG-0240L,6600,267.577,-30.005,,5772,1,0.56,0,1
KMT_2016_BLG_1397L,KMT-2016-BLG-1397L,6600,272.665,-24.8577,,5772,1,0.45,0,1
OGLE_2005_BLG_390L,OGLE-2005-BLG-390L,6600,268.58,-30.3773,,5772,1,0.22,0,1
OGLE_2018_BLG_0932L,OGLE-2018-BLG-0932L,6620,268.351,-29.0218,,5772,1,0.72,0,1
KMT_2025_BLG_2272L,KMT-2025-BLG-2272L,6620,269.575,-27.7738,,5772,1,0.63,0,1
OGLE_2017_BLG_0640L,OGLE-2017-BLG-0640L,6630,267.465,-29.4615,,5772,1,0.32,0,1
KMT_2021_BLG_1253L,KMT-2021-BLG-1253L,6640,267.617,-29.2793,,5772,1,0.24,0,1
KMT_2019_BLG_1806L,KMT-2019-BLG-1806L,6640,270.538,-29.4149,,5772,1,0.74,0,1
KMT_2016_BLG_1107L,KMT-2016-BLG-1107L,6651,266.418,-26.0318,,5772,1,0.087,0,1
OGLE_2012_BLG_0724L,OGLE-2012-BLG-0724L,6700,268.968,-29.8185,M V,5772,1,0.29,0,1
OGLE_2015_BLG_1670L,OGLE-2015-BLG-1670L,6700,268.159,-28.5519,,5772,1,0.55,0,1
KMT_2018_BLG_1025L,KMT-2018-BLG-1025L,6705,269.866,-27.8781,,5772,1,0.219,0,1
KMT_2019_BLG_0298L,KMT-2019-BLG-0298L,6710,264.878,-27.6381,,5772,1,0.7,0,1
MOA_2013_BLG_220L,MOA-2013-BLG-220L,6720,270.985,-29.5447,,5772,1,0.88,0,1
KMT_2025_BLG_0030L,KMT-2025-BLG-0030L,6720,262.587,-29.4817,,5772,1,0.6,0,1
KMT_2018_BLG_0247L,KMT-2018-BLG-0247L,6760,264.56,-27.1504,,5772,1,0.29,0,1
OGLE_2016_BLG_1190L,OGLE-2016-BLG-1190L,6770,269.718,-27.6136,,5772,1,0.88,0,1
KMT_2023_BLG_0466L,KMT-2023-BLG-0466L,6800,270.61,-33.003,,5772,1,0.44,0,1
KMT_2021_BLG_2294L,KMT-2021-BLG-2294L,6800,270.062,-28.6124,,5772,1,0.14,0,1
OGLE_2008_BLG_355L,OGLE-2008-BLG-355L,6800,269.787,-30.7595,,5772,1,0.37,0,1
MOA_2016_BLG_319L,MOA-2016-BLG-319L,6800,268.742,-29.7505,,5772,1,0.15,0,1
OGLE_2019_BLG_1053L,OGLE-2019-BLG-1053L,6800,270.166,-27.3416,,5772,1,0.61,0,1
KMT_2023_BLG_1431L,KMT-2023-BLG-1431L,6800,271.184,-29.7439,,5772,1,0.57,0,1
KMT_2023_BLG_0548L,KMT-2023-BLG-0548L,6830,270.348,-27.1068,,5772,1,0.72,0,1
KMT_2018_BLG_0885L,KMT-2018-BLG-0885L,6890,268.966,-28.5134,,5772,1,0.29,0,1
MOA_2007_BLG_400L,MOA-2007-BLG-400L,6890,272.425,-29.2242,,5772,1,0.69,0,1
KMT_2021_BLG_1898L,KMT-2021-BLG-1898L,6900,265.692,-27.3758,,5772,1,0.48,0,1
KMT_2022_BLG_1551L,KMT-2022-BLG-1551L,6900,265.254,-27.5519,,5772,1,0.54,0,1
OGLE_2013_BLG_1761L,OGLE-2013-BLG-1761L,6900,268.409,-28.8953,,5772,1,0.33,0,1
KMT_2021_BLG_1770L,KMT-2021-BLG-1770L,6920,270.44,-27.4187,,5772,1,0.13,0,1
KMT_2016_BLG_1337L,KMT-2016-BLG-1337L,6920,269.13,-33.0342,M,5772,1,0.54,0,1
MOA_2016_BLG_526L,MOA-2016-BLG-526L,6930,266.668,-34.3861,,5772,1,0.37,0,1
KMT_2024_BLG_1005L,KMT-2024-BLG-1005L,6950,269.806,-28.7558,,5772,1,0.055,0,1
KMT_2021_BLG_0320L,KMT-2021-BLG-0320L,6950,269.388,-30.5039,,5772,1,0.32,0,1
OGLE_2019_BLG_0304L,OGLE-2019-BLG-0304L,6980,264.027,-26.146,,5772,1,0.27,0,1
KMT_2023_BLG_1642L,KMT-2023-BLG-1642L,6980,261.366,-29.0585,,5772,1,0.17,0,1
KMT_2023_BLG_1810L,KMT-2023-BLG-1810L,7000,270.615,-30.2776,,5772,1,0.56,0,1
KMT_2021_BLG_0736L,KMT-2021-BLG-0736L,7000,268.323,-29.7124,,5772,1,0.6,0,1
OGLE_2018_BLG_0516L,OGLE-2018-BLG-0516L,7000,269.64,-31.2624,,5772,1,0.47,0,1
KMT_2019_BLG_0371L,KMT-2019-BLG-0371L,7010,268.384,-31.555,,5772,1,0.09,0,1
KMT_2016_BLG_2142L,KMT-2016-BLG-2142L,7010,268.112,-29.3846,,5772,1,0.073,0,1
KMT_2018_BLG_0087L,KMT-2018-BLG-0087L,7020,264.327,-27.8321,,5772,1,0.1,0,1
KMT_2019_BLG_1953L,KMT-2019-BLG-1953L,7040,269.116,-28.2011,,5772,1,0.31,0,1
KMT_2017_BLG_2509L,KMT-2017-BLG-2509L,7040,265.59,-26.3172,,5772,1,0.46,0,1
MOA_2009_BLG_319L,MOA-2009-BLG-319L,7050,271.742,-26.8197,,5772,1,0.524,0,1
OGLE_2014_BLG_1760L,OGLE-2014-BLG-1760L,7056,269.409,-28.962,K,5772,1,0.803,0,1
OGLE_2018_BLG_0567L,OGLE-2018-BLG-0567L,7060,269.018,-27.9871,,5772,1,0.25,0,1
OGLE_2015_BLG_1771L,OGLE-2015-BLG-1771L,7070,268.799,-28.8627,,5772,1,0.077,0,1
KMT_2023_BLG_0469L,KMT-2023-BLG-0469L,7070,269.407,-28.7151,,5772,1,0.47,0,1
KMT_2021_BLG_2010L,KMT-2021-BLG-2010L,7090,268.009,-32.2698,,5772,1,0.37,0,1
KMT_2017_BLG_1003L,KMT-2017-BLG-1003L,7090,265.411,-24.3739,,5772,1,0.32,0,1
OGLE_2018_BLG_1011L,OGLE-2018-BLG-1011L,7100,269.014,-29.0829,,5772,1,0.18,0,2
MOA_2015_BLG_337L,MOA-2015-BLG-337L,7100,271.949,-28.1703,,5772,1,0.0094,0,1
KMT_2016_BLG_1836L,KMT-2016-BLG-1836L,7100,268.25,-30.0407,,5772,1,0.49,0,1
MOA_bin_29,MOA-bin-29,7120,269.376,-29.7366,,5772,1,0.03,0,1
KMT_2023_BLG_1743L,KMT-2023-BLG-1743L,7130,269.165,-28.8549,,5772,1,0.11,0,1
KMT_2024_BLG_1044L,KMT-2024-BLG-1044L,7140,271.564,-27.5926,,5772,1,0.069,0,1
KMT_2022_BLG_0371L,KMT-2022-BLG-0371L,7140,265.362,-34.6987,,5772,1,0.63,0,1
KMT_2024_BLG_1281L,KMT-2024-BLG-1281L,7180,270.169,-32.7142,,5772,1,0.32,0,1
KMT_2024_BLG_2087L,KMT-2024-BLG-2087L,7190,268.45,-29.2632,,5772,1,0.48,0,1
KMT_2023_BLG_1592L,KMT-2023-BLG-1592L,7200,268.679,-29.0084,,5772,1,0.55,0,1
KMT_2019_BLG_0953L,KMT-2019-BLG-0953L,7200,269.339,-28.6746,,5772,1,0.28,0,1
KMT_2021_BLG_1689L,KMT-2021-BLG-1689L,7200,269.579,-30.1453,,4570,1,0.58,0,1
MOA_2011_BLG_262L,MOA-2011-BLG-262L,7200,270.098,-31.2453,,5772,1,0.11,0,1
KMT_2023_BLG_1118L,KMT-2023-BLG-1118L,7200,272.614,-26.2727,,5772,1,0.09,0,1
KMT_2024_BLG_0404L,KMT-2024-BLG-0404L,7210,271.147,-27.9535,M,5772,1,0.09,0,2
MOA_2012_BLG_505L,MOA-2012-BLG-505L,7210,268.143,-32.0401,,5772,1,0.1,0,1
KMT_2023_BLG_1454L,KMT-2023-BLG-1454L,7220,267.62,-29.6227,,5772,1,0.17,0,1
KMT_2017_BLG_0849L,KMT-2017-BLG-0849L,7220,265.359,-25.2812,,5772,1,0.19,0,1
KMT_2021_BLG_0852L,KMT-2021-BLG-0852L,7230,265.831,-33.8918,,5772,1,0.75,0,1
KMT_2023_BLG_0830L,KMT-2023-BLG-0830L,7250,271.658,-28.3323,,5772,1,0.22,0,1
OGLE_2017_BLG_1099L,OGLE-2017-BLG-1099L,7250,263.964,-29.5859,,5772,1,0.45,0,1
KMT_2025_BLG_0026L,KMT-2025-BLG-0026L,7280,261.767,-29.2741,,5772,1,0.44,0,1
OGLE_2017_BLG_1691L,OGLE-2017-BLG-1691L,7290,263.594,-29.2848,,5772,1,0.45,0,1
KMT_2018_BLG_0748L,KMT-2018-BLG-0748L,7300,267.875,-30.6464,,5772,1,0.087,0,1
KMT_2019_BLG_0578L,KMT-2019-BLG-0578L,7300,269.485,-27.7949,,5772,1,0.28,0,1
KMT_2022_BLG_2286L,KMT-2022-BLG-2286L,7320,269.165,-28.8549,,5772,1,0.2,0,1
MOA_2011_BLG_028L,MOA-2011-BLG-028L,7380,270.854,-29.2134,,5772,1,0.75,0,1
OGLE_2018_BLG_1185L,OGLE-2018-BLG-1185L,7400,269.793,-27.8351,,5772,1,0.37,0,1
OGLE_2023_BLG_0766L,OGLE-2023-BLG-0766L,7400,269.83,-28.3247,,5772,1,0.39,0,1
KMT_2021_BLG_2609L,KMT-2021-BLG-2609L,7480,263.519,-27.5969,,5772,1,0.2,0,1
OGLE_2017_BLG_1522L,OGLE-2017-BLG-1522L,7490,270.319,-28.462,,5772,1,0.045,0,1
MOA_2020_BLG_208L,MOA-2020-BLG-208L,7490,268.433,-32.5893,,5772,1,0.43,0,1
KMT_2025_BLG_1616L,KMT-2025-BLG-1616L,7500,267.779,-30.1391,M V,5772,1,0.26,0,1
OGLE_2017_BLG_0448L,OGLE-2017-BLG-0448L,7530,268.669,-31.0319,,5772,1,0.5,0,1
MOA_2011_BLG_322L,MOA-2011-BLG-322L,7560,271.223,-27.2209,,5772,1,0.39,0,1
OGLE_2018_BLG_0677L,OGLE-2018-BLG-0677L,7580,268.751,-32.0165,,5772,1,0.12,0,1
OGLE_2018_BLG_1700L,OGLE-2018-BLG-1700L,7600,269.956,-28.5286,,5772,1,0.42,0,1
KMT_2024_BLG_2242L,KMT-2024-BLG-2242L,7620,268.415,-29.5603,,5772,1,0.069,0,1
KMT_2021_BLG_1554L,KMT-2021-BLG-1554L,7680,267.803,-31.8644,,5772,1,0.08,0,1
OGLE_2017_BLG_1275L,OGLE-2017-BLG-1275L,7690,267.915,-29.498,,5772,1,0.63,0,1
MOA_2008_BLG_310L,MOA-2008-BLG-310L,7700,268.561,-34.7781,,5772,1,0.21,0,1
OGLE_2018_BLG_0383L,OGLE-2018-BLG-0383L,7700,268.681,-28.7393,,5772,1,0.1,0,1
KMT_2022_BLG_1013L,KMT-2022-BLG-1013L,7710,264.709,-28.3557,,5772,1,0.18,0,1
KMT_2019_BLG_0335L,KMT-2019-BLG-0335L,7710,262.84,-29.5907,,5772,1,0.32,0,1
KMT_2024_BLG_2005L,KMT-2024-BLG-2005L,7720,268.408,-28.901,,5772,1,0.12,0,1
MOA_2011_BLG_293L,MOA-2011-BLG-293L,7720,268.914,-28.4768,,5772,1,0.86,0,1
OGLE_2014_BLG_0319L,OGLE-2014-BLG-0319L,7730,266.961,-33.935,M,5772,1,0.52,0,1
KMT_2017_BLG_2197L,KMT-2017-BLG-2197L,7800,262.611,-30.1593,,5772,1,0.36,0,1
OGLE_2016_BLG_0261L,OGLE-2016-BLG-0261L,7850,267.816,-30.4085,,5772,1,0.072,0,1
OGLE_2017_BLG_0364L,OGLE-2017-BLG-0364L,7860,265.228,-34.6176,,5772,1,0.49,0,1
OGLE_2018_BLG_1647L,OGLE-2018-BLG-1647L,7880,268.962,-31.817,,5772,1,0.092,0,1
MOA_2020_BLG_135L,MOA-2020-BLG-135L,7900,268.423,-29.8076,,5772,1,0.23,0,1
KMT_2025_BLG_0975L,KMT-2025-BLG-0975L,7923,267.574,-30.5875,M,5772,1,0.1,0,1
KMT_2025_BLG_0481L,KMT-2025-BLG-0481L,7980,265.356,-34.3717,,5772,1,0.22,0,1
KMT_2017_BLG_2331L,KMT-2017-BLG-2331L,8030,264.407,-29.4612,,5772,1,0.4,0,1
OGLE_2008_BLG_092L,OGLE-2008-BLG-092L,8100,267.541,-34.6732,,5772,1,0.71,0,1
OGLE_2016_BLG_1093L,OGLE-2016-BLG-1093L,8120,269.004,-32.7135,,5772,1,0.46,0,1
OGLE_2015_BLG_0051L,OGLE-2015-BLG-0051L,8200,269.663,-28.0317,,5772,1,0.1,0,1
KMT_2021_BLG_1077L,KMT-2021-BLG-1077L,8240,266.489,-33.8428,M V,5772,1,0.14,0,2
KMT_2024_BLG_0176L,KMT-2024-BLG-0176L,8340,266.532,-34.2106,,5772,1,0.103,0,1
SWEEPS_4,SWEEPS-4,8500,269.725,-29.1891,,5772,1.18,1.24,0,1
SWEEPS_11,SWEEPS-11,8500,269.758,-29.1982,,5772,1.45,1.1,0,1
Kepler_1737,Kepler-1737,-1,297.015,47.4864,,5043,0.881,0.834,-0.344,1
CD_35_2722_B,CD-35 2722 B,-1,92.33,-35.8255,L4.5 V,1800,0.159,0.035,-3.62,1
Kepler_1964,Kepler-1964,-1,297.059,49.4784,,4803,0.698,0.752,-0.631,1
Kepler_1910,Kepler-1910,-1,296.617,41.2812,,4234,0.639,0.636,-0.927,1
TOI_2977,TOI-2977,-1,143.927,-60.3575,,5691,1.073,0.936,0.03703,1
Kepler_1795,Kepler-1795,-1,286.479,39.2699,,4500,0.688,0.768,-0.757,1
Kepler_1855,Kepler-1855,-1,283.402,41.5162,,3460,0.356,0.385,-1.2949,1
PSR_B1620_26,PSR B1620-26,-1,245.909,-26.5316,,5772,1,1.35,0,1
MXB_1658_298,MXB 1658-298,-1,255.527,-29.9456,,5772,1,1.98,0,1
Kepler_1676,Kepler-1676,-1,287.237,43.5672,,5878.3,1.06066,1.07,0.0835,1
OGLE_2017_BLG_1140L,OGLE-2017-BLG-1140L,-1,266.883,-24.5227,,5772,1,0.211,0,1
Kepler_1984,Kepler-1984,-1,291.285,40.73,,3638,0.42,0.45,-1.55,1
Kepler_1985,Kepler-1985,-1,293.566,42.1326,,5370,0.966,0.877,-0.155,1
OGLE_2016_BLG_1227L,OGLE-2016-BLG-1227L,-1,265.597,-33.7598,,5772,1,0.1,0,1
Kepler_1813,Kepler-1813,-1,292.24,48.5115,,5167,0.787,0.812,-0.4,1
Kepler_1760,Kepler-1760,-1,284.133,48.8251,,5229,0.903,0.821,-0.26,1
Kepler_1945,Kepler-1945,-1,281.898,42.2858,,4991,0.804,0.767,-0.441,1
mu2_Sco,mu2 Sco,-1,253.084,-38.0176,B2 IV,21700,5.6,9.1,3.8,1
TOI_3540_A,TOI-3540 A,-1,328.911,28.1795,,5810,1.228,1.081,0.19005,1
WISE_J033605_05_014350_4,WISE J033605.05-014350.4,-1,54.021,-1.73069,,415,1,0.0131,0,1
M62H,M62H,-1,255.307,-30.107,,5772,1,1.4,0,1
2MASS_J11011926_7732383,2MASS J11011926-7732383,-1,165.33,-77.5441,,5772,1,1,0,1
SPECULOOS_3,SPECULOOS-3,-1,312.363,33.6124,M6.5+/-0.5,2800,0.123,0.1009,-3.07831,1
G_268_110,G 268-110,-1,16.2237,-18.1248,M5.0 V,5772,0.177,0.137,-2.63971,1
V2376_Ori,V2376 Ori,-1,83.8398,-5.35156,M,5772,1,0.45,0,1
Luhman_16_A,Luhman 16 A,-1,162.328,-53.3194,,5772,1,0.0338,-4.66,1
CFHTWIR_Oph_98_A,CFHTWIR-Oph 98 A,-1,246.934,-23.9811,M9-L1,2320,0.245,0.0147,-2.85,1
Kepler_1756,Kepler-1756,-1,294.365,40.7209,,4915,0.812,0.781,-0.459,1
