---,Name,Star,SemiMajorAu,Eccentricity,InclinationDeg,PeriodDays,RadiusEarth,MassEarth,EqTempK,DiscoveryYear
11_Com_b,11 Com b,11_Com,1.178,0.238,90,323.21,12.2,4914.9,803.26,2007
11_UMi_b,11 UMi b,11_UMi,1.53,0.08,90,516.22,12.3,4684.81,896.43,2009
14_And_b,14 And b,14_And,0.775,0,90,186.76,13.1,1131.15,909.92,2008
14_Her_b,14 Her b,14_Her,2.839,0.3683,146.7,1766.41,12.5,2828.67,147.32,2002
HD_145675_c,HD 145675 c,14_Her,20,0.52,116.3,15732.5,12.6,2510.84,55.51,2021
16_Cyg_B_b,16 Cyg B b,16_Cyg_B,1.66,0.68,90,798.5,13.5,565.737,228.76,1996
17_Sco_b,17 Sco b,17_Sco,1.45,0.06,90,578.38,12.9,1373.02,847.51,2020
18_Del_b,18 Del b,18_Del,2.476,0.024,90,982.85,12.5,2926.25,452.72,2008
1RXS_J160929_1_210524_b,1RXS J160929.1-210524 b,1RXS_J160929_1_210524,330,0,90,-1,18.647,3000,1700,2008
24_Boo_b,24 Boo b,24_Boo,0.194,0.032,90,30.33,13.9,280.642,1840.86,2018
24_Sex_b,24 Sex b,24_Sex,1.333,0.09,90,452.8,13.4,632.46,471.32,2010
24_Sex_c,24 Sex c,24_Sex,2.08,0.29,90,883,13.9,273.32,377.31,2010
2MASS_J01033563_5515561_AB_b,2MASS J01033563-5515561 AB b,2MASS_J01033563_5515561_A,84,0,90,-1,12.3,4131.79,-1,2013
2MASS_J01225093_2439505_b,2MASS J01225093-2439505 b,2MASS_J01225093_2439505,52,0,90,-1,11.209,7786.5,1600,2013
2MASS_J02192210_3925225_b,2MASS J02192210-3925225 b,2MASS_J02192210_3925225,156,0,90,-1,16.141,4417.84,6.27,2015
2MASS_J0249_0557_c,2MASS J0249-0557 c,2MASS_J0249_0557_A,1950,0,90,-1,17.3739,3616.89,1723,2018
2MASS_J03590986_2009361_b,2MASS J03590986+2009361 b,2MASS_J03590986_2009361,572,0,90,-1,12.2,5720.91,2369,2024
2M0437_b,2M0437 b,2MASS_J04372171_2651014,118,0,90,-1,13,1271.31,1450,2021
2MASS_J04414489_2301513_b,2MASS J04414489+2301513 b,2MASS_J04414489_2301513,15,0,90,-1,12.6,2383.6,17.6,2010
2MASS_J11011926_7732383_b,2MASS J11011926-7732383 b,2MASS_J11011926_7732383,266,0,90,-1,11.9,8899.2,2677,2024
2MASS_J11550485_7919108_b,2MASS J11550485-7919108 b,2MASS_J11550485_7919108,587,0,90,-1,12.1,6356.57,2506,2024
2MASS_J12073346_3932539_b,2MASS J12073346-3932539 b,2MASS_J12073346_3932539,46,0,90,-1,15.6926,1652.71,1163,2004
KOINTREAU_4_b,KOINTREAU-4 b,2MASS_J16262785_2625152,182,0,90,-1,12.2,4862.77,-1,2026
2MASS_J19383260_4603591_b,2MASS J19383260+4603591 b,2MASS_J19383260_4603591,0.92,0.33,90,406,13.4,603.877,669.65,2015
Kepler_451_d,Kepler-451 d,2MASS_J19383260_4603591,-1,0,90,43,13.5,559.378,-1,2022
Kepler_451_c,Kepler-451 c,2MASS_J19383260_4603591,-1,0.29,90,1460,13.5,511.704,-1,2022
2MASS_J21252752_8138278_b,2MASS J21252752-8138278 b,2MASS_J21252752_8138278,7493,0,90,-1,12.4,3813.94,1616,2024
2MASS_J22362452_4751425_b,2MASS J22362452+4751425 b,2MASS_J22362452_4751425,230,0,90,-1,12.3,3972.88,10.3,2016
2MASS_J22501512_2325342_b,2MASS J22501512+2325342 b,2MASS_J22501512_2325342,518,0,90,-1,11.9,9534.85,1600,2018
4_UMa_b,4 UMa b,4_UMa,0.877,0.453,90,270.27,12.6,2511.48,967.44,2006
47_UMa_b,47 UMa b,47_UMa,2.1,0.032,90,1078,13.2,804.08,215.23,1996
47_UMa_c,47 UMa c,47_UMa,3.6,0.098,90,2391,14.2,171.621,164.38,2001
47_UMa_d,47 UMa d,47_UMa,11.6,0.16,90,14002,13.5,521.22,91.58,2009
51_Eri_b,51 Eri b,51_Eri,10.4,0.57,141,9100,-1,3464.33,807,2015
51_Peg_b,51 Peg b,51_Peg,0.052,0.0063,49.8,4.2308,14.1,193.875,1328.93,1995
55_Cnc_e,55 Cnc e,55_Cnc,0.01544,0.05,83.59,0.736547,1.875,7.99,1958,2004
55_Cnc_b,55 Cnc b,55_Cnc,0.118,0.0029,89.73,14.6516,13.9,263.978,700,1996
55_Cnc_c,55 Cnc c,55_Cnc,0.247,0.088,89.73,44.3936,8.51,54.4738,499.27,2004
55_Cnc_f,55 Cnc f,55_Cnc,0.802,0.063,89.73,260.58,7.59,44.812,277.07,2007
55_Cnc_d,55 Cnc d,55_Cnc,5.6,0.0913,89.73,4799,13,1232.49,104.85,2002
55_Cnc_B_b,55 Cnc B b,55_Cnc_B,0.044,0,90,6.7994,1.69,3.5,395.41,2025
55_Cnc_B_c,55 Cnc B c,55_Cnc_B,0.13,0,90,33.747,2.16,5.3,230.04,2025
6_Lyn_b,6 Lyn b,6_Lyn,2.028,0.042,90,919.86,13.4,597.835,371.86,2008
61_Vir_b,61 Vir b,61_Vir,0.050201,0.12,90,4.215,2.11,5.1,1177.85,2009
61_Vir_c,61 Vir c,61_Vir,0.2175,0.14,90,38.021,4.46,18.2,565.87,2009
61_Vir_d,61 Vir d,61_Vir,0.476,0.35,90,123.01,5.11,22.9,382.51,2009
7_CMa_b,7 CMa b,7_CMa,1.758,0.06,90,735.1,13.4,587.986,387.33,2011
7_CMa_c,7 CMa c,7_CMa,2.153,0.08,90,996,13.9,276.512,350,2019
70_Vir_b,70 Vir b,70_Vir,0.481,0.3988,90,116.688,12.6,2380.45,525.24,1996
75_Cet_b,75 Cet b,75_Cet,1.912,0.093,90,696.62,13.3,787.897,540.31,2012
75_Cet_c,75 Cet c,75_Cet,3.929,0.023,90,2051.62,13.9,289.86,376.92,2023
8_UMi_b,8 UMi b,8_UMi,0.462,0.062,90,93.31,13.5,524.417,1126.38,2015
81_Cet_b,81 Cet b,81_Cet,2.104,0.037,90,1005.57,13.1,1051.06,526.92,2008
91_Aqr_b,91 Aqr b,91_Aqr,0.7,0.027,90,181.4,13.1,1017,891.73,2013
AB_Aur_b,AB Aur b,AB_Aur,93.9,0.4,42.6,-1,12.5,2860.46,83.63,2022
AB_Pic_b,AB Pic b,AB_Pic,260,0,90,-1,12.3,4290.5,15.8,2005
AF_Lep_b,AF Lep b,AF_Lep,8.996,0.015,57.5,8905,13,1147.36,1400,2023
AT2021ueyL_b,AT2021ueyL b,AT2021ueyL,4.01,0,90,4168.69,13.6,425.89,-1,2025
AU_Mic_b,AU Mic b,AU_Mic,0.07,0.07,88.39,8.46345,4.79,8.99,554.8,2020
AU_Mic_c,AU Mic c,AU_Mic,0.119,0.18,89.46,18.859,2.79,14.46,424.7,2021
AU_Mic_d,AU Mic d,AU_Mic,-1,0.00305,89.3181,12.736,1.02,1.053,-1,2023
AU_Mic_e,AU Mic e,AU_Mic,-1,0,90,33.11,4.87,21.1,-1,2025
BD_03_2562_b,BD+03 2562 b,BD_03_2562,1.3,0.2,90,481.9,12.7,2034.11,985.04,2017
BD_05_4868_A_b,BD+05 4868 A b,BD_05_4868_A,0.0208,0,90,1.27187,-1,6.2,1820,2025
BD_14_4559_b,BD+14 4559 b,BD_14_4559,0.78,0.29,90,268.94,13.8,330.543,246.28,2009
BD_15_2375_b,BD+15 2375 b,BD_15_2375,0.576,0.001,90,153.22,13.8,337.218,883.68,2016
BD_15_2940_b,BD+15 2940 b,BD_15_2940,0.539,0.26,90,137.48,13.7,352.78,1207.75,2013
BD_20_2457_b,BD+20 2457 b,BD_20_2457,1.45,0.15,90,379.63,12.1,6807.63,1159.67,2009
BD_20_2457_c,BD+20 2457 c,BD_20_2457,2.01,0.18,90,621.99,12.4,3963.17,984.96,2009
BD_20_274_b,BD+20 274 b,BD_20_274,1.3,0.21,90,578.2,13,1334.89,755.7,2012
BD_20_594_b,BD+20 594 b,BD_20_594,0.241,0,89.55,41.6855,2.57807,22.2481,546,2016
BD_37_3172_b,BD+37 3172 b,BD_37_3172,4.65,0.59,90,1887.76,12.4,3368.98,713.25,2023
BD_42_2315_b,BD+42 2315 b,BD_42_2315,0.54,0.73,90,123.05,14.2,174.806,1247.58,2023
BD_45_564_b,BD+45 564 b,BD_45_564,0.83,0.12,2.579,307.88,13.6,432.247,238.82,2021
BD_48_738_b,BD+48 738 b,BD_48_738,1,0.2,90,392.6,13.9,289.225,705.93,2011
BD_48_740_b,BD+48 740 b,BD_48_740,1.7,0.76,90,733,13.5,540.311,538.94,2018
BD_49_828_b,BD+49 828 b,BD_49_828,4.2,0.35,90,2590,13.5,508.5,320.63,2015
BD_55_362_b,BD+55 362 b,BD_55_362,0.78,0.27,0.6012,265.59,14,228.836,259.06,2021
BD_60_1417_b,BD+60 1417 b,BD_60_1417,1662,0,90,-1,14.6838,4767.43,1303,2021
BD_63_1405_b,BD+63 1405 b,BD_63_1405,2.06,0.88,5.974,1198.48,12.4,3305.42,150.69,2021
BD_06_1339_b,BD-06 1339 b,BD_06_1339,0.0428,0,0.3243,3.8728,-1,1523.03,834.97,2013
BD_06_1339_c,BD-06 1339 c,BD_06_1339,0.435,0.31,90,125.94,8.38,53,261.91,2013
BD_08_2823_b,BD-08 2823 b,BD_08_2823,0.06,0.15,0.2746,5.6,-1,2948.49,798.86,2009
BD_08_2823_c,BD-08 2823 c,BD_08_2823,0.68,0.19,90,237.6,12.5,104,233.85,2009
BD_10_3166_b,BD-10 3166 b,BD_10_3166,0.04,0.02,90,3.48777,14.1,187.52,1240.38,2000
BD_11_4672_c,BD-11 4672 c,BD_11_4672,0.3,0.4,90,74.2,4.04,15.37,320.21,2020
BD_11_4672_b,BD-11 4672 b,BD_11_4672,2.36,0.05,90,1634,14.1,206.589,114.17,2014
BD_13_2130_b,BD-13 2130 b,BD_13_2130,1.66,0.21,90,714.3,12.5,3108.38,744.77,2007
BD_14_3065_b,BD-14 3065 b,BD_14_3065_A,0.0656,0.066,80.78,4.28897,21.59,3932,2001,2024
BD_17_63_b,BD-17 63 b,BD_17_63,1.34,0.5439,80,655.57,12.8,1639.99,168.92,2008
BD_210397_b,BD-210397 b,BD_210397,2.63,0.1,90,1891,14,214,104.11,2023
BD_210397_c,BD-210397 c,BD_210397,5.9,0.43,33,6240,12.9,1525.58,69.51,2023
BEBOP_3_b,BEBOP-3 b,BEBOP_3,1.444,0.247,90,547,14.2,177.348,287.88,2025
BEBOP_4_AB_b,BEBOP-4 AB b,BEBOP_4_A,3.634,0.428,90,1823.5,-1,8358.89,239.44,2025
Barnard_d,Barnard d,Barnard_s_star,0.0188,0.04,90,2.3402,0.694,0.263,483,2025
Barnard_b,Barnard b,Barnard_s_star,0.0229,0.03,90,3.1542,0.72,0.299,438,2024
Barnard_c,Barnard c,Barnard_s_star,0.0274,0.08,90,4.1244,0.743,0.335,400,2025
Barnard_e,Barnard e,Barnard_s_star,0.0381,0.04,90,6.7392,0.637,0.193,340,2025
CD_Cet_b,CD Cet b,CD_Cet,0.0185,0,87.48,2.2907,1.82,3.95,464,2020
CD_35_2722_B_b,CD-35 2722 B b,CD_35_2722_B,0.2,0.27,90,171.11,13.9,292.402,77.39,2026
CFBDSIR_J145829_101343_b,CFBDSIR J145829+101343 b,CFBDSIR_J145829_101343,2.6,0,90,10037.5,12.4,3337.1,370,2011
CFHTWIR_Oph_98_b,CFHTWIR-Oph 98 b,CFHTWIR_Oph_98_A,200,0,90,8.04e+06,20.8487,2479.06,1800,2020
CHXR_73_b,CHXR 73 b,CHXR_73,210,0,90,-1,12.3,3994.49,-1,2006
CI_Tau_c,CI Tau c,CI_Tau,0.17,0.58,90,25.2,13,1144.18,610.62,2024
COCONUTS_2_b,COCONUTS-2 b,COCONUTS_2_A,7506,0,90,4.02e+08,12.5765,2383.71,493,2021
CT_Cha_b,CT Cha b,CT_Cha,440,0,90,-1,24.66,5403,2600,2007
CWISEP_J193518_59_154620_3_b,CWISEP J193518.59-154620.3 b,CWISEP_J193518_59_154620_3,2.48,0,90,-1,12.2,4926.34,390,2025
CoRoT_1_b,CoRoT-1 b,CoRoT_1,0.02752,0,85.1,1.50896,16.7,327.35,1898,2008
CoRoT_10_b,CoRoT-10 b,CoRoT_10,0.1055,0.53,88.55,13.2406,10.87,874,600,2010
CoRoT_11_b,CoRoT-11 b,CoRoT_11,0.0436,0,83.17,2.99433,16.03,740.51,1657,2010
CoRoT_12_b,CoRoT-12 b,CoRoT_12,0.04016,0.07,85.48,2.82804,16.14,291.438,1442,2010
CoRoT_13_b,CoRoT-13 b,CoRoT_13,0.051,0,88.02,4.03519,9.92,415.704,1700,2010
CoRoT_14_b,CoRoT-14 b,CoRoT_14,0.027,0,79.6,1.51214,12.22,2415.4,1952,2010
CoRoT_16_b,CoRoT-16 b,CoRoT_16,0.0618,0.33,85.01,5.35227,13.11,170.032,1195.53,2011
CoRoT_17_b,CoRoT-17 b,CoRoT_17,0.0461,0,88.34,3.7681,11.43,772.29,1626,2011
CoRoT_18_b,CoRoT-18 b,CoRoT_18,0.0295,0.08,86.5,1.90007,14.68,1102.82,1550,2011
CoRoT_19_b,CoRoT-19 b,CoRoT_19,0.0518,0.047,88,3.89713,14.46,352.78,2000,2011
CoRoT_2_b,CoRoT-2 b,CoRoT_2,0.02798,0.0143,88.08,1.74299,16.432,1102.82,1521,2008
CoRoT_20_b,CoRoT-20 b,CoRoT_20,0.09,0.59,88.21,9.24285,9.41556,1366.67,1024,2011
CoRoT_20_c,CoRoT-20 c,CoRoT_20,2.9,0.6,90,1675,12.2,5403.11,168.16,2018
CoRoT_21_b,CoRoT-21 b,CoRoT_21,0.0417,0,86.8,2.72474,14.5717,718.296,2044.44,2012
CoRoT_22_b,CoRoT-22 b,CoRoT_22,0.092,0.077,89.749,9.75598,4.88,12.2,885,2014
CoRoT_23_b,CoRoT-23 b,CoRoT_23,0.048,0.16,85.7,3.6313,11.77,889.9,1660,2011
CoRoT_24_b,CoRoT-24 b,CoRoT_24,0.056,0,86.5,5.1134,3.7,5.7,1070,2014
CoRoT_24_c,CoRoT-24 c,CoRoT_24,0.098,0,89,11.759,5,28,850,2014
CoRoT_25_b,CoRoT-25 b,CoRoT_25,0.0578,0,84.5,4.86069,12.11,85.81,1330,2013
CoRoT_26_b,CoRoT-26 b,CoRoT_26,0.0526,0,86.8,4.20474,14.12,165.26,1600,2013
CoRoT_27_b,CoRoT-27 b,CoRoT_27,0.0476,0.065,86.7,3.57532,11.287,3302.11,1500,2014
CoRoT_28_b,CoRoT-28 b,CoRoT_28,0.0603,0.047,88.1,5.20851,10.7046,153.83,1349.25,2015
CoRoT_29_b,CoRoT-29 b,CoRoT_29,0.0386,0.082,87.3,2.85057,10.0881,270.156,1224.75,2015
CoRoT_3_b,CoRoT-3 b,CoRoT_3,0.05783,0,85.9,4.2568,11.32,6883.91,1695,2008
CoRoT_30_b,CoRoT-30 b,CoRoT_30,0.0844,0.007,90,9.06005,11.3099,921.707,894.6,2020
CoRoT_31_b,CoRoT-31 b,CoRoT_31,0.0586,0.02,83.2,4.62941,16.3651,266.977,1664.86,2020
CoRoT_32_b,CoRoT-32 b,CoRoT_32,0.071,0,89,6.71837,6.38913,47.6745,938,2018
CoRoT_35_b,CoRoT-35 b,CoRoT_35,0.0429,0,84.1,3.22748,18.8311,349.611,1747,2022
CoRoT_36_b,CoRoT-36 b,CoRoT_36,0.066,0,85.83,5.61653,15.8047,216.123,1567,2022
CoRoT_4_b,CoRoT-4 b,CoRoT_4,0.09,0,90,9.20205,13.34,228.83,1074,2008
CoRoT_5_b,CoRoT-5 b,CoRoT_5,0.04947,0.09,85.83,4.0379,15.558,148.42,1438,2009
CoRoT_6_b,CoRoT-6 b,CoRoT_6,0.0855,0.1,89.07,8.88659,13.068,940.74,1017,2009
CoRoT_7_b,CoRoT-7 b,CoRoT_7,0.017016,0,80.1,0.853592,1.68135,4.07661,1756,2009
CoRoT_7_c,CoRoT-7 c,CoRoT_7,0.046,0,80,3.698,2.83,8.4,1098.59,2009
CoRoT_7_d,CoRoT-7 d,CoRoT_7,-1,0,90,8.966,4.31,17.142,-1,2022
CoRoT_8_b,CoRoT-8 b,CoRoT_8,0.063,0,88.4,6.21229,6.39,69.92,870,2010
CoRoT_9_b,CoRoT-9 b,CoRoT_9,0.4021,0.133,89.9,95.2727,11.9488,266.977,420,2009
DE_CVn_b,DE CVn b,DE_CVn,5.75,0,86,4098.1,12.4,3823.27,46.91,2018
DENIS_P_J082303_1_491201_b,DENIS-P J082303.1-491201 b,DENIS_P_J082303_1_491201,0.36,0.345,56.6,246.36,11.9,9057.77,-1,2013
DH_Tau_b,DH Tau b,DH_Tau,330,0,90,-1,30.2643,3496,2200,2004
DMPP_1_d,DMPP-1 d,DMPP_1,0.04467,0.36,90,3.1417,2.02,4.72,1632,2019
DMPP_1_e,DMPP-1 e,DMPP_1,0.0651,0.07,90,5.516,1.86,4.13,1314,2019
DMPP_1_c,DMPP-1 c,DMPP_1,0.0973,0.22,90,10.03,3.31,10.94,1239,2019
DMPP_1_b,DMPP-1 b,DMPP_1,0.1423,0.2,90,17.812,4.26,16.8,877,2019
DMPP_2_c,DMPP-2 c,DMPP_2,0.04789,0.28,90,3.168,8.26,51.79,1910.88,2026
DMPP_2_b,DMPP-2 b,DMPP_2,0.06638,0.06,90,5.203,14.2,171.48,1000,2019
DMPP_2_d,DMPP-2 d,DMPP_2,0.1432,0.1,90,16.491,11.6,91.79,1105.06,2026
DMPP_3_A_b,DMPP-3 A b,DMPP_3_A,0.05958,0.42,90,5.59,1.44,2.67,854,2019
DMPP_4_b,DMPP-4 b,DMPP_4,0.04853,0.063,90,3.4982,3.53,12.2,1645.69,2023
DMPP_6_b,DMPP-6 b,DMPP_6,0.0779,0.34,90,7.6027,2.28,5.8,1203.65,2026
DMPP_6_c,DMPP-6 c,DMPP_6,0.2206,0.31,90,36.441,3.74,13.47,715.27,2026
DMPP_7_b,DMPP-7 b,DMPP_7,0.0607,0.054,90,4.92666,9.78,68.958,1456,2026
DMPP_8_b,DMPP-8 b,DMPP_8,0.3098,0.275,90,62.915,10.8,81.09,579.7,2026
DMPP_9_b,DMPP-9 b,DMPP_9,0.1097,0.25,90,12.733,3.89,14.43,995.58,2026
DP_Leo_b,DP Leo b,DP_Leo,8.19,0.39,90,10220,12.7,1995.89,24.39,2009
DS_Tuc_A_b,DS Tuc A b,DS_Tuc_A,-1,0,89.5,8.13827,5.7,413.179,850,2019
EPIC_201170410_02,EPIC 201170410.02,EPIC_201170410,0.0349,0,89.0025,6.7987,1.047,1.15,500.03,2020
EPIC_201238110_b,EPIC 201238110 b,EPIC_201238110,-1,0,90,28.1656,1.87,4.16,-1,2019
EPIC_201427007_b,EPIC 201427007 b,EPIC_201427007,-1,0,88.5,0.72091,1.5,2.86,-1,2021
EPIC_201497682_b,EPIC 201497682 b,EPIC_201497682,-1,0,90,2.13174,0.692,0.26,-1,2019
EPIC_201595106_b,EPIC 201595106 b,EPIC_201595106,0.0177,0,78.2,0.87724,1.565,7.67,2038,2021
K2_360_c,K2-360 c,EPIC_201595106,0.0883,0.11,90,9.79692,4.02,15.23,912,2024
EPIC_201757695_02,EPIC 201757695.02,EPIC_201757695,0.0296,0,89.2757,2.0478,0.90819,0.688,1025.29,2020
EPIC_201841433_b,EPIC 201841433 b,EPIC_201841433,0.035,0,89.001,4.1698,1.04,1.12,1032.49,2019
EPIC_206024342_c,EPIC 206024342 c,EPIC_206024342,-1,0,91.7,0.911724,1.4,2.54,-1,2021
EPIC_206024342_b,EPIC 206024342 b,EPIC_206024342,-1,0,90,4.50756,1.7,3.53,-1,2019
EPIC_206024342_d,EPIC 206024342 d,EPIC_206024342,-1,0,90,14.6475,2.6,7.27,-1,2021
EPIC_206032309_b,EPIC 206032309 b,EPIC_206032309,-1,0,90,2.87814,1.01,1.01,-1,2019
EPIC_206042996_c,EPIC 206042996 c,EPIC_206042996,-1,0,89.9,0.354884,1.2,1.87,-1,2021
EPIC_206042996_b,EPIC 206042996 b,EPIC_206042996,-1,0,90.5,5.2986,1.7,3.53,-1,2019
EPIC_206215704_b,EPIC 206215704 b,EPIC_206215704,-1,0,89.9,2.25544,1,0.972,-1,2019
EPIC_206317286_b,EPIC 206317286 b,EPIC_206317286,-1,0,90,1.58252,0.96,0.84,-1,2019
EPIC_206317286_c,EPIC 206317286 c,EPIC_206317286,-1,0,90,17.5155,2.094,5.03,-1,2022
EPIC_211822797_b,EPIC 211822797 b,EPIC_211822797,0.1195,0.06,89.73,21.1702,1.92,4.35,431,2016
EPIC_211945201_b,EPIC 211945201 b,EPIC_211945201,0.1493,0,87.9,19.4922,5.76,11,817,2018
EPIC_212297394_b,EPIC 212297394 b,EPIC_212297394,-1,0,90,2.28936,1.48,2.79,1149,2019
EPIC_212297394_c,EPIC 212297394 c,EPIC_212297394,-1,0,90,5.21396,2.27,5.77,866,2021
EPIC_212424622_b,EPIC 212424622 b,EPIC_212424622,-1,0,90,18.0983,2.17,5.35,-1,2019
EPIC_212499991_b,EPIC 212499991 b,EPIC_212499991,-1,0,90,34.885,1.6,3.19,-1,2019
EPIC_212587672_b,EPIC 212587672 b,EPIC_212587672,-1,0,90,15.2808,1.26,2.13,756,2019
EPIC_212587672_c,EPIC 212587672 c,EPIC_212587672,-1,0,89.4211,23.2286,2.32,5.99,658,2021
EPIC_212624936_b,EPIC 212624936 b,EPIC_212624936,-1,0,90.3,0.578657,1.2,1.87,-1,2021
EPIC_212624936_c,EPIC 212624936 c,EPIC_212624936,-1,0,90,11.8114,2.3,5.9,-1,2021
EPIC_212737443_b,EPIC 212737443 b,EPIC_212737443,0.098,0.2,89.071,13.603,2.586,7.2,536,2019
EPIC_212737443_c,EPIC 212737443 c,EPIC_212737443,0.28,0.2,89.63,65.55,2.69,7.7,316,2019
EPIC_220492298_b,EPIC 220492298 b,EPIC_220492298,-1,0,92.6,0.762406,0.99,0.937,-1,2021
EPIC_220674823_b,EPIC 220674823 b,EPIC_220674823,0.0132,0,88.5,0.571308,1.606,7.54,2324,2016
EPIC_220674823_c,EPIC 220674823 c,EPIC_220674823,0.1078,0.18,89.34,13.3406,2.712,7.9,838,2016
EPIC_228836835_b,EPIC 228836835 b,EPIC_228836835,-1,0,89.7,0.728113,1.1,1.37,932,2021
EPIC_229004835_b,EPIC 229004835 b,EPIC_229004835,0.1237,0.23,88.08,16.1411,2.332,10.4,804,2023
EPIC_246851721_b,EPIC 246851721 b,EPIC_246851721,0.07229,0,86.21,6.18023,11.7807,953.49,1401,2018
EPIC_248847494_b,EPIC 248847494 b,EPIC_248847494,4.5,0,89.87,3650,12.442,4131.79,183,2018
EPIC_249893012_b,EPIC 249893012 b,EPIC_249893012,0.047,0.06,86.14,3.5951,1.95,8.75,1616,2020
EPIC_249893012_c,EPIC 249893012 c,EPIC_249893012,0.13,0.07,87.94,15.624,3.67,14.67,990,2020
EPIC_249893012_d,EPIC 249893012 d,EPIC_249893012,0.22,0.15,89.47,35.747,3.94,10.18,752,2020
FU_Tau_b,FU Tau b,FU_Tau,800,0,90,-1,12.2,5085.28,2375,2008
G_192_15_b,G 192-15 b,G_192_15,0.01723,0,90,2.27476,1.02,1.03,453.6,2025
G_192_15_c,G 192-15 c,G_192_15,1.137,0.676,90,1219,3.87,14.3,55.9,2025
G_196_3_b,G 196-3 b,G_196_3,350,0,90,-1,12,8263.54,1670,2024
G_261_6_b,G 261-6 b,G_261_6,0.02971,0,90,5.4536,1.1,1.37,322.3,2025
G_264_012_b,G 264-012 b,G_264_012,0.02279,0,90,2.30538,1.39,2.5,587,2021
G_264_012_c,G 264-012 c,G_264_012,0.0525,0,90,8.0518,1.76,3.75,387,2021
G_268_110_b,G 268-110 b,G_268_110,0.01283,0,90,1.43263,1.13,1.52,534,2025
G_9_40_b,G 9-40 b,G_9_40,0.0418,0,89.03,5.746,1.9,4,440.6,2019
GJ_1002_b,GJ 1002 b,GJ_1002,0.0457,0,90,10.3465,1.03,1.08,230.9,2022
GJ_1002_c,GJ 1002 c,GJ_1002,0.0738,0,90,21.202,1.1,1.36,181.7,2022
GJ_1061_b,GJ 1061 b,GJ_1061,0.021,0.05,77,3.2073,1.04,1.11,388.11,2020
GJ_1061_c,GJ 1061 c,GJ_1061,0.0342,0.02,90,6.6821,1.19,1.81,304.12,2020
GJ_1061_d,GJ 1061 d,GJ_1061,0.054,0.04,90,13.066,1.16,1.67,242.03,2020
GJ_1132_b,GJ 1132 b,GJ_1132,0.0157,0.0118,88.16,1.62893,1.19151,1.83705,583.8,2015
GJ_1132_c,GJ 1132 c,GJ_1132,0.0476,0.19,90,8.929,1.52,2.91,300,2018
GJ_1148_b,GJ 1148 b,GJ_1148,0.166,0.38,90,41.38,11.9,96.7,232.94,2010
GJ_1148_c,GJ 1148 c,GJ_1148,0.912,0.342,90,532.58,9.71,68.06,99.38,2017
GJ_1151_c,GJ 1151 c,GJ_1151,0.5714,0,90,389.7,3.25,10.62,88.3,2023
GJ_1214_b,GJ 1214 b,GJ_1214,0.01505,0.0062,88.98,1.5804,2.733,8.41,567,2009
GJ_1252_b,GJ 1252 b,GJ_1252,0.00915,0,85,0.518233,1.193,1.32,1090,2020
GJ_1265_b,GJ 1265 b,GJ_1265,0.026,0.04,90,3.6511,2.63,7.4,424.04,2018
GJ_1289_b,GJ 1289 b,GJ_1289,0.27,0,90,111.74,2.38,6.27,150,2024
HD_21749_c,HD 21749 c,GJ_143,0.0695,0,88.9,7.78993,0.892,3.7,701,2019
GJ_143_b,GJ 143 b,GJ_143,0.1915,0.188,89.33,35.6125,2.61,22.7,422,2019
GJ_15_A_b,GJ 15 A b,GJ_15_A,0.072,0.094,90,11.4407,1.55,3.03,550,2014
GJ_15_A_c,GJ 15 A c,GJ_15_A,5.4,0.27,90,7600,6.67,36,46.14,2018
GJ_160_2_b,GJ 160.2 b,GJ_160_2,0.053,0.06,90,5.2354,3.17,10.2,736.99,2014
GJ_163_b,GJ 163 b,GJ_163,0.0607,0.073,90,8.63182,3.25,10.6,438.49,2013
GJ_163_c,GJ 163 c,GJ_163,0.1254,0.099,90,25.6306,2.5,6.8,305.07,2013
GJ_163_d,GJ 163 d,GJ_163,1.0304,0.373,90,603.951,5.92,29.4,106.43,2013
GJ_179_b,GJ 179 b,GJ_179,2.41,0.21,61,2288,13.8,301.937,64.53,2009
GJ_180_b,GJ 180 b,GJ_180,0.092,0.07,90,17.133,2.43,6.49,344.43,2014
GJ_180_c,GJ 180 c,GJ_180,0.129,0.09,90,24.329,2.41,6.4,290.87,2014
GJ_180_d,GJ 180 d,GJ_180,0.309,0.14,90,106.3,2.66,7.56,187.94,2020
GJ_2030_b,GJ 2030 b,GJ_2030,0.034,0.239,90,2.38129,2.03,4.76743,2147.31,2022
GJ_2030_c,GJ 2030 c,GJ_2030,16.761,0.041,16.999,25533.1,12.3,4069.16,96.71,2022
GJ_2056_b,GJ 2056 b,GJ_2056,0.283,0.72,90,69.971,4.17,16.2,310.74,2020
GJ_2126_b,GJ 2126 b,GJ_2126,0.71,0.85,90,272.7,13.6,413.177,203.08,2025
GJ_229_A_c,GJ 229 A c,GJ_229,0.384,0.366,90,121.933,2.87,8.58137,188.1,2020
GJ_229_b,GJ 229 b,GJ_229,1.086,0.404,90,579.475,3.97,14.9379,111.85,2014
GJ_238_b,GJ 238 b,GJ_238,0.02123,0,89.99,1.7447,0.566,0.126,758,2024
GJ_251_b,GJ 251 b,GJ_251,0.0808,0,90,14.237,1.79,3.85,336,2020
GJ_251_c,GJ 251 c,GJ_251,0.196,0,90,53.647,1.8,3.88,216,2025
GJ_27_1_b,GJ 27.1 b,GJ_27_1,0.101,0.08,90,15.819,3.66,13,387.13,2014
GJ_273_c,GJ 273 c,GJ_273,0.036467,0.17,90,4.7234,1.06,1.18,462.26,2017
GJ_273_b,GJ 273 b,GJ_273,0.091101,0.1,90,18.6498,1.51,2.89,292.47,2017
GJ_3021_b,GJ 3021 b,GJ_3021,0.49,0.511,90,133.71,13.1,1071.04,350,2000
GJ_3082_b,GJ 3082 b,GJ_3082,0.079,0.22,90,11.949,2.79,8.2,457.53,2020
GJ_3090_b,GJ 3090 b,GJ_3090,0.0316,0.25,86.9,2.8531,2.18,4.52,723,2022
GJ_3090_c,GJ 3090 c,GJ_3090,0.0997,0,90,15.9407,3.14,10,407.2,2026
GJ_3138_b,GJ 3138 b,GJ_3138,0.0197,0.19,90,1.22003,1.18,1.78,902.98,2017
GJ_3138_c,GJ 3138 c,GJ_3138,0.057,0.11,90,5.974,1.88,4.18,530.85,2017
GJ_3138_d,GJ 3138 d,GJ_3138,0.698,0.32,90,257.8,3.23,10.5,151.7,2017
GJ_317_b,GJ 317 b,GJ_317,1.138,0.0826,45,695.69,13.3,794.5,100.32,2007
GJ_317_c,GJ 317 c,GJ_317,5.04,0.217,90,6500,13.6,454.495,47.67,2016
GJ_3222_b,GJ 3222 b,GJ_3222,0.091,0.929,90,10.6667,3.4,11.4418,811.06,2022
GJ_328_c,GJ 328 c,GJ_328,0.657,0,90,241.8,4.91,21.4,184.01,2023
GJ_328_b,GJ 328 b,GJ_328,4.11,0.227,90,3771,13.3,797.749,73.57,2013
GJ_3293_e,GJ 3293 e,GJ_3293,0.08208,0.21,90,13.2543,1.63,3.28,370.79,2017
GJ_3293_b,GJ 3293 b,GJ_3293,0.14339,0.06,90,30.5987,5.19,23.54,280.54,2015
GJ_3293_d,GJ 3293 d,GJ_3293,0.19394,0.12,90,48.1345,2.67,7.6,241.22,2017
GJ_3293_c,GJ 3293 c,GJ_3293,0.36175,0.11,90,122.62,4.87,21.09,176.62,2015
GJ_3323_b,GJ 3323 b,GJ_3323,0.03282,0.23,90,5.3636,1.23,2.02,290.06,2017
GJ_3323_c,GJ 3323 c,GJ_3323,0.1264,0.17,90,40.54,1.32,2.31,147.8,2017
GJ_3341_b,GJ 3341 b,GJ_3341,0.089,0.31,90,14.207,2.46,6.6,377.62,2015
GJ_3378_b,GJ 3378 b,GJ_3378,0.09673,0,90,21.45,1.32,2.3,272,2026
GJ_338_B_b,GJ 338 B b,GJ_338_B,0.142,0.109,90,24.422,3.25,10.6,391,2020
GJ_341_b,GJ 341 b,GJ_341,-1,0,89.24,7.57686,0.88,4,629,2025
GJ_3470_b,GJ 3470 b,GJ_3470,0.0355,0.017,89.13,3.33665,4.57,13.9,593.5,2012
GJ_3473_b,GJ 3473 b,GJ_3473,0.01589,0,87.95,1.198,1.264,1.86,773,2020
GJ_3473_c,GJ 3473 c,GJ_3473,0.0876,0,90,15.509,2.63,7.41,329.1,2020
GJ_3512_b,GJ 3512 b,GJ_3512,0.3376,0.4279,90,203.109,14.3,146.519,97.19,2019
GJ_3512_c,GJ 3512 c,GJ_3512,1.731,0.089,90,2354,14.3,143.976,42.92,2020
GJ_357_b,GJ 357 b,GJ_357,0.036,0,89.228,3.9306,1.2,1.83,518,2019
GJ_357_c,GJ 357 c,GJ_357,0.061,0,90,9.1247,1.66,3.4,401.2,2019
GJ_357_d,GJ 357 d,GJ_357,0.204,0,90,55.661,2.34,6.1,219.6,2019
GJ_3634_b,GJ 3634 b,GJ_3634,0.0287,0.08,59,2.64561,2.83,8.4,656.45,2010
GJ_367_b,GJ 367 b,GJ_367,0.0071,0,78.6,0.321923,0.736,0.503,1329,2021
GJ_367_c,GJ 367 c,GJ_367,-1,0.09,90,11.5301,1.86,4.13,-1,2023
GJ_367_d,GJ 367 d,GJ_367,-1,0.14,90,34.369,2.33,6.03,-1,2023
GJ_3779_b,GJ 3779 b,GJ_3779,0.026,0.07,90,3.0232,2.75,8,526.94,2018
GJ_3929_b,GJ 3929 b,GJ_3929,0.0252,0,88.442,2.61624,1.09,1.75,568,2022
GJ_3929_c,GJ 3929 c,GJ_3929,0.081,0,90,15.04,2.26,5.71,317,2022
GJ_393_b,GJ 393 b,GJ_393,0.05402,0,90,7.02679,1.17,1.71,485,2021
GJ_3942_b,GJ 3942 b,GJ_3942,0.0608,0.121,90,6.905,2.57,7.14,590,2017
GJ_3988_b,GJ 3988 b,GJ_3988,0.0405,0,90,6.9442,1.74,3.69,348,2023
GJ_3998_b,GJ 3998 b,GJ_3998,0.03,0,90,2.65033,1.39,2.5,733.5,2016
GJ_3998_c,GJ 3998 c,GJ_3998,0.09,0,90,13.727,2.5,6.82,423.49,2016
GJ_3998_d,GJ 3998 d,GJ_3998,0.189,0,90,41.78,2.34,6.07,292.23,2025
GJ_411_b,GJ 411 b,GJ_411,0.07879,0.063,90,12.9394,1.45,2.69,349.83,2019
HD_95735_c,HD 95735 c,GJ_411,2.94,0.132,90,2946,3.76,13.6,63.49,2021
GJ_414_A_b,GJ 414 A b,GJ_414_A,0.2324,0.45,90,50.8,2.63,7.6,308.6,2021
GJ_414_A_c,GJ 414 A c,GJ_414_A,1.4,0.105,90,749.83,8.4,53.83,124.7,2021
GJ_422_b,GJ 422 b,GJ_422,0.111,0.11,90,20.129,3.33,11.07,292.68,2014
GJ_4274_b,GJ 4274 b,GJ_4274,0.0153,0,90,1.6339,1.53,2.97,548.53,2026
GJ_4274_c,GJ 4274 c,GJ_4274,0.186,0,90,69.57,2.83,8.39,157.32,2026
GJ_4276_b,GJ 4276 b,GJ_4276,0.082,0.37,90,13.352,4.22,16.57,363.86,2019
GJ_433_b,GJ 433 b,GJ_433,0.062,0.04,90,7.3705,2.33,6.043,473.94,2013
GJ_433_d,GJ 433 d,GJ_433,0.178,0.07,90,36.059,2.14,5.223,279.71,2020
GJ_433_c,GJ 433 c,GJ_433,4.819,0.12,90,5094.1,6.27,32.422,53.76,2014
GJ_436_b,GJ 436 b,GJ_436,0.0291,0.13827,86.44,2.64388,4.17,22.1,686,2004
GJ_463_b,GJ 463 b,GJ_463,3.53,0.146,152,3459,13.1,1080.62,63.55,2022
GJ_480_b,GJ 480 b,GJ_480,0.068,0,90,9.5536,2.91,8.8,406,2020
GJ_486_b,GJ 486 b,GJ_486,0.01714,0.00086,89.39,1.46712,1.289,2.77,696.3,2021
GJ_504_b,GJ 504 b,GJ_504,43.5,0,90,-1,12.1057,1271.3,510,2013
GJ_508_2_b,GJ 508.2 b,GJ_508_2,4.85,0.27,90,5300,-1,587.983,59.3,2025
GJ_514_b,GJ 514 b,GJ_514,0.422,0.45,90,140.43,2.13,5.2,202,2022
GJ_536_b,GJ 536 b,GJ_536,0.0668,0,90,8.70874,2.41,6.37,451,2016
GJ_536_c,GJ 536 c,GJ_536,0.1617,0,90,32.761,2.3,5.89,290.5,2025
GJ_581_e,GJ 581 e,GJ_581,0.02799,0.012,47,3.1481,1.38,2.48,554.37,2009
GJ_581_b,GJ 581 b,GJ_581,0.0399,0.0342,47,5.3686,4.79,20.5,464.32,2005
GJ_581_c,GJ 581 c,GJ_581,0.0718,0.032,47,12.9211,2.5,6.81,346.13,2007
GJ_625_b,GJ 625 b,GJ_625,0.078361,0.13,90,14.628,1.49,2.82,335.59,2017
GJ_649_b,GJ 649 b,GJ_649,1.112,0.083,90,600.1,10.8,81.9997,120.74,2009
GJ_667_C_b,GJ 667 C b,GJ_667_C,0.050431,0.2,90,7.203,2.25,5.68,-1,2012
GJ_667_C_c,GJ 667 C c,GJ_667_C,0.125,0.02,90,28.14,1.77,3.8,-1,2013
GJ_667_C_f,GJ 667 C f,GJ_667_C,0.156,0.03,90,39.026,1.45,2.7,-1,2013
GJ_667_C_e,GJ 667 C e,GJ_667_C,0.213,0.02,90,62.24,1.45,2.7,-1,2013
GJ_667_C_g,GJ 667 C g,GJ_667_C,0.549,0.08,90,256.2,1.99,4.6,-1,2013
GJ_674_b,GJ 674 b,GJ_674,0.039,0.2,90,4.6938,3.33,11.09,530.8,2007
GJ_676_A_d,GJ 676 A d,GJ_676_A,0.039,0.192,90,3.60076,1.78,3.81394,757.36,2012
GJ_676_A_e,GJ 676 A e,GJ_676_A,0.181,0.152,90,35.4736,2.47,6.6744,351.55,2012
GJ_676_A_b,GJ 676 A b,GJ_676_A,1.735,0.319,48.919,1051.45,12.8,1840.86,113.55,2010
GJ_676_A_c,GJ 676 A c,GJ_676_A,9.726,0.295,33.69,13921.4,12.3,4288.14,47.96,2016
GJ_680_b,GJ 680 b,GJ_680,10.138,0.381,21.984,17281.7,12,7977.49,36.57,2022
GJ_682_b,GJ 682 b,GJ_682,0.08,0.08,90,17.478,1.93,4.4,281.93,2014
GJ_682_c,GJ 682 c,GJ_682,0.176,0.1,90,57.32,2.89,8.7,190.08,2014
GJ_685_b,GJ 685 b,GJ_685,0.1344,0,90,24.16,2.95,9,368.84,2019
GJ_687_b,GJ 687 b,GJ_687,0.163,0.17,90,38.142,4.32,17.2,263.65,2014
GJ_687_c,GJ 687 c,GJ_687,1.165,0.4,90,727.562,4.14,16,98.62,2020
GJ_720_A_b,GJ 720 A b,GJ_720_A,0.119,0.12,90,19.466,3.77,13.64,401,2021
GJ_724_b,GJ 724 b,GJ_724,0.04685,0.577,90,5.10128,3.27,10.75,611,2023
GJ_740_b,GJ 740 b,GJ_740,0.029,0.24,90,2.37756,1.53,2.96,829,2021
GJ_806_b,GJ 806 b,GJ_806,0.01406,0,87.7,0.926324,1.331,1.9,940,2023
GJ_806_c,GJ 806 c,GJ_806,0.0523,0,90,6.64064,2.28,5.8,490,2023
GJ_832_b,GJ 832 b,GJ_832,3.7,0.05,51,3853,13.8,314.65,57.84,2008
GJ_849_b,GJ 849 b,GJ_849,2.32,0.029,90,1925.31,13.9,283.821,73.63,2006
GJ_849_c,GJ 849 c,GJ_849,4.95,0.092,90,5990,13.8,314.65,50.41,2014
GJ_86_b,GJ 86 b,GJ_86,0.11,0.04,90,15.7649,12.9,1404.81,661.12,1999
GJ_876_d,GJ 876 d,GJ_876,0.0208066,0.207,59,1.93778,2.51,6.83,603.09,2005
GJ_876_c,GJ 876 c,GJ_876,0.12959,0.25591,59,30.0881,14,226.985,241.66,2000
GJ_876_b,GJ 876 b,GJ_876,0.208317,0.0324,59,61.1166,13.3,723.223,190.6,1998
GJ_876_e,GJ 876 e,GJ_876,0.3343,0.055,59,124.26,3.92,14.6,150.46,2010
GJ_887_e,GJ 887 e,GJ_887,0.0417,0,90,4.4249,1.12,1.46,544,2026
GJ_887_b,GJ 887 b,GJ_887,0.0683,0.14,90,9.2619,1.8,3.9,426,2020
GJ_887_c,GJ 887 c,GJ_887,0.121,0.17,90,21.784,2.43,6.5,320,2020
GJ_887_d,GJ 887 d,GJ_887,0.212,0,90,50.77,2.34,6.1,241,2026
GJ_896_A_b,GJ 896 A b,GJ_896_A,0.63965,0.35,69.2,284.39,13.3,718.292,126.7,2022
GJ_900_b,GJ 900 b,GJ_900_A,12000,0,90,-1,12.4,3496.11,1.48,2024
GJ_9066_c,GJ 9066 c,GJ_9066,0.88,0.46,90,771.36,9.6,66.744,65.66,2020
GJ_9404_b,GJ 9404 b,GJ_9404,0.0943,0.49,90,13.4586,3.48,11.9,473.5,2023
GJ_96_b,GJ 96 b,GJ_96,0.291,0.44,90,73.94,4.67,19.66,257.81,2018
GJ_9689_b,GJ 9689 b,GJ_9689,0.1139,0.29,90,18.27,3.07,9.65,453.04,2020
GJ_9714_b,GJ 9714 b,GJ_9714,12.319,0.155,155.326,19240.8,12.5,2988.54,47.68,2022
GJ_9773_b,GJ 9773 b,GJ_9773,2.921,0.218,90,2965,14.2,172.581,59.89,2025
GJ_9827_b,GJ 9827 b,GJ_9827,0.0189,0,87.6,1.20897,1.44,4.28,1035.01,2017
GJ_9827_c,GJ 9827 c,GJ_9827,0.0395,0,89.09,3.6481,1.13,1.86,715.94,2017
GJ_9827_d,GJ 9827 d,GJ_9827,0.053,0,87.41,6.20183,1.98,3.02,675,2017
GPX_1_b,GPX-1 b,GPX_1,0.0338,0,79.9,1.74458,16.4772,6261.22,2300,2021
GQ_Lup_b,GQ Lup b,GQ_Lup,100,0,90,-1,33.6,6356,2650,2004
GSC_06214_00210_b,GSC 06214-00210 b,GSC_06214_00210,320,0,90,-1,20.1762,5000,2300,2010
GU_Psc_b,GU Psc b,GU_Psc,2000,0,90,-1,14.179,3591.3,1050,2014
Gaia_1_b,Gaia-1 b,Gaia_1,0.04047,0,85.73,3.05252,13.7758,533.952,1159.07,2022
Gaia_2_b,Gaia-2 b,Gaia_2,0.0467,0,85.21,3.69152,14.8183,259.666,1213.23,2022
Gaia_4_b,Gaia-4 b,Gaia_4,-1,0.338,116.9,571.3,12.4,3750.38,-1,2025
Gaia_5_b,Gaia-5 b,Gaia_5,-1,0.6423,129.7,358.62,12.1,6633.08,-1,2025
Gaia22dkvL_b,Gaia22dkvL b,Gaia22dkvL,1.4,0,90,-1,14.1,187.837,-1,2024
Gaia23braL_b,Gaia23braL b,Gaia23braL,4.847,0,90,-1,13.5,518.06,129.2,2026
Gl_378_b,Gl 378 b,Gl_378,0.039435,0.109,90,3.822,3.66,13.02,830,2019
Gl_410_b,Gl 410 b,Gl_410,0.0531,0,90,6.02,2.83,8.4,592.44,2025
Gl_49_b,Gl 49 b,Gl_49,0.0905,0.363,90,13.8508,2.24,5.63,435.99,2019
Gl_686_b,Gl 686 b,Gl_686,0.091,0.05,90,15.53,2.46,6.624,379,2018
Gl_725_A_b,Gl 725 A b,Gl_725_A,0.068,0,90,11.2201,1.48,2.78,376.1,2025
Gl_725_B_c,Gl 725 B c,Gl_725_B,0.139,0,90,37.9,1.66,3.4,215,2026
Gliese_12_b,Gliese 12 b,Gliese_12,0.067,0.24,89.25,12.7614,0.93,0.95,314.6,2024
Gliese_48_b,Gliese 48 b,Gliese_48,0.1752,0,89.3,39.6299,2.77,8.11,271,2026
HAT_P_1_b,HAT-P-1 b,HAT_P_1,0.05561,0,85.634,4.4653,14.7847,166.861,1322,2006
HAT_P_11_b,HAT-P-11 b,HAT_P_11,0.05258,0.251,89.027,4.888,4.36,25,838,2010
HAT_P_11_c,HAT-P-11 c,HAT_P_11,4.1,0.652,33.1,3361,13.2,851.78,91.58,2018
HAT_P_12_b,HAT-P-12 b,HAT_P_12,0.0384,0,89,3.21306,10.749,67.059,963,2009
HAT_P_13_b,HAT-P-13 b,HAT_P_13,0.04383,0.0133,83.4,2.91625,14.258,270.462,1740,2009
HAT_P_13_c,HAT-P-13 c,HAT_P_13,1.258,0.6616,90,446.27,12.3,4538.42,340,2009
HAT_P_14_b,HAT-P-14 b,HAT_P_14,0.0596,0.11,83.5,4.62767,15.9168,1093.34,1624,2010
HAT_P_15_b,HAT-P-15 b,HAT_P_15,0.0965,0.19,89.1,10.8635,11.8815,616.59,904,2010
HAT_P_16_b,HAT-P-16 b,HAT_P_16,0.0413,0.0462,88.4,2.77597,14.6838,1341.56,1566,2010
HAT_P_17_b,HAT-P-17 b,HAT_P_17,0.0892,0.35,89.2,10.3385,11.7695,184.341,800,2012
HAT_P_17_c,HAT-P-17 c,HAT_P_17,5.6,0.39,90,5584,13.1,1080.6,99.59,2012
HAT_P_18_b,HAT-P-18 b,HAT_P_18,0.0559,0.03,88.66,5.50803,10.7046,55.5246,841,2010
HAT_P_19_b,HAT-P-19 b,HAT_P_19,0.04599,0.07,89.52,4.00878,11.2987,88.0385,981.2,2010
HAT_P_2_b,HAT-P-2 b,HAT_P_2,0.06814,0.5172,86.16,5.63352,10.6598,2866.81,1540,2007
HAT_P_2_c,HAT-P-2 c,HAT_P_2,-1,0.37,90,8500,12.4,3400.76,-1,2023
HAT_P_20_b,HAT-P-20 b,HAT_P_20,0.0361,0.015,86.8,2.87532,9.718,2302.9,970,2010
HAT_P_21_b,HAT-P-21 b,HAT_P_21,0.05037,0.23,87.2,4.12448,12.442,1547.83,1367,2010
HAT_P_22_b,HAT-P-22 b,HAT_P_22,0.0414,0.02,86.9,3.21222,12.8903,785.04,1463,2010
HAT_P_23_b,HAT-P-23 b,HAT_P_23,0.0232,0.106,85.1,1.21288,15.334,664.237,2056,2010
HAT_P_24_b,HAT-P-24 b,HAT_P_24,0.04651,0.07,88.6,3.35524,14.5717,238.373,1637,2010
HAT_P_25_b,HAT-P-25 b,HAT_P_25,0.0466,0.023,88.22,3.65282,12.7222,180.845,1182,2012
HAT_P_26_b,HAT-P-26 b,HAT_P_26,0.04748,0.12,88.6,4.23452,7.06167,22.2481,1080,2010
HAT_P_27_b,HAT-P-27 b,HAT_P_27,0.04,0,85,3.03958,11.43,197.05,1091.99,2011
HAT_P_28_b,HAT-P-28 b,HAT_P_28,0.0434,0.051,88,3.25721,13.585,198.953,1384,2011
HAT_P_29_b,HAT-P-29 b,HAT_P_29,0.0667,0.09,87.1,5.72319,13.1145,279.69,1281,2011
HAT_P_3_b,HAT-P-3 b,HAT_P_3,0.03866,0,87.24,2.8997,10.5365,206.589,1189,2007
HAT_P_30_b,HAT-P-30 b,HAT_P_30,0.0419,0.04,83.6,2.8106,16.141,263.799,1630,2011
HAT_P_31_b,HAT-P-31 b,HAT_P_31,0.061,0.25,87.1,5.00542,12.2178,721.474,1450,2011
HAT_P_32_b,HAT-P-32 b,HAT_P_32,0.03397,0.159,88.98,2.15001,22.1938,216.124,1835.7,2011
HAT_P_33_b,HAT-P-33 b,HAT_P_33,0.04995,0,87.2,3.47447,20.7367,292.404,1782,2011
HAT_P_34_b,HAT-P-34 b,HAT_P_34,0.06774,0.432,87.1,5.45265,13.4172,1058.37,1520,2011
HAT_P_35_b,HAT-P-35 b,HAT_P_35,0.04978,0.02,87.3,3.64671,14.9304,335.628,1581,2011
HAT_P_36_b,HAT-P-36 b,HAT_P_36,0.0241,0.063,87.13,1.32735,14.3139,587.413,1780.97,2011
HAT_P_37_b,HAT-P-37 b,HAT_P_37,0.0379,0.058,86.9,2.79744,13.204,371.528,1271,2011
HAT_P_38_b,HAT-P-38 b,HAT_P_38,0.0523,0.067,88.3,4.64038,9.247,84.857,1082,2012
HAT_P_39_b,HAT-P-39 b,HAT_P_39,0.0509,0,87,3.54387,17.609,190.372,1752,2012
HAT_P_4_b,HAT-P-4 b,HAT_P_4,0.04438,0,89.91,3.05654,14.28,213.255,1686,2007
HAT_P_40_b,HAT-P-40 b,HAT_P_40,0.0608,0,88.3,4.45724,17.0377,152.558,1770,2012
HAT_P_41_b,HAT-P-41 b,HAT_P_41,0.04258,0,87.7,2.69405,22.9784,378.218,1941,2012
HAT_P_42_b,HAT-P-42 b,HAT_P_42,0.0575,0,85.9,4.64188,14.348,331.801,1428,2012
HAT_P_43_b,HAT-P-43 b,HAT_P_43,0.0444,0,88.7,3.33264,13.63,210.395,1353,2012
HAT_P_44_b,HAT-P-44 b,HAT_P_44,0.0507,0.044,89.1,4.30122,13.922,111.871,1108,2014
HAT_P_44_c,HAT-P-44 c,HAT_P_44,1.752,0.494,90,872.2,13,1271.3,187.92,2014
HAT_P_45_b,HAT-P-45 b,HAT_P_45,0.0452,0.049,87.8,3.12899,15.984,283.492,1652,2014
HAT_P_46_b,HAT-P-46 b,HAT_P_46,0.0577,0.123,85.5,4.46313,14.392,156.684,1458,2014
HAT_P_47_b,HAT-P-47 b,HAT_P_47,-1,0,84.56,4.73217,14.7174,65.4727,1605,2026
HAT_P_49_b,HAT-P-49 b,HAT_P_49,0.04378,0,86.2,2.69155,17.8223,699.226,2131,2014
HAT_P_5_b,HAT-P-5 b,HAT_P_5,0.04073,0,86.75,2.78849,13.5629,311.473,1517,2007
HAT_P_50_b,HAT-P-50 b,HAT_P_50,0.0453,0.115,83.65,3.12201,14.4372,429.07,1862,2015
HAT_P_51_b,HAT-P-51 b,HAT_P_51,0.05042,0.07,89.28,4.21802,13.5068,97.5733,1168.2,2015
HAT_P_52_b,HAT-P-52 b,HAT_P_52,0.03694,0.047,87.02,2.7536,11.3099,259.985,1218,2015
HAT_P_53_b,HAT-P-53 b,HAT_P_53,0.03159,0.134,86.2,1.96162,14.7735,471.66,1778,2015
HAT_P_54_b,HAT-P-54 b,HAT_P_54,0.04117,0.074,87.04,3.79985,10.5813,241.551,818,2015
HAT_P_55_b,HAT-P-55 b,HAT_P_55,0.04628,0.17,86.8,3.58523,14.8407,189.426,1367,2015
HAT_P_56_b,HAT-P-56 b,HAT_P_56,0.0423,0.29,82.13,2.79083,16.9256,734.187,1840,2015
HAT_P_57_b,HAT-P-57 b,HAT_P_57,0.0406,0,88.26,2.4653,19.5037,448.14,2200,2015
HAT_P_58_b,HAT-P-58 b,HAT_P_58,0.04994,0.073,85.64,4.01384,14.9304,118.232,1622,2021
HAT_P_59_b,HAT-P-59 b,HAT_P_59,0.05064,0.03,85.18,4.14198,12.5877,489.456,1277.8,2021
HAT_P_6_b,HAT-P-6 b,HAT_P_6,0.05239,0,85.51,3.85298,16.5893,419.536,1675,2007
HAT_P_60_b,HAT-P-60 b,HAT_P_60,0.06277,0.25,83.75,4.79478,18.2818,182.434,1772,2021
HAT_P_61_b,HAT-P-61 b,HAT_P_61,0.0301,0.113,83.62,1.90231,10.0769,335.945,1505,2021
HAT_P_62_b,HAT-P-62 b,HAT_P_62,0.03772,0.101,87.93,2.64532,12.0272,241.867,1512,2021
HAT_P_63_b,HAT-P-63 b,HAT_P_63,0.04294,0.069,88.45,3.37773,12.5428,195.147,1237,2021
HAT_P_64_b,HAT-P-64 b,HAT_P_64,0.05387,0.101,88.01,4.00723,19.0889,184.34,1766,2021
HAT_P_65_b,HAT-P-65 b,HAT_P_65,0.04042,0.304,88.3,2.60545,18.0577,176.077,1818,2016
HAT_P_66_b,HAT-P-66 b,HAT_P_66,0.04363,0.09,86.2,2.97209,17.8223,248.861,1896,2016
HAT_P_67_b,HAT-P-67 b,HAT_P_67,0.06505,0,88.8,4.81011,23.9872,143.023,1903,2017
HAT_P_68_b,HAT-P-68 b,HAT_P_68,0.02996,0.041,88.73,2.29841,12.016,230.109,1027.8,2020
HAT_P_69_b,HAT-P-69 b,HAT_P_69,0.06555,0,87.19,4.78695,18.7863,1137.83,1930,2019
HAT_P_7_b,HAT-P-7 b,HAT_P_7,0.03809,0,83.11,2.20474,16.9256,584.807,2733,2008
HAT_P_70_b,HAT-P-70 b,HAT_P_70,0.04739,0,96.5,2.74432,20.9608,2154.89,2562,2019
HAT_P_8_b,HAT-P-8 b,HAT_P_8,0.04496,0,87.8,3.07634,15.6926,406.822,1713,2008
HAT_P_9_b,HAT-P-9 b,HAT_P_9,0.05287,0.084,86.44,3.92281,15.6141,238.055,1540,2008
HATS_1_b,HATS-1 b,HATS_1,0.0444,0.12,85.6,3.44646,14.594,589.55,1359,2012
HATS_10_b,HATS-10 b,HATS_10,0.04491,0.501,87.79,3.31285,10.8615,167.179,1407,2015
HATS_11_b,HATS-11 b,HATS_11,0.0507,0.34,89.03,3.61919,18.03,263.799,1596,2016
HATS_12_b,HATS-12 b,HATS_12,0.0441,0.085,82.27,3.1427,7.76,759.614,1446,2016
HATS_13_b,HATS-13 b,HATS_13,0.04057,0.181,88.55,3.04405,13.5853,172.582,1244,2015
HATS_14_b,HATS-14 b,HATS_14,0.03815,0.142,88.83,2.76676,11.6462,340.396,1276,2015
HATS_15_b,HATS-15 b,HATS_15,0.02712,0.126,87.13,1.74749,12.3859,689.691,1505,2016
HATS_16_b,HATS-16 b,HATS_16,0.03744,0,83.53,2.6865,14.5717,1039.3,1592,2016
HATS_17_b,HATS-17 b,HATS_17,0.1308,0.029,89.08,16.2546,8.70939,425.257,814,2016
HATS_18_b,HATS-18 b,HATS_18,0.0174,0.166,85.29,0.83784,14.8968,629.144,2069.48,2016
HATS_2_b,HATS-2 b,HATS_2,0.02317,0,87.83,1.35413,12.5765,435.425,1550,2013
HATS_22_b,HATS-22 b,HATS_22,0.05025,0.079,87.96,4.72281,10.6822,870.854,858,2017
HATS_23_b,HATS-23 b,HATS_23,0.03397,0.114,81.02,2.16052,20.8487,467.21,1654,2017
HATS_24_b,HATS-24 b,HATS_24,0.0238,0,85.97,1.3485,15.6366,718.296,2166,2017
HATS_25_b,HATS-25 b,HATS_25,0.05163,0.176,86.93,4.29864,14.1233,194.83,1277,2016
HATS_26_b,HATS-26 b,HATS_26,0.04735,0.245,86.2,3.30239,19.6157,206.589,1918,2016
HATS_27_b,HATS-27 b,HATS_27,0.0611,0.581,87.3,4.63704,16.8135,168.45,1659,2016
HATS_28_b,HATS-28 b,HATS_28,0.04131,0.202,86.17,3.18108,13.3835,213.582,1253,2016
HATS_29_b,HATS-29 b,HATS_29,0.05475,0.158,87.37,4.60587,14.0225,207.543,1212,2016
HATS_3_b,HATS-3 b,HATS_3,0.0485,0,86.2,3.54785,15.48,340.382,1648,2013
HATS_30_b,HATS-30 b,HATS_30,0.04354,0.096,86.84,3.17435,13.1706,224.388,1414,2016
HATS_31_b,HATS-31 b,HATS_31,0.0478,0.233,85,3.37796,18.3828,279.69,1823,2016
HATS_32_b,HATS-32 b,HATS_32,0.04024,0.471,87.1,2.81265,14,292.404,1437,2016
HATS_33_b,HATS-33 b,HATS_33,0.03727,0.08,87.62,2.54956,13.7871,378.853,1429,2016
HATS_34_b,HATS-34 b,HATS_34,0.03165,0.108,82.73,2.10616,14.3699,302.255,1431.2,2016
HATS_35_b,HATS-35 b,HATS_35,0.03199,0.306,86.9,1.821,16.41,388.388,2037,2016
HATS_36_b,HATS-36 b,HATS_36,0.0523,0.105,87.61,4.17519,12.92,1022.14,1203,2018
HATS_37_A_b,HATS-37 A b,HATS_37_A,0.04913,0,89.33,4.33154,6.79265,31.4652,1085,2020
HATS_38_b,HATS-38 b,HATS_38,0.05036,0,87.21,4.37502,6.88233,23.5194,1294,2020
HATS_39_b,HATS-39 b,HATS_39,0.06007,0.275,84.98,4.57763,17.5981,200.233,1645,2018
HATS_4_b,HATS-4 b,HATS_4,0.0362,0.013,88.5,2.51673,11.433,420.471,1315,2014
HATS_40_b,HATS-40 b,HATS_40,0.04997,0.312,85.8,3.26427,17.7102,505.35,2101,2018
HATS_41_b,HATS-41 b,HATS_41,0.0583,0.38,80.4,4.19365,14.908,3082.95,1710,2018
HATS_42_b,HATS-42 b,HATS_42,0.03689,0.229,85.1,2.2921,15.6926,597.52,1856,2018
HATS_43_b,HATS-43 b,HATS_43,0.04944,0.173,89.24,4.38885,13.2266,82.9536,1003,2018
HATS_44_b,HATS-44 b,HATS_44,0.03649,0.279,84.65,2.7439,11.96,177.985,1161,2018
HATS_45_b,HATS-45 b,HATS_45,0.05511,0.24,85.61,4.18762,14.4148,222.481,1518,2018
HATS_46_b,HATS-46 b,HATS_46,0.05272,0.559,86.97,4.74237,10.6597,50.2169,1082.1,2018
HATS_47_b,HATS-47 b,HATS_47,0.04269,0.088,87.08,3.9228,12.5205,117.279,852.9,2020
HATS_48_A_b,HATS-48 A b,HATS_48_A,0.03769,0.162,89.58,3.13167,8.9672,77.2327,954.6,2020
HATS_49_b,HATS-49 b,HATS_49,0.04515,0.071,88.27,4.14805,8.57489,112.194,834.8,2020
HATS_5_b,HATS-5 b,HATS_5,0.0542,0.019,89.3,4.76339,10.223,75.323,1025,2014
HATS_50_b,HATS-50 b,HATS_50,0.05046,0.516,87.54,3.8297,12.6662,123.954,1275.39,2017
HATS_51_b,HATS-51 b,HATS_51,0.04639,0.33,87.1,3.34887,15.8047,244.093,1553,2017
HATS_52_b,HATS-52 b,HATS_52,0.02498,0.246,84.7,1.36665,15.4908,711.939,1834,2017
HATS_53_b,HATS-53 b,HATS_53,0.04753,0.33,88.78,3.85378,15.0201,189.109,1312,2017
HATS_54_b,HATS-54 b,HATS_54,0.037,0,83.67,2.54418,11.3771,239.325,1429,2019
HATS_55_b,HATS-55 b,HATS_55,0.05412,0.092,86.32,4.2042,14.0225,292.721,1367,2019
HATS_56_b,HATS-56 b,HATS_56,0.06043,0.019,83.29,4.3248,18.9208,191.334,1902,2019
HATS_57_b,HATS-57 b,HATS_57,0.03493,0.028,87.88,2.35062,12.7671,1000.21,1413.4,2019
HATS_58_A_b,HATS-58 A b,HATS_58_A,0.05798,0.168,85.69,4.21809,12.2739,327.365,1721,2019
HATS_59_b,HATS-59 b,HATS_59,0.06112,0.129,88.1,5.41608,12.6213,256.171,1128,2018
HATS_59_c,HATS-59 c,HATS_59,2.504,0.083,90,1422,12.3,4036.44,175.9,2018
HATS_6_b,HATS-6 b,HATS_6,0.03623,0,88.21,3.32527,11.1866,101.388,712.8,2015
HATS_60_b,HATS-60 b,HATS_60,0.04708,0.191,86.28,3.56083,12.924,210.403,1528,2018
HATS_61_b,HATS-61 b,HATS_61,0.07908,0.092,87.15,7.81795,13.3948,1080.62,1226.1,2018
HATS_62_b,HATS-62 b,HATS_62,0.04163,0.298,87.92,3.27688,11.8255,56.8916,1237,2018
HATS_63_b,HATS-63 b,HATS_63,0.04026,0.136,84.86,3.05665,13.5293,305.117,1398.3,2018
HATS_64_b,HATS-64 b,HATS_64,0.06562,0.151,87.24,4.9089,18.8199,305.117,1793,2018
HATS_65_b,HATS-65 b,HATS_65,0.04497,0.062,84.82,3.10516,16.8247,260.938,1634,2018
HATS_66_b,HATS-66 b,HATS_66,0.04714,0.064,87.06,3.14144,15.8159,1694.03,1998,2018
HATS_67_b,HATS-67 b,HATS_67,0.03032,0.057,79.03,1.60918,18.8872,460.853,2193,2018
HATS_68_b,HATS-68 b,HATS_68,0.05071,0.036,83.21,3.58622,13.8095,410.001,1741,2018
HATS_69_b,HATS-69 b,HATS_69,0.03211,0.519,88.49,2.22526,10.5925,183.388,1295.7,2018
HATS_7_b,HATS-7 b,HATS_7,0.04012,0.17,87.92,3.18532,6.31067,38.1396,1084,2015
HATS_70_b,HATS-70 b,HATS_70,0.03632,0.18,86.7,1.88824,15.5133,4100.01,2730,2019
HATS_71_b,HATS-71 b,HATS_71,0.03745,0,88.82,3.79552,11.478,117.597,586.8,2020
HATS_72_b,HATS-72 b,HATS_72,0.066517,0.013,89.56,7.32795,8.09738,39.8559,739.3,2020
HATS_74_A_b,HATS-74 A b,HATS_74_A,0.02384,0.044,87.39,1.73186,11.5677,464.029,895.1,2021
HATS_75_b,HATS-75 b,HATS_75,0.032742,0.064,88.07,2.78866,9.90874,156.054,772.3,2021
HATS_76_b,HATS-76 b,HATS_76,0.02658,0.062,88.24,1.94164,12.0945,835.571,939.8,2021
HATS_77_b,HATS-77 b,HATS_77,0.03607,0.045,88.44,3.08763,13.0585,436.696,828.3,2021
HATS_8_b,HATS-8 b,HATS_8,0.04667,0.376,87.8,3.58389,9.78546,43.8605,1324,2015
HATS_9_b,HATS-9 b,HATS_9,0.0312,0.075,88.94,1.91529,13.85,266.024,1746,2015
HD_100508_b,HD 100508 b,HD_100508,6.11,0.42,62,5681,13.7,381.394,106.66,2026
HD_100546_b,HD 100546 b,HD_100546,53,0,90,-1,77.3421,2701.54,94.67,2014
HD_100655_b,HD 100655 b,HD_100655,0.68,0.09,90,157.57,13.5,511.706,907.14,2011
HD_100777_b,HD 100777 b,HD_100777,1.06,0.38,90,383,13.7,390.929,264.28,2007
HD_10180_c,HD 10180 c,HD_10180,0.06412,0.073,90,5.75969,-1,2741.59,1185.4,2010
HD_10180_d,HD 10180 d,HD_10180,0.12859,0.131,90,16.357,-1,3295.88,837.06,2010
HD_10180_e,HD 10180 e,HD_10180,0.2699,0.051,90,49.748,5.39,25.1,577.77,2010
HD_10180_f,HD 10180 f,HD_10180,0.4929,0.119,90,122.744,5.24,23.9,427.54,2010
HD_10180_g,HD 10180 g,HD_10180,1.427,0.263,90,604.67,-1,3375.34,251.27,2010
HD_10180_h,HD 10180 h,HD_10180,3.381,0.095,90,2205,9.4,64.4,163.24,2010
HD_101930_b,HD 101930 b,HD_101930,0.3,0.11,90,70.46,10.6,79.4575,417.04,2005
HD_102117_b,HD 102117 b,HD_102117,0.15,0.12,90,20.8133,8.47,54.0311,780.86,2005
HD_102195_b,HD 102195 b,HD_102195,0.05,0,90,4.11377,14.2,130.31,1035.17,2006
HD_102272_b,HD 102272 b,HD_102272,0.51,0.05,90,127.58,12.9,1570.08,1038.01,2008
HD_102329_b,HD 102329 b,HD_102329,1.81,0.21,90,778.1,12.6,2593.49,532.95,2011
HD_102329_c,HD 102329 c,HD_102329,-1,0.209,90,1123,13.5,483.102,-1,2016
HD_102843_b,HD 102843 b,HD_102843,4.074,0.11,90,3090.94,13.1,113.9,127.34,2019
HD_102888_b,HD 102888 b,HD_102888,1.05,0.11,90,252.06,12.8,1808.44,688.63,2025
HD_102956_b,HD 102956 b,HD_102956,0.0807,0.037,90,6.4947,13.8,305.117,1804.96,2010
HD_103197_b,HD 103197 b,HD_103197,0.25,0,90,47.84,5.83,28.6047,474.97,2011
HD_103720_b,HD 103720 b,HD_103720,0.0498,0.086,90,4.5557,14.1,197.046,926.24,2014
HD_103774_b,HD 103774 b,HD_103774,0.07,0.09,90,5.8881,13.3,116,1487.08,2013
HD_103891_b,HD 103891 b,HD_103891,3.27,0.31,27.4,1919,13.2,918.524,241.25,2022
HD_103949_b,HD 103949 b,HD_103949,0.439,0.19,90,120.878,3.35,11.2,302.65,2019
HD_104067_c,HD 104067 c,HD_104067,0.1058,0.29,90,13.8992,3.69,13.2,648.36,2024
HD_104067_b,HD 104067 b,HD_104067,0.2674,0.123,90,55.851,9.2,62.1,407.83,2011
HD_10442_b,HD 10442 b,HD_10442,2.01,0.132,90,1032.3,13.6,472.613,234.49,2014
HD_104985_b,HD 104985 b,HD_104985,0.715,0.047,90,199.68,12.8,1766.81,901.01,2003
HD_105618_b,HD 105618 b,HD_105618,0.091,0.455,90,10.0224,5.44,25.4263,1023.19,2022
HD_105618_c,HD 105618 c,HD_105618,35.731,0.126,31.968,77114.1,11.9,8419.59,51.64,2022
HD_105779_b,HD 105779 b,HD_105779,3.38,0,90,2412,14.1,203.41,147.29,2022
HD_106252_b,HD 106252 b,HD_106252,2.655,0.48,46,1535,12.5,3178.28,178.13,2002
HD_106270_b,HD 106270 b,HD_106270,3.34,0.185,63,1888,12.4,3623.24,237.07,2011
HD_106315_b,HD 106315 b,HD_106315,0.0907,0.093,87.54,9.55237,2.44,12.6,1153,2017
HD_106315_c,HD 106315 c,HD_106315,0.1536,0.22,88.61,21.057,4.35,15.2,886,2017
HD_10647_b,HD 10647 b,HD_10647,2.015,0.15,90,989.2,13.8,298.75,221.54,2006
HD_106515_A_b,HD 106515 A b,HD_106515_A,4.48,0.571,29.2,3626,12.1,6006.96,116.53,2012
HD_106906_b,HD 106906 b,HD_106906,650,0,90,-1,12.4,3496,1800,2013
HD_10697_b,HD 10697 b,HD_10697,2.051,0.104,86.116,1075.38,12.8,1825.29,259.25,1999
HD_107148_c,HD 107148 c,HD_107148,0.1407,0.34,90,18.3267,4.7,19.8961,799.68,2021
HD_107148_b,HD 107148 b,HD_107148,0.269,0.05,90,48.056,9.6,66.741,582.78,2005
HD_108147_b,HD 108147 b,HD_108147,0.102,0.53,90,10.8985,10.9,82.95,890,2002
HD_108202_b,HD 108202 b,HD_108202,3.7,0.52,56,2990,13.1,953.485,93.04,2023
HD_108236_b,HD 108236 b,HD_108236,0.04527,0.045,87.59,3.79596,1.615,3.24,1099,2020
HD_108236_c,HD 108236 c,HD_108236,0.062,0.034,88.3,6.20345,2.071,4.94,932,2020
TOI_1233_01,TOI-1233.01,HD_108236,0.1074,0.055,89.06,14.1757,2.539,6.98,708,2021
HD_108236_e,HD 108236 e,HD_108236,0.1367,0.058,89.245,19.59,3.083,9.71,636,2020
HD_108236_f,HD 108236 f,HD_108236,0.1758,0.051,88.963,29.5411,2.017,4.72,609.59,2021
HD_108341_b,HD 108341 b,HD_108341,2,0.85,65,1129,13.3,715.114,155.23,2014
HD_108863_b,HD 108863 b,HD_108863,1.32,0.032,90,437.7,13.3,767.242,490.51,2011
HD_108874_b,HD 108874 b,HD_108874,1.04,0.13,90,394.481,13.6,451.319,271.33,2002
HD_108874_c,HD 108874 c,HD_108874,2.659,0.239,90,1624,13.8,314.64,168.21,2005
HD_109246_b,HD 109246 b,HD_109246,0.33,0.12,90,68.27,13.9,273.334,507.43,2010
HD_109271_b,HD 109271 b,HD_109271,0.079,0.25,90,7.8543,4.31,17.162,1128.86,2013
HD_109271_c,HD 109271 c,HD_109271,0.196,0.15,90,30.93,5.27,24.154,716.68,2013
HD_109286_b,HD 109286 b,HD_109286,1.259,0.338,90,520.1,13.2,950.307,259.4,2021
HD_109749_b,HD 109749 b,HD_109749,0.0615,0,90,5.23989,11.1,85.8141,1250.83,2005
HD_10975_b,HD 10975 b,HD_10975,0.95,0.442,90,283.8,14.3,143.023,799.92,2021
HD_109833_b,HD 109833 b,HD_109833,-1,0.18,88.13,9.18853,2.888,8.69,786,2022
HD_109833_c,HD 109833 c,HD_109833,-1,0.3,88.24,13.9001,2.59,7.22,756.7,2022
HD_109988_b,HD 109988 b,HD_109988,12.518,0.056,33.992,17132.2,12.1,6935.33,65.91,2022
HD_110014_b,HD 110014 b,HD_110014,2.14,0.462,90,835.477,12.4,3524.59,669.84,2009
HD_110067_b,HD 110067 b,HD_110067,0.0793,0,89.061,9.11368,2.2,5.69,800,2023
HD_110067_c,HD 110067 c,HD_110067,0.1039,0,89.687,13.6737,2.388,6.3,699,2023
HD_110067_d,HD 110067 d,HD_110067,0.1362,0,89.248,20.5196,2.852,8.52,602,2023
HD_110067_e,HD 110067 e,HD_110067,0.1785,0,89.867,30.7931,1.94,3.9,533,2023
HD_110067_f,HD 110067 f,HD_110067,0.2163,0,89.673,41.0585,2.601,5.04,489,2023
HD_110067_g,HD 110067 g,HD_110067,0.2621,0,89.729,54.7699,2.607,8.4,440,2023
HD_110082_b,HD 110082 b,HD_110082,0.113,0.2,88.2,10.1827,3.2,10.3,957.2,2021
HD_110113_b,HD 110113 b,HD_110113,0.035,0.093,87.69,2.541,2.05,4.55,1371,2021
HD_110113_c,HD 110113 c,HD_110113,0.068,0.045,90,6.744,2.11385,10.5,990,2021
HD_110537_b,HD 110537 b,HD_110537,16.714,0.401,51.891,24469.7,11.9,8612.83,72.83,2022
HD_11112_b,HD 11112 b,HD_11112,13.38,0.285,144.876,17244.9,12.6,2598.57,94.51,2022
HD_111232_b,HD 111232 b,HD_111232,2.148,0.214,93.521,1169.13,12.6,2531.5,172.05,2003
HD_111232_c,HD 111232 c,HD_111232,17.25,0.558,87.902,26472.4,12.2,5740.93,60.71,2022
HD_111591_b,HD 111591 b,HD_111591,2.5,0.26,90,1056.4,12.9,1398.45,422.08,2017
HD_111998_b,HD 111998 b,HD_111998,1.91,0.13,90,810,12.9,1525.58,275.49,2016
HD_112300_b,HD 112300 b,HD_112300,1.33,0.36,90,466.63,12.2,5031.22,1240.35,2023
HD_112570_b,HD 112570 b,HD_112570,3.9,0.2,54,2615,13.1,1086.97,364.01,2023
HD_112640_b,HD 112640 b,HD_112640,1.7,0.24,90,613.2,12.9,1589.15,959.65,2020
HD_113337_b,HD 113337 b,HD_113337,1.022,0.28,90,317.586,13.1,1035.8,395.73,2013
HD_113337_c,HD 113337 c,HD_113337,6.805,0.164,57.478,5429.93,12.1,6299.68,153.36,2020
HD_113538_b,HD 113538 b,HD_113538,1.24,0.14,90,663.2,13.2,114.41,140.67,2010
HD_113538_c,HD 113538 c,HD_113538,2.44,0.2,90,1818,13.8,295.57,100.28,2010
HD_113996_b,HD 113996 b,HD_113996,1.6,0.28,90,610.2,12.7,2002.33,798.69,2017
HD_114082_b,HD 114082 b,HD_114082,0.791,0,89.791,225.55,11.7246,508.525,949.67,2022
HD_114386_c,HD 114386 c,HD_114386,1.05,0.1,90,444,13.4,117.597,200.82,2026
HD_114386_b,HD 114386 b,HD_114386,1.73,0.23,57,937.7,13.6,464.029,154.56,2003
HD_114729_b,HD 114729 b,HD_114729,2.067,0.079,90,1121.79,13.9,262.21,237.89,2002
HD_114783_b,HD 114783 b,HD_114783,1.16,0.144,110,493.7,13.7,349.6,210.79,2001
HD_114783_c,HD 114783 c,HD_114783,5,0.05,159,4352,13.4,603.874,101.53,2016
HD_11505_b,HD 11505 b,HD_11505,20.247,0.144,87.505,32669.2,12.6,2510.53,67.46,2022
HD_11506_c,HD 11506 c,HD_11506,0.771,0.228,90,223.92,14,127.131,374.44,2008
HD_11506_b,HD 11506 b,HD_11506,2.885,0.379,112.598,1617.7,12.9,1551,193.57,2007
HD_11506_d,HD 11506 d,HD_11506,18.2,0.29,90,26500,12.3,4068.2,77.07,2022
HD_115404_A_b,HD 115404 A b,HD_115404_A,0.088,0.232,90,10.4949,6.09,30.8294,695.65,2022
HD_115404_A_c,HD 115404 A c,HD_115404_A,11.364,0.211,25.791,15319.2,12.5,3279.67,61.22,2022
HD_115954_b,HD 115954 b,HD_115954,5,0.487,79,3700,12.6,2685.65,144.9,2021
HD_116029_b,HD 116029 b,HD_116029,1.65,0,90,670,13.6,444.962,400.04,2011
HD_116029_c,HD 116029 c,HD_116029,-1,0.038,90,907,13.7,403.644,-1,2016
HD_117207_b,HD 117207 b,HD_117207,3.787,0.157,76.6,2621.75,13.4,669.347,147.2,2004
HD_11755_b,HD 11755 b,HD_11755,1.09,0.19,90,433.7,12.8,1789.38,903.49,2015
HD_117618_b,HD 117618 b,HD_117618,0.18,0.15,90,25.8,8.59,55.3024,745.79,2004
HD_118203_b,HD 118203 b,HD_118203,0.0713,0.3136,88.48,6.13498,12.7782,680.153,1361,2005
HD_118203_c,HD 118203 c,HD_118203,6.28,0.26,93.7,5103,12.4,3747.2,146,2024
HD_11964_c,HD 11964 c,HD_11964,0.229,0.3,90,37.91,5.38,25,757.54,2008
HD_11964_b,HD 11964 b,HD_11964,3.16,0.041,90,1945,14.1,198,203.93,2005
HD_11977_b,HD 11977 b,HD_11977,1.93,0.4,90,711,12.7,2080,547.97,2005
HD_120084_b,HD 120084 b,HD_120084,4.21,0.483,38,2142,12.7,2034.1,369.24,2013
HD_121504_b,HD 121504 b,HD_121504,0.33,0.03,90,63.33,13.6,479.923,523.32,2003
HD_12235_b,HD 12235 b,HD_12235,0.054,0.376,90,4.36305,3.23,10.4883,1667.37,2022
HD_12235_c,HD 12235 c,HD_12235,22.21,0.174,47.738,36336.7,12.5,3135.7,82.22,2022
HD_122562_c,HD 122562 c,HD_122562,0.406,0.228,90,84.9628,10.1,73.1005,552.02,2022
HD_124330_b,HD 124330 b,HD_124330,0.86,0.34,0.8084,270.66,14,238.371,348.79,2021
HD_12484_b,HD 12484 b,HD_12484,0.297,0.07,90,58.83,13.2,947.133,524.3,2016
HD_125136_b,HD 125136 b,HD_125136,-1,0.05,90,849.77,13.3,718.292,-1,2026
HD_125271_b,HD 125271 b,HD_125271,10.817,0.165,93.088,14902,12.4,3465.6,59.78,2022
HD_125390_b,HD 125390 b,HD_125390,3.496,0.597,84.685,1757.39,11.9,8646.2,320.26,2019
HD_125595_b,HD 125595 b,HD_125595,0.08,0,0.2243,9.6737,-1,3531.07,687.97,2011
HD_125612_c,HD 125612 c,HD_125612,0.051,0.149,90,4.15466,4.07,15.5736,1303.14,2009
HD_125612_b,HD 125612 b,HD_125612,1.349,0.446,90,557.7,13.2,945.222,253.38,2007
HD_125612_d,HD 125612 d,HD_125612,3.982,0.115,88.195,2822.73,12.7,2281.37,147.48,2009
HD_126105_b,HD 126105 b,HD_126105,1.36,0.103,90,524,13.5,530.773,413.6,2026
HD_12648_b,HD 12648 b,HD_12648,0.54,0.04,90,133.6,13.4,622.947,1053.23,2015
HD_126525_b,HD 126525 b,HD_126525,1.837,0.035,90,960.41,10.3,75.3257,198.47,2018
HD_12661_b,HD 12661 b,HD_12661,0.84,0.38,86,262.709,13.3,772.327,325.35,2000
HD_12661_c,HD 12661 c,HD_12661,2.8145,0.031,136,1708,13.2,899.454,174.06,2002
HD_126614_b,HD 126614 b,HD_126614,2.249,0.548,97.477,1257.25,12.7,107.744,209.54,2009
HD_127195_b,HD 127195 b,HD_127195,-1,0.04,90,534.5,14,212.945,-1,2026
HD_127195_c,HD 127195 c,HD_127195,-1,0.05,90,836.99,14.1,206.588,-1,2026
HD_127506_b,HD 127506 b,HD_127506,0.287,0.24,90,65.784,5.67,27.3332,354.8,2022
HD_128311_b,HD 128311 b,HD_128311,1.084,0.303,30,453.019,13.5,562.241,200.47,2002
HD_128311_c,HD 128311 c,HD_128311,1.74,0.159,55.95,921.538,13,1204.26,158.23,2005
HD_128356_b,HD 128356 b,HD_128356,0.87,0.57,90,298.2,13.9,282.869,232.36,2016
HD_128717_b,HD 128717 b,HD_128717,4.85,0.85,130.3,3420,12.1,6293,151.9,2025
HD_129445_b,HD 129445 b,HD_129445,2.9,0.7,52,1840,13.3,797.749,173.36,2009
HD_130322_b,HD 130322 b,HD_130322,0.0925,0.029,90,10.7087,13.7,365.49,720,1999
HD_131496_b,HD 131496 b,HD_131496,2.01,0.181,90,896,13.4,572.094,347.3,2011
HD_13167_b,HD 13167 b,HD_13167,4.1,0.563,90,2613,13.1,1052.02,208.79,2018
HD_13189_b,HD 13189 b,HD_13189,1.25,0.27,90,471.6,12.4,3480.24,1115.98,2005
HD_132406_b,HD 132406 b,HD_132406,1.98,0.25,122,908,12.8,1887.9,228.73,2007
HD_132563_b,HD 132563 b,HD_132563,2.62,0.22,90,1544,13.6,473.547,213.27,2011
HD_133131_A_b,HD 133131 A b,HD_133131_A,1.44,0.33,90,649,13.6,451.319,227.72,2016
HD_133131_A_c,HD 133131 A c,HD_133131_A,4.49,0.49,90,3568,14.3,133.489,128.96,2016
HD_133131_B_b,HD 133131 B b,HD_133131_B,6.15,0.61,90,5769,13.3,794.575,112.28,2016
HD_134060_b,HD 134060 b,HD_134060,0.0444,0.45,90,3.2696,3.16,10.1,1473.18,2019
HD_134060_c,HD 134060 c,HD_134060,2.3928,0.11,90,1291.56,5.91,29.29,200.67,2019
HD_134606_e,HD 134606 e,HD_134606,0.0527,0.2,90,4.3203,1.33,2.34,1260.39,2024
HD_134606_b,HD 134606 b,HD_134606,0.1046,0.092,90,12.089,2.97,9.09,894.63,2024
HD_134606_f,HD 134606 f,HD_134606,0.1784,0.081,90,26.915,2.24,5.63,685.04,2024
HD_134606_c,HD 134606 c,HD_134606,0.3007,0.055,90,58.883,3.37,11.31,527.65,2024
HD_134606_d,HD 134606 d,HD_134606,1.941,0.092,90,966.5,7.59,44.8,207.68,2024
HD_134987_b,HD 134987 b,HD_134987,0.81,0.23,90,258.18,13.5,511.706,339.45,1999
HD_134987_c,HD 134987 c,HD_134987,5.8,0.12,90,5000,13.9,260,125.03,2009
HD_135344_A_b,HD 135344 A b,HD_135344_A,16.5,0.5,73.6,-1,16.253,3178.28,1585,2025
HD_135625_b,HD 135625 b,HD_135625,5.4,0.16,93,4055,13.3,731.005,146.04,2023
HD_135694_b,HD 135694 b,HD_135694,0.124695,0,90,15.9235,2.857,6.1,750.83,2023
HD_135872_b,HD 135872 b,HD_135872,4.172,0.164,93.872,2422.33,12.8,1744.56,233.64,2022
HD_136118_b,HD 136118 b,HD_136118,2.327,0.344,116.779,1187.6,12.3,4164.19,249.62,2022
HD_136352_b,HD 136352 b,HD_136352,0.0964,0,88.49,11.578,1.664,4.72,905,2019
HD_136352_c,HD 136352 c,HD_136352,0.1721,0,88.571,27.5922,2.916,11.24,677,2019
HD_136352_d,HD 136352 d,HD_136352,0.425,0,89.73,107.245,2.562,8.82,431,2019
HD_136418_b,HD 136418 b,HD_136418,1.29,0.25,90,464.3,13.3,680.156,411.81,2009
HD_136925_b,HD 136925 b,HD_136925,5.13,0.103,90,4540,13.9,266.976,134.25,2021
HD_13724_c,HD 13724 c,HD_13724,0.534,0.651,90,142.229,8.18,50.8525,393.06,2022
HD_137388_b,HD 137388 b,HD_137388,0.89,0.36,90,330,9.32,63.566,248.42,2011
HD_137496_b,HD 137496 b,HD_137496,0.02732,0,85.8,1.62116,1.31,4.04,2130,2021
HD_137496_c,HD 137496 c,HD_137496,1.2163,0.477,90,479.9,12.6,2434.57,370,2021
HD_13808_b,HD 13808 b,HD_13808,0.10519,0.071,90,14.1815,3.35,11.2,661.56,2021
HD_13808_c,HD 13808 c,HD_13808,0.2554,0.156,90,53.753,3.13,9.96,424.57,2021
HD_13908_b,HD 13908 b,HD_13908,0.154,0.02,90,19.382,13.9,274.91,993.25,2013
HD_13908_c,HD 13908 c,HD_13908,2.03,0.12,90,931,12.8,1630.4,273.57,2013
HD_13931_b,HD 13931 b,HD_13931,5.15,0.02,43,4218,13.2,889.92,139.38,2009
HD_139357_b,HD 139357 b,HD_139357,2.949,0.099,103.235,1124.79,12.1,6315.57,446.97,2008
HD_1397_b,HD 1397 b,HD_1397,0.1097,0.251,88.99,11.5353,11.5004,131.899,1228.3,2018
HD_14067_b,HD 14067 b,HD_14067,5.15,0.65,39,2744,12.2,4862.77,360.28,2014
HD_140901_b,HD 140901 b,HD_140901,0.085,0.472,90,9.02378,4.07,15.5736,904.37,2022
HD_140901_c,HD 140901 c,HD_140901,11.8,0.77,40,14386,13.4,572.091,76.76,2022
HD_141004_b,HD 141004 b,HD_141004,0.1238,0.16,90,15.5083,3.77,13.6348,950.73,2021
HD_141399_b,HD 141399 b,HD_141399,0.415,0.04,90,94.44,14.3,143.341,493.71,2014
HD_141399_c,HD 141399 c,HD_141399,0.689,0.048,90,201.99,13.6,422.714,383.17,2014
HD_141399_d,HD 141399 d,HD_141399,2.09,0.074,90,1069.8,13.7,375.039,220,2014
HD_141399_e,HD 141399 e,HD_141399,5,0.26,90,5000,14.1,209.768,142.24,2014
HD_141937_b,HD 141937 b,HD_141937,1.54,0.46,90,662.37,12.4,3591.46,231.49,2002
HD_142_A_d,HD 142 A d,HD_142,0.474,0.13,90,108.453,10.9,82.6354,530.32,2022
HD_142_b,HD 142 b,HD_142,1.039,0.158,59,351.434,12.7,2256.58,358.19,2001
HD_142_c,HD 142 c,HD_142,9.811,0.277,90.374,10159.6,12.4,3464.65,116.56,2012
HD_142022_A_b,HD 142022 A b,HD_142022_A,2.93,0.53,71,1928,12.9,1433.41,155.74,2005
HD_142245_b,HD 142245 b,HD_142245,2.78,0,90,1299,13.1,975.738,306.3,2011
HD_142415_b,HD 142415 b,HD_142415,1.06,0.5,90,386.3,13.5,530.776,283.72,2003
HD_143105_b,HD 143105 b,HD_143105,0.0379,0.07,90,2.1974,13.7,384.574,2028.25,2016
HD_143361_b,HD 143361 b,HD_143361,1.988,0.197,50,1039.15,12.9,1382.55,180.26,2008
HD_143811_AB_b,HD 143811 AB b,HD_143811_A,63,0.19,37,117000,15.6926,1938.75,1042,2025
HD_144899_b,HD 144899 b,HD_144899,0.242,0.821,90,40.4391,4.77,20.341,770.87,2022
HD_145377_b,HD 145377 b,HD_145377,0.45,0.31,90,103.95,12.8,1913.34,442.98,2008
HD_145457_b,HD 145457 b,HD_145457,0.762,0.111,90,176.13,13.2,888.013,826.81,2010
HD_145934_b,HD 145934 b,HD_145934,4.89,0.078,81.958,2751.53,13.4,658.54,276.92,2015
HD_1461_b,HD 1461 b,HD_1461,0.0634,0.172,90,5.77152,2.42,6.44,1185.14,2010
HD_1461_c,HD 1461 c,HD_1461,0.1117,0.305,90,13.5052,2.23,5.59,892.87,2015
HD_147018_b,HD 147018 b,HD_147018,0.2388,0.4686,90,44.236,13.4,674,519.98,2009
HD_147018_c,HD 147018 c,HD_147018,1.922,0.133,90,1008,12.7,2080,183.28,2009
HD_147379_b,HD 147379 b,HD_147379,0.3193,0.063,90,86.58,4.94,21.6,276.66,2017
HD_147513_b,HD 147513 b,HD_147513,1.32,0.26,90,528.4,13.7,385,244.43,2003
HD_14787_b,HD 14787 b,HD_14787,1.7,0.155,90,676.6,13.7,356.287,409.43,2018
HD_147873_b,HD 147873 b,HD_147873,0.522,0.207,90,116.596,12.8,1633.65,603.16,2016
HD_147873_c,HD 147873 c,HD_147873,1.36,0.23,90,491.54,13.3,731.009,373.68,2016
HD_148156_b,HD 148156 b,HD_148156,2.45,0.52,90,1027,13.9,270.144,213.76,2009
HD_148164_b,HD 148164 b,HD_148164,0.993,0.587,90,328.55,13.7,390.931,337.89,2018
HD_148164_c,HD 148164 c,HD_148164,6.15,0.125,90,5062,12.8,1640,135.77,2018
HD_148427_b,HD 148427 b,HD_148427,1.11,0.12,90.2,331.9,13.7,381.394,451.86,2009
HD_149026_b,HD 149026 b,HD_149026,0.04364,0,84.55,2.87589,8.29466,120.775,1626,2005
HD_149143_b,HD 149143 b,HD_149143,0.053,0.0167,90,4.07182,13.6,422.714,1471.9,2005
HD_149806_b,HD 149806 b,HD_149806,12.404,0.357,13.574,16521.5,12.3,4003.68,69.13,2022
HD_150010_b,HD 150010 b,HD_150010,1.4,0.2,90,562,13.3,762.788,681.22,2022
HD_1502_b,HD 1502 b,HD_1502,1.262,0.031,90,428.5,13.2,874.033,458.89,2011
HD_150706_b,HD 150706 b,HD_150706,6.7,0.38,70,5894,13.3,772.323,108.81,2012
HD_151450_b,HD 151450 b,HD_151450,0.16,0.496,90,21.8929,6.94,38.4572,795,2022
HD_151450_c,HD 151450 c,HD_151450,14.131,0.138,42.369,18144.8,12.8,1636.18,84.59,2022
HD_152079_b,HD 152079 b,HD_152079,4.187,0.532,90,2918.92,13.2,845.746,147.84,2009
HD_152581_b,HD 152581 b,HD_152581,1.66,0.04,90,686.5,13.4,594.024,426.55,2011
HD_152843_b,HD 152843 b,HD_152843,0.1049,0.046,89.26,11.6207,3.05,9.82,1003.11,2021
HD_152843_c,HD 152843 c,HD_152843,0.1482,0.074,89.21,19.5021,5.94,9.67,253.08,2021
HD_15337_b,HD 15337 b,HD_15337,0.05245,0.058,89.3,4.75598,1.77,6.519,1001,2019
HD_15337_c,HD 15337 c,HD_15337,0.1235,0.096,88.41,17.1805,2.526,6.792,656.1,2019
HD_153557_b,HD 153557 b,HD_153557,0.068,0.065,90,7.29903,4.77,20.341,772.12,2022
HD_153557_c,HD 153557 c,HD_153557,0.111,0.511,90,15.2702,4.36,17.4806,604.33,2022
HD_153557_d,HD 153557 d,HD_153557,21.449,0.152,14.324,40654.6,11.9,8725.66,43.47,2022
HD_153950_b,HD 153950 b,HD_153950,1.28,0.34,90,499.4,13.2,937.598,295.3,2008
HD_154088_b,HD 154088 b,HD_154088,0.134,0.344,90,18.56,2.46,6.6,689.99,2021
HD_154345_b,HD 154345 b,HD_154345,4.158,0.058,88,3280,13.7,376.944,119.21,2006
HD_154391_b,HD 154391 b,HD_154391,7.46,0.2,47,5163,12.5,2892.24,253.57,2023
HD_154672_b,HD 154672 b,HD_154672,0.6,0.61,90,163.94,12.8,1706.75,410.76,2008
HD_154857_b,HD 154857 b,HD_154857,1.29,0.46,90,408.6,13.3,778.683,359.86,2004
HD_154857_c,HD 154857 c,HD_154857,5.36,0.06,90,3452,13.2,819.97,154.88,2014
HD_155193_b,HD 155193 b,HD_155193,1.04,0.21,0.7112,352.65,14,238.371,391.86,2021
HD_155358_b,HD 155358 b,HD_155358,0.63,0.17,90,194.3,13.8,314.652,421.43,2007
HD_155358_c,HD 155358 c,HD_155358,1.02,0.16,90,391.9,13.9,261,330.92,2007
HD_155918_b,HD 155918 b,HD_155918,0.03,0.194,90,1.87567,2.67,7.62788,1622.13,2022
HD_155918_c,HD 155918 c,HD_155918,13.183,0.071,31.771,17202.2,12.8,1878.05,77.38,2022
HD_156098_b,HD 156098 b,HD_156098,0.167,0.109,90,21.8585,4.12,15.8914,1257.73,2022
HD_156098_c,HD 156098 c,HD_156098,8.415,0.391,23.462,7841.58,12.8,1661.61,177.18,2022
HD_156279_b,HD 156279 b,HD_156279,0.502,0.647,87,133.404,12.5,2997.76,361.73,2011
HD_156279_c,HD 156279 c,HD_156279,5.486,0.261,74.699,4818.25,12.5,3098.83,109.42,2016
HD_156411_b,HD 156411 b,HD_156411,1.88,0.22,90,842.2,14,235.18,304.95,2009
HD_156668_b,HD 156668 b,HD_156668,0.05,0,90,4.6455,1.87,4.15,887.48,2010
HD_156668_c,HD 156668 c,HD_156668,1.57,0.089,90,811.3,6.17,31.4968,166.08,2021
HD_156846_b,HD 156846 b,HD_156846,1.12,0.85,90,359.51,12.4,3391.25,382.49,2007
HD_158038_b,HD 158038 b,HD_158038,1.5,0.29,90,521,13.5,486.28,405.91,2011
HD_158259_b,HD 158259 b,HD_158259,-1,0,90,2.178,1.28228,2.22,1462,2020
HD_158259_c,HD 158259 c,HD_158259,-1,0,90,3.432,2.23,5.6,-1,2020
HD_158259_d,HD 158259 d,HD_158259,-1,0,90,5.19808,2.18,5.41,-1,2020
HD_158259_e,HD 158259 e,HD_158259,-1,0,90,7.951,2.34,6.08,-1,2020
HD_158259_f,HD 158259 f,HD_158259,-1,0,90,12.028,2.35,6.14,-1,2020
HD_158996_b,HD 158996 b,HD_158996,2.1,0.13,90,820.2,12.3,4449.62,960.27,2018
HD_15906_b,HD 15906 b,HD_15906,0.09,0.11,87.98,10.9247,2.24,5.65,668,2023
HD_15906_c,HD 15906 c,HD_15906,0.141,0.04,88.75,21.5833,2.93,8.91,532,2023
HD_159243_b,HD 159243 b,HD_159243,0.11,0.02,90,12.62,13.7,359.13,942.13,2013
HD_159243_c,HD 159243 c,HD_159243,0.8,0.075,90,248.4,13.4,603.9,349.35,2013
HD_159868_c,HD 159868 c,HD_159868,1.032,0.184,90,351,14,244.093,383.37,2012
HD_159868_b,HD 159868 b,HD_159868,2.32,0.024,90,1184.1,13.3,704.947,255.69,2006
HD_1605_b,HD 1605 b,HD_1605,1.492,0.095,90,577.2,13.8,296.853,362.48,2015
HD_1605_c,HD 1605 c,HD_1605,3.584,0.099,90,2149,13,1150.54,233.88,2015
HD_160691_d,HD 160691 d,HD_160691,0.0952,0,90,9.6392,3.23,10.49,900,2004
HD_160691_e,HD 160691 e,HD_160691,0.96,0.0666,60,307.9,-1,2224.8,327.66,2006
HD_160691_b,HD 160691 b,HD_160691,1.5,0.0505,60,645,-1,1366.66,262.13,2000
HD_160691_c,HD 160691 c,HD_160691,4.17,0.039,60,3947,-1,1398.44,157.21,2004
HD_161178_b,HD 161178 b,HD_161178,0.85,0.044,90,279.3,14.1,181.162,828.33,2021
HD_16141_b,HD 16141 b,HD_16141,0.36,0.25,90,75.523,10.9,82.6358,562.87,2000
HD_16175_b,HD 16175 b,HD_16175,2.12,0.6,59,990,12.8,1875.19,259.78,2009
HD_162020_b,HD 162020 b,HD_162020,0.08,0.28,90,8.4282,12.5,3127.45,650,2002
HD_163607_b,HD 163607 b,HD_163607,0.362,0.7441,90,75.2203,13.9,249.052,587.13,2012
HD_163607_c,HD 163607 c,HD_163607,2.39,0.08,90,1272,13.3,699.544,228.5,2012
HD_16417_b,HD 16417 b,HD_16417,0.14,0.2,90,17.24,5,22.1,964,2008
HD_164509_b,HD 164509 b,HD_164509,0.87,0.238,90,280.17,14.3,140.799,319.12,2012
HD_164595_b,HD 164595 b,HD_164595,0.23,0.088,90,40,4.16,16.14,589,2015
HD_164604_b,HD 164604 b,HD_164604,1.362,0.479,10.6,653.9,12.3,4195.33,170.16,2009
HD_164604_c,HD 164604 c,HD_164604,5.556,0.196,8.6,5387,12.5,3019.37,84.25,2026
HD_164922_d,HD 164922 d,HD_164922,0.103,0.12,90,12.458,1.83,4,787.68,2020
HD_164922_e,HD 164922 e,HD_164922,0.2292,0.086,90,41.763,3.23,10.5201,543.73,2021
HD_164922_c,HD 164922 c,HD_164922,0.341,0.12,90,75.74,3.66,13,400.5,2016
HD_164922_b,HD 164922 b,HD_164922,2.16,0.08,90,1207,13.3,116,159.4,2005
HD_165131_b,HD 165131 b,HD_165131,3.54,0.6708,70,2342.6,12.1,5943.39,155.2,2023
HD_165155_b,HD 165155 b,HD_165155,1.13,0.2,90,434.5,13.2,918.529,239.9,2016
HD_1666_b,HD 1666 b,HD_1666,0.94,0.63,90,270,12.7,2040,436.47,2015
HD_166724_b,HD 166724 b,HD_166724,5.42,0.734,68,5144,13,1207.75,94.83,2012
HD_167042_b,HD 167042 b,HD_167042,1.22,0.01,90,417.67,13.6,444.006,462.08,2007
HD_16760_b,HD 16760 b,HD_16760,1.156,0.079,43.3,466.08,12.1,6833.31,226.14,2009
HD_167677_b,HD 167677 b,HD_167677,2.877,0.182,28.7,1820,13.2,905.811,151.9,2023
HD_167768_b,HD 167768 b,HD_167768,0.1512,0.149,90,20.6532,13.9,270.154,1873.59,2022
HD_168009_b,HD 168009 b,HD_168009,0.1192,0.12,90,15.1479,3.05,9.53485,887.57,2021
HD_168443_b,HD 168443 b,HD_168443,0.292,0.53,92,58.1119,12.6,2424.4,641.03,1998
HD_168443_c,HD 168443 c,HD_168443,2.842,0.21,91.218,1753.11,12.2,5500.34,205.47,2000
HD_168746_b,HD 168746 b,HD_168746,0.07,0.11,90,6.404,11.1,85.8141,900,2002
HD_168863_b,HD 168863 b,HD_168863,10.961,0.187,129.839,14773.9,12.7,2154.88,63.01,2022
HD_1690_b,HD 1690 b,HD_1690,1.36,0.64,90,533,12.5,2793.73,841.73,2010
HD_16905_b,HD 16905 b,HD_16905,8.8,0.68,43,10256,12.4,3591.46,69.63,2022
HD_169142_b,HD 169142 b,HD_169142,37.2,0,13,-1,13.1,953.485,71.02,2023
HD_169830_b,HD 169830 b,HD_169830,0.765,0.294,90,225.674,13.2,804.424,345,2000
HD_169830_c,HD 169830 c,HD_169830,3.075,0.246,24.469,1818.82,12.6,2437.43,241.03,2003
HD_170469_b,HD 170469 b,HD_170469,2.24,0.11,90,1145,14.1,209.768,209.6,2007
HD_17092_b,HD 17092 b,HD_17092,1.31,0.17,90,359.9,12.5,3219.62,671.64,2007
HD_171028_b,HD 171028 b,HD_171028,1.32,0.59,90,550,13.2,832.715,374.07,2007
HD_171238_b,HD 171238 b,HD_171238,2.518,0.358,19.1,1515,12.5,2796.89,166.96,2009
HD_17156_b,HD 17156 b,HD_17156,0.1632,0.6772,86.51,21.2164,12.2626,1036.12,888,2007
HD_173416_b,HD 173416 b,HD_173416,1.158,0.208,90,322.03,13.4,585.122,771.03,2008
HD_174205_b,HD 174205 b,HD_174205,1.7,0.4,90,582,13,1334.88,821.72,2022
HD_175167_b,HD 175167 b,HD_175167,2.4,0.51,60,1175,12.3,4703.86,232.03,2009
HD_175541_b,HD 175541 b,HD_175541,0.975,0.11,90,298.43,14.1,190.062,501.11,2007
HD_175607_b,HD 175607 b,HD_175607,-1,0.11,0.1865,29.01,-1,2456.18,-1,2015
HD_17674_b,HD 17674 b,HD_17674,1.42,0.13,90,623.8,13.9,276.512,259.52,2017
HD_176986_b,HD 176986 b,HD_176986,0.062956,0.066,0.2581,6.49164,-1,1487.75,767,2017
HD_176986_c,HD 176986 c,HD_176986,0.11873,0.111,0.2419,16.8124,-1,2097.99,558,2017
HD_176986_d,HD 176986 d,HD_176986,0.28149,0,90,61.376,2.49,6.76,363,2026
HD_177565_b,HD 177565 b,HD_177565,0.246,0.0593,90,44.505,4,15.1,539.21,2017
HD_177830_c,HD 177830 c,HD_177830,0.5137,0.3,90,110.9,7.87,47.6725,538.95,2010
HD_177830_b,HD 177830 b,HD_177830,1.14,0.1,90,410.1,13.5,537.133,399.64,1999
HD_178911_B_b,HD 178911 B b,HD_178911_B,0.34,0.11,90,71.484,12.6,2552.17,480.24,2001
HD_179079_b,HD 179079 b,HD_179079,0.1214,0.049,0.3766,14.479,-1,4195.33,997.61,2008
HD_179949_b,HD 179949 b,HD_179949,0.0443,0.022,90,3.09251,13.9,291.12,1590.53,2000
HD_180053_b,HD 180053 b,HD_180053,0.843,0.081,90,213.72,13.3,697.319,542.98,2018
HD_18015_b,HD 18015 b,HD_18015,3.87,0.148,69,2278,13.1,1048.83,242.98,2018
HD_180314_b,HD 180314 b,HD_180314,1.448,0.247,90,394.73,12,7216.93,597.64,2010
HD_180617_b,HD 180617 b,HD_180617,0.343,0.101,90,105.911,3.53,12.214,201.8,2018
HD_180902_b,HD 180902 b,HD_180902,1.4,0.107,90,510.9,13.5,535.544,412.37,2009
HD_181234_b,HD 181234 b,HD_181234,7.427,0.726,98.732,7593.41,12.5,2980.91,98.09,2019
HD_181342_b,HD 181342 b,HD_181342,1.592,0.022,90,564.1,13.2,807.288,410.15,2009
HD_18143_b,HD 18143 b,HD_18143,0.088,0.224,90,10.2851,3.28,10.8062,769.92,2022
HD_18143_c,HD 18143 c,HD_18143,17.53,0.194,35.98,28982.4,12.5,3177.65,54.55,2022
HD_181433_b,HD 181433 b,HD_181433,0.0828,0.396,0.2542,9.3745,-1,1708.65,732.52,2008
HD_181433_c,HD 181433 c,HD_181433,1.885,0.2402,111,1018.5,-1,2207,153.53,2008
HD_181433_d,HD 181433 d,HD_181433,6.74,0.444,164.5,6896.1,13.2,858.137,81.19,2008
HD_181720_b,HD 181720 b,HD_181720,1.85,0.26,90,956,14,127.132,249.06,2009
HD_183263_b,HD 183263 b,HD_183263,1.46,0.383,90,624.874,13.1,1103.18,263.26,2004
HD_183263_c,HD 183263 c,HD_183263,5.585,0.051,73.718,4667.98,12.5,2958.98,134.6,2008
HD_183579_b,HD 183579 b,HD_183579,0.1322,0.061,89.11,17.4713,3.49,20.4,752,2021
HD_184010_b,HD 184010 b,HD_184010,0.94,0,90,286.6,12.1,98.5268,545.04,2022
HD_184010_c,HD 184010 c,HD_184010,1.334,0,90,484.3,11.8,95.3485,457.53,2022
HD_184010_d,HD 184010 d,HD_184010,1.92,0,90,836.4,14.3,143.023,381.37,2022
HD_18438_b,HD 18438 b,HD_18438,2.1,0.1,90,803,12.1,6674.4,1208.15,2023
HD_185269_b,HD 185269 b,HD_185269,0.077,0.229,90,6.83776,13.8,321.008,1455.61,2006
HD_185283_b,HD 185283 b,HD_185283,4.6,0.07,91,4060,13.6,413.177,93.97,2023
HD_18599_b,HD 18599 b,HD_18599,0.048,0.34,87.6,4.13744,2.6,24.1,863,2022
HD_187085_b,HD 187085 b,HD_187085,2.1,0.251,90,1019.74,13.9,265.706,229.38,2006
HD_187123_b,HD 187123 b,HD_187123,0.0426,0.0103,79,3.09658,14.2,166.218,1450.9,1998
HD_187123_c,HD 187123 c,HD_187123,4.89,0.252,137.2,3810,13.2,912.168,135.42,2008
HD_18742_b,HD 18742 b,HD_18742,1.82,0.04,90,766,13.1,1080.62,399.93,2011
HD_188015_b,HD 188015 b,HD_188015,1.203,0.137,90,461.2,13.6,476.72,267.98,2004
HD_188641_b,HD 188641 b,HD_188641,12.027,0.034,49.245,14583.8,11.9,9333.03,114.36,2022
HD_189567_b,HD 189567 b,HD_189567,0.111,0.189,90,14.288,2.85,8.5,845.16,2021
HD_189567_c,HD 189567 c,HD_189567,0.197,0.16,90,33.688,2.54,7,634.41,2021
HD_189733_b,HD 189733 b,HD_189733,0.03126,0,85.71,2.21858,12.6662,359.148,1209,2005
HD_190007_b,HD 190007 b,HD_190007,0.092,0.136,90,11.7241,4.06,15.5,651.41,2020
HD_190228_b,HD 190228 b,HD_190228,2.406,0.559,94.987,1143.6,12.9,1598.68,267.99,2022
HD_190360_c,HD 190360 c,HD_190360,0.1298,0.163,95,17.1163,5.53,26.2,794.55,2005
HD_190360_d,HD 190360 d,HD_190360,0.3886,0.058,88,88.69,3.48,11.9,459.21,2026
HD_190360_b,HD 190360 b,HD_190360,3.965,0.3342,71,2887.5,13.5,537,150,2003
HD_190647_b,HD 190647 b,HD_190647,2.231,0.224,90,1176.45,13.4,630.893,214.19,2007
HD_190984_b,HD 190984 b,HD_190984,5.5,0.57,64,4885,13,1137.83,152.29,2009
HD_191806_b,HD 191806 b,HD_191806,2.749,0.213,66.519,1603.39,12.5,2966.61,206.98,2016
HD_191939_b,HD 191939 b,HD_191939,0.0804,0.031,88.1,8.88033,3.41,10,880,2020
HD_191939_c,HD 191939 c,HD_191939,0.1752,0.034,89.1,28.5797,3.195,8,600,2020
HD_191939_d,HD 191939 d,HD_191939,0.2132,0.031,89.49,38.353,2.995,2.8,540,2020
HD_191939_e,HD 191939 e,HD_191939,0.407,0.031,88.7,101.12,13,112.2,390,2022
HD_191939_g,HD 191939 g,HD_191939,0.812,0.03,90,284,3.74,13.5,278,2022
HD_191939_f,HD 191939 f,HD_191939,3.71,0,90,2898,13.2,915.346,125,2022
HD_192263_b,HD 192263 b,HD_192263,0.15,0.05,90,24.3556,14.2,177.985,486,1999
HD_192310_b,HD 192310 b,HD_192310,0.32,0.13,90,74.72,4.27,16.9,355,2011
HD_192310_c,HD 192310 c,HD_192310,1.18,0.32,90,525.8,5.25,24,185,2011
HD_192699_b,HD 192699 b,HD_192699,1.063,0.082,90,340.94,13.4,666.172,495.11,2007
HD_194490_b,HD 194490 b,HD_194490,11.116,0.251,57.99,13092.2,12.4,3561.9,90.87,2022
HD_195019_b,HD 195019 b,HD_195019,0.14,0.01,90,18.2013,13,1264.96,901.66,1998
HD_196050_b,HD 196050 b,HD_196050,2.65,0.2,42,1392,12.9,1493.79,207.52,2002
HD_196067_c,HD 196067 c,HD_196067,-1,0.235,90,4.60109,3.21,10.4,-1,2025
HD_196067_b,HD 196067 b,HD_196067,4.71,0.56292,29.7,3413.7,12.4,3623.24,176.42,2012
HD_19615_b,HD 19615 b,HD_19615,1.1,0.2,90,402,12.6,2701.54,1113.92,2022
HD_196885_A_b,HD 196885 A b,HD_196885_A,2.37,0.48,90,1333,13.2,819.97,224.21,2007
HD_197037_b,HD 197037 b,HD_197037,2.07,0.22,90,1035.7,13.9,251,216.67,2012
HD_199509_b,HD 199509 b,HD_199509,0.426,0.373,90,99.6217,7.43,43.2247,410.73,2022
HD_19994_b,HD 19994 b,HD_19994,1.305,0.063,90,466.2,13.6,435.41,350.1,2003
HD_20003_b,HD 20003 b,HD_20003,0.0974,0.36,90,11.8482,3.43,11.66,814.93,2019
HD_20003_c,HD 20003 c,HD_20003,0.1964,0.1,90,33.9239,3.89,14.44,573.89,2019
HD_200964_b,HD 200964 b,HD_200964,1.565,0.087,90,606.3,13.5,508.21,425.95,2010
HD_200964_c,HD 200964 c,HD_200964,1.96,0.243,90,852.5,13.7,385.846,380.62,2010
HD_202206_b,HD 202206 b,HD_202206,0.81,0.426,51,256.26,12.1,6849.2,314.96,2026
HD_202206_c,HD 202206 c,HD_202206,2.39,0.171,51,1299.22,13.1,982.09,183.35,2004
HD_202696_b,HD 202696 b,HD_202696,1.566,0.011,90,517.8,-1,634.389,492.46,2019
HD_202696_c,HD 202696 c,HD_202696,2.342,0.028,90,946.6,-1,592.435,402.69,2019
HD_202772_A_b,HD 202772 A b,HD_202772_A,0.05208,0.03,84.9,3.30888,18.237,323.549,2181,2019
HD_203030_b,HD 203030 b,HD_203030,487.1,0,90,-1,14.4596,3496.11,1040,2006
HD_20329_b,HD 20329 b,HD_20329,0.018,0,76.01,0.926118,1.72,7.42,2141,2022
HD_203387_b,HD 203387 b,HD_203387,1.771,0.732,90,512.535,13.1,1106.04,610,2022
HD_203387_c,HD 203387 c,HD_203387,5.067,0.202,158.462,2481.07,12.6,2378.95,360.63,2022
HD_2039_b,HD 2039 b,HD_2039,2.2,0.71,90,1120,12.7,1999.15,210.84,2002
HD_204313_c,HD 204313 c,HD_204313,0.211,0.059,90,34.9588,4.31,17.1627,634.95,2015
HD_204313_b,HD 204313 b,HD_204313,3.185,0.1,72.917,2041.12,12.9,1466.78,163.43,2010
HD_204313_e,HD 204313 e,HD_204313,7.457,0.253,176.092,7325.65,12.2,4868.18,106.81,2022
HD_204941_b,HD 204941 b,HD_204941,2.55,0.37,90,1733,10.1,73.1009,134.04,2011
HD_205158_b,HD 205158 b,HD_205158,0.177,0.145,90,25.338,13.9,124.589,963.25,2022
HD_205739_b,HD 205739 b,HD_205739,0.896,0.27,90,279.8,13.6,435.41,362.84,2008
HD_206255_b,HD 206255 b,HD_206255,0.461,0.23,90,96.045,6.47,34.2,596.48,2019
HD_206610_b,HD 206610 b,HD_206610,1.74,0.1,90,673.2,13.4,647.102,437.88,2009
HD_206893_c,HD 206893 c,HD_206893,3.74,0.283,142.5,2290,16.3651,3527.9,1181.9,2022
HD_206893_b,HD 206893 b,HD_206893,10.75,0.069,142,11100,14.0112,6197.65,1429.2,2021
HD_207496_b,HD 207496 b,HD_207496,0.0629,0.231,88.79,6.44101,2.25,6.1,743,2023
HD_20781_b,HD 20781 b,HD_20781,0.0529,0.1,90,5.3135,1.21,1.93,1006.1,2019
HD_20781_c,HD 20781 c,HD_20781,0.1004,0.09,90,13.8905,2.17,5.33,730.3,2019
HD_20781_d,HD 20781 d,HD_20781,0.1647,0.11,90,29.158,3.25,10.61,570.19,2019
HD_20781_e,HD 20781 e,HD_20781,0.3374,0.06,90,85.5073,3.83,14.03,398.38,2019
HD_20782_b,HD 20782 b,HD_20782,1.3649,0.95,90,597.064,13.6,472.83,253.34,2006
HD_207832_b,HD 207832 b,HD_207832,0.586,0.197,90,160.07,14.2,177.985,340.28,2012
HD_207832_c,HD 207832 c,HD_207832,2.112,0.27,90,1155.7,14,232.016,179.84,2012
HD_207897_b,HD 207897 b,HD_207897,0.117,0,88.757,16.2017,2.34302,14.8,581.75,2021
HD_20794_b,HD 20794 b,HD_20794,0.1257,0.064,90,18.314,1.45,2.7,660,2011
HD_20794_d,HD 20794 d,HD_20794,0.3625,0.077,90,89.68,2.04,4.8,388,2011
HD_20794_e,HD 20794 e,HD_20794,0.509,0.29,90,147.02,2.03,4.77,352.04,2017
HD_20794_f,HD 20794 f,HD_20794,1.3541,0.45,90,647.6,2.28,5.82,214.52,2025
HD_208487_b,HD 208487 b,HD_208487,0.53,0.37,90,129.36,14.3,146.201,437.59,2004
HD_208527_b,HD 208527 b,HD_208527,2.1,0.08,90,875.5,12.5,3146.4,959.79,2012
HD_20868_b,HD 20868 b,HD_20868,0.95,0.75,90,380.85,13.7,397.288,207.11,2008
HD_208897_b,HD 208897 b,HD_208897,1.063,0.02,90,358.27,13.7,379.487,507.24,2017
HD_209458_b,HD 209458 b,HD_209458,0.04707,0,86.71,3.52475,15.5805,232.016,1459,1999
HD_210193_b,HD 210193 b,HD_210193,1.487,0.24,90,649.918,14.3,153.1,235.69,2019
HD_210277_b,HD 210277 b,HD_210277,1.13,0.48,90,442.19,13.6,410.001,259.86,1998
HD_210702_b,HD 210702 b,HD_210702,1.079,0.071,90,355.5,13.6,481.51,485.86,2007
HD_211403_b,HD 211403 b,HD_211403,0.768,0.084,90,223.8,12.8,1760.77,380,2021
HD_211810_b,HD 211810 b,HD_211810,2.656,0.68,90,1558,14,212.946,177.77,2018
HD_211970_b,HD 211970 b,HD_211970,0.143,0.15,90,25.201,3.66,13,398.77,2019
HD_212301_b,HD 212301 b,HD_212301,0.03,0,90,2.24571,14.2,162.093,1870.75,2005
HD_212771_b,HD 212771 b,HD_212771,1.19,0.076,90,380.7,13.3,759.614,507.69,2009
HD_213240_b,HD 213240 b,HD_213240,1.89,0.42,63,882.7,12.8,1655.89,257.7,2001
HD_213472_b,HD 213472 b,HD_213472,13,0.53,90,17000,13.1,1112.4,91.76,2021
HD_213519_b,HD 213519 b,HD_213519,0.099,0.413,90,11.1221,2.99,9.21702,931.36,2022
HD_213885_b,HD 213885 b,HD_213885,0.02012,0,80.09,1.00804,1.745,8.83,2128,2019
HD_213885_c,HD 213885 c,HD_213885,0.056798,0,90,4.78503,4.71,19.95,1265.4,2019
HD_21411_b,HD 21411 b,HD_21411,0.362,0.4,90,84.288,9.52,65.9,408.17,2019
HD_214823_b,HD 214823 b,HD_214823,3.08,0.161,99.51,1854.84,12.1,5914.79,243.9,2016
HD_215152_b,HD 215152 b,HD_215152,0.057638,0,0.1871,5.75999,-1,565.417,846.89,2018
HD_215152_c,HD 215152 c,HD_215152,0.067393,0,0.2035,7.28243,-1,468.797,783.2,2018
HD_215152_d,HD 215152 d,HD_215152,0.08799,0,0.1998,10.865,-1,770.416,685.43,2018
HD_215152_e,HD 215152 e,HD_215152,0.15417,0,0.1869,25.1967,-1,975.415,517.82,2018
HD_21520_b,HD 21520 b,HD_21520,0.1726,0,89.23,25.1292,2.697,17.7,637,2024
HD_215497_b,HD 215497 b,HD_215497,0.05,0.16,0.2301,3.93404,-1,1588.82,1015.96,2009
HD_215497_c,HD 215497 c,HD_215497,1.31,0.47,90,566,13,111.24,198.6,2009
HD_216435_b,HD 216435 b,HD_216435,2.56,0.07,90,1311,13.7,400.4,242.57,2002
HD_216437_b,HD 216437 b,HD_216437,2.57,0.31,148,1359,13,1334.88,209.85,2002
HD_216520_b,HD 216520 b,HD_216520,0.198,0.09,90,35.45,3.18,10.26,482.1,2020
HD_216520_c,HD 216520 c,HD_216520,0.528,0.12,90,154.43,3.03,9.44,295.22,2020
HD_216536_b,HD 216536 b,HD_216536,0.61,0.38,90,148.6,13.8,333.721,897.99,2015
HD_216770_b,HD 216770 b,HD_216770,0.46,0.37,90,118.45,14.1,181.163,370.18,2003
HD_21693_b,HD 21693 b,HD_21693,0.1455,0.12,90,22.6786,2.8,8.23,656.39,2019
HD_21693_c,HD 21693 c,HD_21693,0.2586,0.07,90,53.7357,4.34,17.37,492.36,2019
HD_217107_b,HD 217107 b,HD_217107,0.07359,0.1284,93,7.12702,13.6,459.58,1105.84,1998
HD_217107_c,HD 217107 c,HD_217107,5.922,0.3918,88,5138.7,12.9,1388.91,123.27,2005
HD_217786_c,HD 217786 c,HD_217786,0.038,0.399,90,2.52221,2.61,7.31005,1663.13,2022
HD_217786_b,HD 217786 b,HD_217786,2.446,0.311,69.767,1301.36,12.3,4402.56,207.3,2011
HD_217958_b,HD 217958 b,HD_217958,3.758,0.156,91.357,2560.2,14.2,166.542,169.89,2022
HD_218566_b,HD 218566 b,HD_218566,0.69,0.3,90,225.7,9.32,63.566,253.15,2010
HD_219077_b,HD 219077 b,HD_219077,5.935,0.768,90.178,5478.69,12.5,3057.51,146.68,2012
HD_219134_b,HD 219134 b,HD_219134,0.03876,0,85.05,3.09293,1.602,4.74,1015,2015
HD_219134_c,HD 219134 c,HD_219134,0.0653,0.062,87.28,6.76458,1.511,4.36,782,2015
HD_219134_f,HD 219134 f,HD_219134,0.1463,0.148,90,22.717,1.31,7.3,522.6,2015
HD_219134_d,HD 219134 d,HD_219134,0.237,0.138,90,46.859,1.61,16.17,410.5,2015
HD_219134_g,HD 219134 g,HD_219134,0.3753,0,90,94.2,3.28,10.8062,339.34,2015
HD_219134_h,HD 219134 h,HD_219134,3.11,0.06,90,2247,12.7,108.062,117.88,2015
HD_219139_b,HD 219139 b,HD_219139,0.94,0.11,90,275.5,14,247.906,804.83,2021
HD_219415_b,HD 219415 b,HD_219415,3.2,0.4,90,2093.3,13.8,317.83,221.26,2012
HD_219666_b,HD 219666 b,HD_219666,0.06356,0.05,86.42,6.03447,4.898,17.6,1076,2018
HD_219828_b,HD 219828 b,HD_219828,0.049,0.091,90,3.83483,4.59,19.0697,1602.83,2007
HD_219828_c,HD 219828 c,HD_219828,5.657,0.811,122.816,4789.87,12.2,5102.42,149.17,2016
HD_220074_b,HD 220074 b,HD_220074,1.6,0.14,90,672.1,12.2,5288.69,1069.88,2012
HD_220197_b,HD 220197 b,HD_220197,2.729,0.187,90,1728,9.32,63.566,164.22,2018
HD_220689_b,HD 220689 b,HD_220689,3.396,0.054,71,2266.4,13.7,381.394,160.11,2012
HD_220773_b,HD 220773 b,HD_220773,4.94,0.51,90,3724.7,13.6,460.8,167.02,2011
HD_220842_b,HD 220842 b,HD_220842,0.74,0.404,90,218.47,13.1,1010.7,397.62,2016
HD_221287_b,HD 221287 b,HD_221287,1.25,0.08,90,456.1,13.1,982.05,290.13,2007
HD_221416_b,HD 221416 b,HD_221416,0.1228,0.115,85.75,14.2767,9.17,60.5,1314.67,2019
HD_221420_b,HD 221420 b,HD_221420,10.15,0.14,164,10090,12,7278.27,123.49,2019
HD_221585_b,HD 221585 b,HD_221585,2.306,0.123,90,1173,13.5,511.706,242.77,2016
HD_222076_b,HD 222076 b,HD_222076,1.83,0.08,90,871,13.5,495.815,346.88,2016
HD_222155_b,HD 222155 b,HD_222155,5.14,0.16,68,3999,13.4,581.626,164.93,2011
HD_222237_b,HD 222237 b,HD_222237,10.8,0.56,49.9,14892,12.8,1649.53,58.74,2024
HD_222582_b,HD 222582 b,HD_222582,1.34,0.73,90,572.38,12.6,2660.24,256.39,1999
HD_224018_b,HD 224018 b,HD_224018,0.0952,0.06,86.7,10.6413,0.91,4.1,968,2025
HD_224018_c,HD 224018 c,HD_224018,0.217,0.02,89.8,36.5767,2.42,10.4,641,2025
HD_224018_d,HD 224018 d,HD_224018,0.53,0.04,89.9,138.073,2.4,4.2,411,2025
HD_224538_b,HD 224538 b,HD_224538,2.375,0.476,91.125,1202.05,12.7,2075.74,236.74,2016
HD_224693_b,HD 224693 b,HD_224693,0.191,0.104,90,26.6904,14,222.481,903.45,2006
HD_22496_b,HD 22496 b,HD_22496,0.051,0,90,5.09071,2.22,5.57,573,2021
HD_22532_b,HD 22532 b,HD_22532,1.9,0.03,90,872.6,13.4,673.796,420.41,2022
HD_22781_b,HD 22781 b,HD_22781,1.167,0.8191,90,528.07,12.3,4338.2,193.48,2011
TOI_411_b,TOI-411 b,HD_22946,0.05727,0.126,88.3,4.0403,1.362,13.71,1241,2022
TOI_411_c,TOI-411 c,HD_22946,0.1017,0.16,88.57,9.57308,2.328,9.72,931,2022
HD_22946_d,HD 22946 d,HD_22946,0.2958,0,90,47.4249,2.607,26.57,546,2023
HD_23079_b,HD 23079 b,HD_23079,1.6,0.07348,90,735.74,13.2,845.424,237.47,2001
HD_23079_c,HD 23079 c,HD_23079,-1,0.097,90,5.74891,2.8,8.26,-1,2025
HD_23127_b,HD 23127 b,HD_23127,2.37,0.406,90,1211.17,13.5,485.326,223.4,2006
HD_231701_b,HD 231701 b,HD_231701,0.567,0.13,90,141.63,13.7,359.148,483.27,2007
HD_233604_b,HD 233604 b,HD_233604,0.747,0.05,90,192,12.7,2089.64,882.5,2013
HD_233832_b,HD 233832 b,HD_233832,2.827,0.359,90,2058,13.5,565.737,117.8,2018
HD_23472_d,HD 23472 d,HD_23472,0.04298,0.07,87.95,3.97664,0.75,0.55,909,2022
HD_23472_e,HD 23472 e,HD_23472,0.068,0.07,88.63,7.90754,0.818,0.72,723,2022
HD_23472_f,HD 23472 f,HD_23472,0.0906,0.07,88.81,12.1622,1.137,0.77,630,2022
HD_23472_b,HD 23472 b,HD_23472,0.1162,0.072,88.93,17.6671,2,8.32,543,2019
HD_23472_c,HD 23472 c,HD_23472,0.1646,0.063,89.095,29.7975,1.87,3.41,467,2019
HD_235088_b,HD 235088 b,HD_235088,0.0706,0,88.74,7.43413,1.982,4.15,805,2023
HD_23596_b,HD 23596 b,HD_23596,2.694,0.282,38.898,1535.12,12.4,3786.61,219.49,2003
HD_238090_b,HD 238090 b,HD_238090,0.0932,0.3,90,13.671,2.52,6.89,469.6,2020
HD_238914_b,HD 238914 b,HD_238914,5.7,0.56,90,4100,12.8,1906.98,343.67,2018
HD_240210_b,HD 240210 b,HD_240210,1.16,0.15,90,501.75,12.8,1655.82,970.67,2009
HD_240237_b,HD 240237 b,HD_240237,1.92,0.4,90,745.7,12.2,5050.32,1153.09,2011
HD_24040_c,HD 24040 c,HD_24040,1.3,0.11,90,515.4,9.35,63.8835,287.75,2021
HD_24040_b,HD 24040 b,HD_24040,4.92,0.04,89,3668,12.9,1589.14,143.81,2006
HD_24064_b,HD 24064 b,HD_24064,1.29,0.35,90,535.6,12.3,4096.83,1088.02,2015
HD_24085_b,HD 24085 b,HD_24085,0.034,0.22,90,2.0455,3.46,11.8,1875.43,2019
HD_25015_b,HD 25015 b,HD_25015,6.248,0.341,32.046,6134.43,12.5,2884.93,90.69,2019
HD_25171_b,HD 25171 b,HD_25171,2.971,0.042,90,1802.29,13.9,290.814,190.04,2010
HD_25463_c,HD 25463 c,HD_25463,0.0443,0,90,3.04405,1.36355,4.3,1585.57,2023
HD_25463_b,HD 25463 b,HD_25463,0.076,0,90,7.04914,2.54536,8.7,1198.46,2023
HD_25723_b,HD 25723 b,HD_25723,1.49,0.04,90,457.01,13.3,794.571,698.4,2020
HD_25912_b,HD 25912 b,HD_25912,0.242,0.05,90,41.8316,6.9,38.1394,579.16,2022
HD_25912_c,HD 25912 c,HD_25912,17.848,0.051,88.333,26308.7,12.2,5252.75,67.44,2022
HD_260655_b,HD 260655 b,HD_260655,0.02933,0.039,87.35,2.76953,1.24,2.14,709,2022
HD_260655_c,HD 260655 c,HD_260655,0.04749,0.038,87.79,5.70588,1.533,3.09,557,2022
HD_26161_b,HD 26161 b,HD_26161,10.087,0.922,59.558,10942.3,11.9,9045.4,110.98,2021
HD_2638_b,HD 2638 b,HD_2638,0.04,0,90,3.4442,14.3,133.489,1212.27,2005
HD_2685_b,HD 2685 b,HD_2685,0.0568,0.091,89.252,4.12688,16.141,371.861,2061,2019
HD_27442_b,HD 27442 b,HD_27442,1.271,0.06,90,428.1,13.5,495.8,369.62,2000
HD_27631_b,HD 27631 b,HD_27631,3.242,0.141,74,2198.14,13.5,495.812,147.61,2012
HD_278555_b,HD 278555 b,HD_278555,0.1985,0.085,90,28.8424,11.0296,266.976,853,2026
HD_27894_b,HD 27894 b,HD_27894,0.125,0.047,89,18.0194,14.1,196.736,627.88,2005
HD_27894_c,HD 27894 c,HD_27894,0.198,0.015,90,36.07,8.24,51.4885,498.89,2017
HD_27894_d,HD 27894 d,HD_27894,5.362,0.343,101.524,5019.54,12.7,2063.66,95.87,2017
HD_27969_b,HD 27969 b,HD_27969,1.552,0.182,90,654.5,12.9,1525.58,261,2021
HD_28109_b,HD 28109 b,HD_28109,0.1357,0.0071,87.94,22.8911,2.69,6.2,867,2022
HD_28109_c,HD 28109 c,HD_28109,0.308,0.0039,89.61,55.9971,4.13,9.2,643,2022
HD_28109_d,HD 28109 d,HD_28109,0.411,0.0054,89.77,84.2899,3.11,5.8,561,2022
HD_28185_b,HD 28185 b,HD_28185,1.034,0.063,90,385.92,12.8,1859.3,271.95,2001
HD_28185_c,HD 28185 c,HD_28185,8.5,0.15,66,9090,12.8,1906.97,94.85,2022
HD_28192_b,HD 28192 b,HD_28192,0.118,0.104,90,14.2328,12.2,99.7981,859.98,2022
HD_28254_b,HD 28254 b,HD_28254,2.45,0.95,162,1333,13,1207.75,212.28,2010
HD_284149_AB_b,HD 284149 AB b,HD_284149_A,431.16,0,90,-1,12,8352.53,2395,2017
HD_28471_b,HD 28471 b,HD_28471,0.042,0.195,90,3.1649,1.75,3.72,1377,2025
HD_28471_c,HD 28471 c,HD_28471,0.065,0.088,90,6.1245,2.26,5.72,1066,2025
HD_28471_d,HD 28471 d,HD_28471,0.1,0.093,90,11.681,2.06,4.91,945,2025
HD_285507_b,HD 285507 b,HD_285507,0.06,0.09,90,6.0881,13.8,311.473,736.35,2013
HD_285968_b,HD 285968 b,HD_285968,0.066,0,90,8.7836,2.83,8.4,450,2008
HD_28678_b,HD 28678 b,HD_28678,1.18,0.149,90,380.2,13.5,490.094,561.84,2011
HD_29021_b,HD 29021 b,HD_29021,2.294,0.453,33.7,1365,12.9,1420.69,163.2,2017
HD_290327_b,HD 290327 b,HD_290327,3.43,0.08,90,2443,13.3,772.327,139.7,2009
HD_29399_b,HD 29399 b,HD_29399,1.913,0.05,90,892.7,13.5,498.991,358.32,2022
HD_2952_b,HD 2952 b,HD_2952,1.117,0.269,90,312.08,13.9,284.774,731.02,2013
HD_29985_b,HD 29985 b,HD_29985,13.39,0.261,52.658,20608.1,12.8,1739.47,46.73,2022
HD_30177_b,HD 30177 b,HD_30177,3.49,0.186,65.5,2539,12.6,2622.08,148,2002
HD_30177_c,HD 30177 c,HD_30177,9.9,0.21,72.7,11320,12.9,1484.26,87.87,2016
HD_30562_b,HD 30562 b,HD_30562,2.34,0.76,65,1157,13.6,467.208,235.27,2009
HD_30669_b,HD 30669 b,HD_30669,2.69,0.18,90,1684,14.3,149.37,151.45,2014
TOI_784_b,TOI-784 b,HD_307842,0.038,0,88.6,2.79704,1.93,9.67,1256,2023
HD_30856_b,HD 30856 b,HD_30856,1.85,0.061,90,847,13.5,491.683,364.02,2011
HD_31253_b,HD 31253 b,HD_31253,1.26,0.3,90,466,14.1,197.055,348.36,2010
HD_31527_b,HD 31527 b,HD_31527,0.1254,0.1,90,16.5535,3.22,10.47,832.2,2019
HD_31527_c,HD 31527 c,HD_31527,0.2663,0.04,90,51.2053,3.85,14.16,571.07,2019
HD_31527_d,HD 31527 d,HD_31527,0.8098,0.24,90,271.674,3.46,11.82,327.48,2019
HD_3167_b,HD 3167 b,HD_3167,0.01814,0,87.8,0.959655,1.601,4.844,1781,2016
HD_3167_d,HD 3167 d,HD_3167,0.077,0.35,39,8.3967,2.61,7.3,865,2017
HD_3167_c,HD 3167 c,HD_3167,0.1794,0.04,89.433,29.8465,2.983,11.41,567,2016
HD_3167_e,HD 3167 e,HD_3167,0.3797,0.128,41,91.9,3.97,14.9,389,2022
HD_32518_b,HD 32518 b,HD_32518,0.594,0.028,90,157.35,13.2,905.493,916.07,2009
HD_32963_b,HD 32963 b,HD_32963,3.41,0.07,19.3,2372,13.4,657.905,157.63,2015
HD_330075_b,HD 330075 b,HD_330075,0.04,0,90,3.38773,14.3,152.558,990,2004
HD_331093_b,HD 331093 b,HD_331093,1.44,0.59,0.3704,621.62,13.6,476.743,234.84,2021
HD_33142_d,HD 33142 d,HD_33142,0.452,0.191,90,89.9,9.32,63.5657,736.04,2022
HD_33142_b,HD 33142 b,HD_33142,1.074,0.049,90,330,13.7,400.464,477.5,2011
HD_33142_c,HD 33142 c,HD_33142,1.955,0.081,90,810.2,13.9,282.867,353.91,2016
HD_332231_b,HD 332231 b,HD_332231,0.145,0,89.68,18.712,9.07303,74.1,798.3,2020
HD_33283_b,HD 33283 b,HD_33283,0.1508,0.399,90,18.1991,12.5,104.566,1034.4,2006
HD_33564_b,HD 33564 b,HD_33564,1.1,0.34,90,388,12.5,2892.1,344.43,2005
HD_33844_b,HD 33844 b,HD_33844,1.6,0.15,90,551.4,13.4,638.838,430.22,2015
HD_33844_c,HD 33844 c,HD_33844,2.24,0.13,90,916,13.5,556.202,360.22,2015
HD_34445_e,HD 34445 e,HD_34445,0.2687,0.09,90,49.175,4.26,16.8,637.76,2017
HD_34445_d,HD 34445 d,HD_34445,0.4817,0.027,90,117.87,6.07,30.7,476.32,2017
HD_34445_c,HD 34445 c,HD_34445,0.7181,0.036,90,214.67,8.42,53.5,390.12,2017
HD_34445_f,HD 34445 f,HD_34445,1.543,0.031,90,676.8,6.88,37.9,266.14,2017
HD_34445_b,HD 34445 b,HD_34445,2.07,0.27,90,1049,13.9,260.621,231.47,2009
HD_34445_g,HD 34445 g,HD_34445,6.36,0.032,90,5700,13.6,120.6,131.09,2017
HD_35759_b,HD 35759 b,HD_35759,0.389,0.389,90,82.467,13,1195.04,621.56,2016
HD_35843_b,HD 35843 b,HD_35843,0.088,0,90,9.8991,2.29,5.84,872.3,2025
HD_35843_c,HD 35843 c,HD_35843,0.25,0.153,89.58,46.9622,2.54,11.32,479,2025
HD_360_b,HD 360 b,HD_360,0.98,0.139,90,273.1,14,238.371,765.69,2021
HD_36384_b,HD 36384 b,HD_36384,1.3,0.2,90,490,12.7,2097.67,1032.58,2023
HD_3651_b,HD 3651 b,HD_3651,0.295,0.645,90,62.25,10.1,72.4652,432.84,2003
HD_37124_b,HD 37124 b,HD_37124,0.53364,0.054,90,154.378,14,214.535,366.48,2002
HD_37124_c,HD 37124 c,HD_37124,1.71,0.125,90,885.5,14.1,207.225,204.73,2002
HD_37124_d,HD 37124 d,HD_37124,2.807,0.16,90,1862,14,221.21,159.79,2005
HD_37605_b,HD 37605 b,HD_37605,0.277,0.6745,90,55.0129,13.2,854.963,465.76,2004
HD_37605_c,HD 37605 c,HD_37605,3.74,0.03,90,2720,13.1,1013.88,126.75,2012
HD_3765_b,HD 3765 b,HD_3765,2.108,0.298,90,1211,8.56,54.9843,152.85,2021
HD_38283_b,HD 38283 b,HD_38283,1.02,0.41,90,363.2,14,127.132,348.58,2010
HD_38529_b,HD 38529 b,HD_38529,0.115,0.256,90,14.3099,14.1,206.588,1369.46,2000
HD_38529_c,HD 38529 c,HD_38529,3.226,0.357,104.559,2127.61,12.5,3299.06,258.56,2000
HD_38801_b,HD 38801 b,HD_38801,1.623,0.017,90,685.25,12.5,3082.32,287.8,2009
pi_Men_c,pi Men c,HD_39091,0.06839,0,87.045,6.26784,2.0189,3.63,1169.8,2018
pi_Men_d,pi Men d,HD_39091,0.506,0.22,90,124.64,3.72,13.38,443.55,2022
HD_39091_b,HD 39091 b,HD_39091,3.28,0.642,45.8,2088.8,12.3,4481.38,172.74,2001
HD_39194_b,HD 39194 b,HD_39194,0.05895,0.101,90,5.63692,1.99,4.62,915.16,2021
HD_39194_c,HD 39194 c,HD_39194,0.1083,0.078,90,14.0309,2.65,7.49,675.19,2021
HD_39194_d,HD 39194 d,HD_39194,0.1949,0.159,90,33.874,2.12,5.16,503.31,2021
HD_39855_b,HD 39855 b,HD_39855,0.041,0.14,90,3.2498,2.85,8.5,1145.89,2019
HD_40307_b,HD 40307 b,HD_40307,0.0468,0.2,0.2022,4.3123,-1,1189,910,2009
HD_40307_c,HD 40307 c,HD_40307,0.0799,0.06,0.2109,9.6184,-1,1868.51,696,2009
HD_40307_d,HD 40307 d,HD_40307,0.1321,0.07,0.2855,20.432,-1,1775.39,541,2009
HD_40307_f,HD 40307 f,HD_40307,0.247,0.02,90,51.76,2.13,5.2,398,2013
HD_40307_g,HD 40307 g,HD_40307,0.6,0.29,90,197.8,2.56,7.1,255,2013
HD_40956_b,HD 40956 b,HD_40956,1.4,0.24,90,578.6,13.2,858.141,580.56,2017
HD_40979_b,HD 40979 b,HD_40979,0.85,0.25,90,264.15,12.9,1484.27,354.69,2002
HD_41004_A_b,HD 41004 A b,HD_41004_A,-1,0.74,90,963,13.2,807.25,-1,2004
HD_41004_B_b,HD 41004 B b,HD_41004_B,-1,0.081,90,1.3283,12.1,5838.29,-1,2003
HD_4113_b,HD 4113 b,HD_4113,1.28,0.899,90,526.524,13.5,541.262,251.65,2007
HD_42012_b,HD 42012 b,HD_42012,1.67,0.2,90,857.5,13.5,508.528,182.63,2017
HD_4203_b,HD 4203 b,HD_4203,1.17,0.52,90,431.88,13.3,708.761,297.28,2001
HD_4203_c,HD 4203 c,HD_4203,6.95,0.24,90,6700,13.3,689.66,124.96,2014
HD_4208_b,HD 4208 b,HD_4208,1.662,0.042,90,832.97,13.9,257.442,196.68,2001
HD_42618_b,HD 42618 b,HD_42618,0.554,0.19,90,149.61,3.89,14.4,337,2016
HD_4308_b,HD 4308 b,HD_4308,0.12,0,90,15.56,4.12,15.8915,799.37,2005
HD_4313_b,HD 4313 b,HD_4313,1.157,0.147,90,356.21,13.4,612.458,502.39,2009
HD_43197_b,HD 43197 b,HD_43197,0.882,0.742,90,308.921,14.2,175.759,282.81,2010
HD_43197_c,HD 43197 c,HD_43197,8.54,0.149,11.42,9295.97,12.6,2500.67,90.89,2022
HD_43691_b,HD 43691 b,HD_43691,0.238,0.0796,90,36.9987,13.2,810.466,761.79,2007
HD_44219_b,HD 44219 b,HD_44219,1.26,0.41,90,472,14.1,184.34,283.89,2010
HD_45184_b,HD 45184 b,HD_45184,0.0644,0.07,90,5.8854,3.52,12.19,1156.34,2019
HD_45184_c,HD 45184 c,HD_45184,0.11,0.07,90,13.1354,2.91,8.81,884.78,2019
HD_45350_b,HD 45350 b,HD_45350,1.92,0.778,90,963.6,13.5,568.89,217.81,2004
HD_45364_b,HD 45364 b,HD_45364,0.6793,0.067,90,225.79,9.03,60.1649,301.69,2008
HD_45364_c,HD 45364 c,HD_45364,0.902,0.019,90,345.43,14.2,174.488,261.82,2008
HD_45652_b,HD 45652 b,HD_45652,0.237,0.607,90,44.073,14.3,137.62,508.4,2008
HD_457_b,HD 457 b,HD_457,15.369,0.565,62.585,20324.6,11.9,8445.34,85.15,2022
HD_46375_b,HD 46375 b,HD_46375,0.0398,0.063,90,3.02357,10,71.8,1221.4,2000
HD_47186_b,HD 47186 b,HD_47186,0.05,0.04,90,4.0845,5.02,22.2481,1267.79,2008
HD_47186_c,HD 47186 c,HD_47186,2.395,0.249,90,1353.6,13,111.42,183.18,2008
HD_4732_b,HD 4732 b,HD_4732,1.129,0.266,90,371.74,13.4,631.207,498.53,2012
HD_4732_c,HD 4732 c,HD_4732,4.725,0.187,90,3184.2,13.1,1069.49,243.69,2012
HD_47366_b,HD 47366 b,HD_47366,1.207,0.071,90,360.08,13.4,661.719,577.05,2016
HD_47366_c,HD 47366 c,HD_47366,1.84,0.161,90,677.53,13.5,483.735,467.37,2016
HD_47536_b,HD 47536 b,HD_47536,1.93,0.2,90,712.13,12.6,2330,736.52,2002
HD_4760_b,HD 4760 b,HD_4760,1.14,0.23,90,434,12.3,4417.84,1198.67,2021
HD_48265_b,HD 48265 b,HD_48265,1.814,0.211,11.7,778.51,12.6,2351.93,283,2008
HD_48265_c,HD 48265 c,HD_48265,10.4,0.41,89,10418,12.9,1414.34,124.28,2026
HD_48948_b,HD 48948 b,HD_48948,0.0652,0.055,90,7.34013,2.06,4.88,957,2024
HD_48948_c,HD 48948 c,HD_48948,0.1951,0.55,90,38.06,2.6,7.27,553,2024
HD_48948_d,HD 48948 d,HD_48948,0.4894,0.055,90,151.92,3.24,10.59,349,2024
HD_4917_b,HD 4917 b,HD_4917,1.167,0.066,90,400.5,13.5,513.295,479.78,2018
HD_49674_b,HD 49674 b,HD_49674,0.06,0.09,90,4.94737,6.2,31.783,1113.78,2002
HD_50499_b,HD 50499 b,HD_50499,3.833,0.266,90,2447.1,13.5,519.97,174.69,2005
HD_50499_c,HD 50499 c,HD_50499,9.02,0,90,8619.9,13.2,931.242,116.69,2019
HD_50554_c,HD 50554 c,HD_50554,0.0652,0,90,5.96936,1.31,5.3,1090.83,2026
HD_50554_d,HD 50554 d,HD_50554,0.1831,0,90,28.0694,1.41,10.4,651.11,2026
HD_50554_b,HD 50554 b,HD_50554,2.339,0.482,61,1240,12.8,1859.3,192.65,2002
HD_51608_b,HD 51608 b,HD_51608,0.1059,0.09,90,14.0726,3.62,12.77,759.92,2019
HD_51608_c,HD 51608 c,HD_51608,0.3809,0.14,90,95.9446,3.87,14.31,400.69,2019
HD_52265_b,HD 52265 b,HD_52265,0.52,0.27,90,119.27,13.7,384.574,405,2000
HD_5278_b,HD 5278 b,HD_5278,0.1202,0.08,89.27,14.3392,2.45,7.8,943,2021
HD_5278_c,HD 5278 c,HD_5278,0.2416,0.07,90,40.87,4.49,18.4,664.95,2021
HD_5319_b,HD 5319 b,HD_5319,1.57,0.092,90,637.1,13.5,494.543,377.72,2007
HD_5319_c,HD 5319 c,HD_5319,1.93,0.183,90,872.2,13.8,334.675,340.67,2014
HD_5388_b,HD 5388 b,HD_5388,1.757,0.41,38.7,772.5,13.1,1017.05,316.59,2010
HD_55696_b,HD 55696 b,HD_55696,3.18,0.705,57,1827,12.9,1357.13,200.43,2018
HD_5583_b,HD 5583 b,HD_5583,0.53,0.076,90,139.35,12.8,1837.06,964.55,2016
HD_5608_b,HD 5608 b,HD_5608,1.79,0.11,90,768.7,13.7,371.224,403.72,2012
HD_564_b,HD 564 b,HD_564,1.2,0.096,90,492.3,12.5,104.88,261.1,2014
HD_56414_b,HD 56414 b,HD_56414,0.229,0.68,89.3,29.0499,3.71,13.3,1133,2022
HD_56957_b,HD 56957 b,HD_56957,6.426,0.273,170.006,5859.09,12.8,1880.91,145.67,2022
HD_5891_b,HD 5891 b,HD_5891,0.64,0.07,90,177.11,12.6,2425.04,918.78,2011
HD_59686_A_b,HD 59686 A b,HD_59686_A,1.086,0.05,90,299.36,12.7,2199.38,783.08,2016
HD_60292_b,HD 60292 b,HD_60292,1.5,0.27,90,495.4,12.7,2065.89,889.53,2020
HD_60532_b,HD 60532 b,HD_60532,0.77,0.26,90,201.9,13.8,336.9,550.16,2008
HD_60532_c,HD 60532 c,HD_60532,1.6,0.03,90,600.1,13.3,797.753,381.66,2008
HD_6061_b,HD 6061 b,HD_6061,0.06,0,90,5.2549,2.42764,10,1075.31,2023
HD_60779_b,HD 60779 b,HD_60779,0.1922,0.031,88.56,29.9862,3.246,14.19,650,2026
HD_60779_c,HD 60779 c,HD_60779,-1,0.041,90,104.79,5.79,28.3,-1,2026
HD_62364_b,HD 62364 b,HD_62364,6.15,0.607,137.3,5138,12.1,5965.64,143.96,2022
HD_62364_c,HD 62364 c,HD_62364,36.984,0.773,38.789,74839.9,12,7923.46,58.7,2022
HD_62509_b,HD 62509 b,HD_62509,1.64,0.02,90,589.64,13.3,731,549.6,2006
HD_62549_b,HD 62549 b,HD_62549,11.842,0.15,162.313,14306.9,12.6,2707.58,92.25,2022
HD_63433_d,HD 63433 d,HD_63433,0.0503,0.16,88.73,4.20908,1.073,1.25,1040,2023
HD_63433_b,HD 63433 b,HD_63433,0.072,0.24,89.075,7.10795,2.14,21.755,967.11,2020
HD_63433_c,HD 63433 c,HD_63433,0.146,0.21,89.07,20.5438,2.692,15.539,678.92,2020
HD_63454_b,HD 63454 b,HD_63454,0.04,0,90,2.81805,12.31,79.4575,1018.06,2005
HD_63765_b,HD 63765 b,HD_63765,0.94,0.24,90,358,14.2,168.45,246.9,2011
HD_63935_b,HD 63935 b,HD_63935,0.083,0,88.49,9.05881,2.91575,10.5,825.22,2021
HD_63935_c,HD 63935 c,HD_63935,0.148,0,88.241,21.4027,3.06451,11.1,619.59,2021
HD_64114_b,HD 64114 b,HD_64114,0.246,0.12,90,45.791,4.41,17.8,518.51,2019
HD_64121_b,HD 64121 b,HD_64121,1.51,0.11,90,623,13.2,813.641,464.77,2022
HD_6434_b,HD 6434 b,HD_6434,0.14,0.17,90,21.998,14.2,155.737,786.83,2003
HD_65216_b,HD 65216 b,HD_65216,1.301,0.27,90,577.6,13.6,411.59,222.56,2003
HD_65216_c,HD 65216 c,HD_65216,5.75,0.17,90,5370,13.4,645.195,105.87,2013
HD_66141_b,HD 66141 b,HD_66141,1.2,0.07,90,480.5,12.8,1906.9,880.31,2012
HD_66428_b,HD 66428 b,HD_66428,3.395,0.471,16.639,2269.82,12.4,3478.95,159.02,2005
HD_66428_c,HD 66428 c,HD_66428,9.408,0.207,93.938,10478.8,13.5,560.649,95.52,2021
HD_67087_b,HD 67087 b,HD_67087,1.08,0.17,90,352.2,13.1,973,365.67,2015
HD_67087_c,HD 67087 c,HD_67087,3.86,0.76,90,2374,12.9,1540,193.42,2015
HD_6718_b,HD 6718 b,HD_6718,3.53,0.06,51.4,2476,13.3,762.788,148.94,2009
HD_68402_b,HD 68402 b,HD_68402,2.18,0.03,20.3,1103,12.6,2510.84,196.26,2016
HD_68475_b,HD 68475 b,HD_68475,7.27,0.62,87,7832,12.8,1639.99,79.88,2026
HD_6860_b,HD 6860 b,HD_6860,2.03,0.28,90,663.87,11.9,8981.83,1196.06,2023
HD_68988_b,HD 68988 b,HD_68988,0.07,0.12,83,6.27711,13.4,626.125,1179.39,2001
HD_68988_c,HD 68988 c,HD_68988,13.2,0.45,93,16000,12.2,4776.96,87.5,2021
HD_69123_b,HD 69123 b,HD_69123,2.482,0.19,70,1193.3,13.1,982.09,411.78,2022
HD_69830_b,HD 69830 b,HD_69830,0.0785,0.1,90,8.667,3.17,10.2,872.84,2006
HD_69830_c,HD 69830 c,HD_69830,0.186,0.13,90,31.56,3.46,11.8,567.04,2006
HD_69830_d,HD 69830 d,HD_69830,0.63,0.07,90,197,4.45,18.1,308.1,2006
HD_70573_b,HD 70573 b,HD_70573,1.76,0.4,90,851.8,12.8,1900,206.11,2007
HD_70642_b,HD 70642 b,HD_70642,3.318,0.175,29.9,2124.54,13,1239.53,150.52,2003
HD_715_b,HD 715 b,HD_715,0.336,0.21,88.91,56.4,11.9936,201.821,798,2026
HD_7199_b,HD 7199 b,HD_7199,1.36,0.19,1.496,615,-1,3639.14,218.73,2011
HD_72490_b,HD 72490 b,HD_72490,1.88,0.124,90,858,13.5,561.923,386.45,2018
HD_72659_b,HD 72659 b,HD_72659,4.607,0.2393,77.583,3549,13.2,949.671,155.34,2002
HD_72659_c,HD 72659 c,HD_72659,21.5,0.114,40,35500,12.1,6165.87,71.91,2022
HD_72892_b,HD 72892 b,HD_72892,0.228,0.419,90,39.446,12.8,1737.89,634.46,2016
HD_73256_c,HD 73256 c,HD_73256,3.8,0.16,29,2690,12.2,5085.25,133.92,2023
HD_73267_b,HD 73267 b,HD_73267,2.229,0.261,130.843,1257.99,13,1321.53,165.89,2008
HD_73267_c,HD 73267 c,HD_73267,12.688,0.089,91.849,17071.8,12.8,1630.78,69.53,2022
HD_73344_b,HD 73344 b,HD_73344,0.131,0.03,88.082,15.611,2.884,10.48,911,2024
HD_73344_c,HD 73344 c,HD_73344,0.3388,0.124,90,65.94,13.5,118.55,562.57,2025
HD_73344_d,HD 73344 d,HD_73344,6.7,0.18,59,5823,13.2,810.462,126.51,2025
HD_73526_b,HD 73526 b,HD_73526,0.65,0.19,90,188.3,13.1,978.916,414.37,2002
HD_73526_c,HD 73526 c,HD_73526,1.03,0.28,90,379.1,13.3,715.09,329.17,2005
HD_73534_b,HD 73534 b,HD_73534,2.99,0.126,90,1750,13.7,353.427,220.25,2008
HD_73583_b,HD 73583 b,HD_73583,0.0604,0.09,88.37,6.39804,2.79,10.2,714,2022
HD_73583_c,HD 73583 c,HD_73583,0.1242,0.08,89.72,18.8797,2.39,9.7,498,2022
HD_74156_b,HD 74156 b,HD_74156,0.28,0.636,90,51.6356,13.5,532.363,679.63,2003
HD_74156_c,HD 74156 c,HD_74156,3.678,0.377,120.162,2448.49,12.5,2753.98,187.52,2003
HD_7449_b,HD 7449 b,HD_7449,2.438,0.752,171.631,1270.55,12.6,2597.93,183.23,2011
HD_74698_b,HD 74698 b,HD_74698,0.121,0.1,90,15.017,5.12,23,925.57,2023
HD_74698_c,HD 74698 c,HD_74698,4.5,0.2,90,3449,14,126,151.77,2023
HD_75289_b,HD 75289 b,HD_75289,0.05,0.03,90,3.50927,14.2,155.737,1260,1999
HD_75302_b,HD 75302 b,HD_75302,5.3,0.39,29,4356,12.8,1716.27,115.76,2023
HD_75784_b,HD 75784 b,HD_75784,1.032,0.097,90,341.2,13.8,317.83,425.98,2014
HD_75784_c,HD 75784 c,HD_75784,8.4,0.489,90,7900,12.8,1792.56,149.31,2018
HD_75898_b,HD 75898 b,HD_75898,1.2025,0.105,90,422.82,13.2,810.462,335.16,2007
HD_75898_c,HD 75898 c,HD_75898,7.39,0.08,153,6717,12.6,2698.36,135.2,2024
HD_76700_b,HD 76700 b,HD_76700,0.05,0.09,90,3.97097,9.6,66.7443,1424.61,2002
HD_76920_b,HD 76920 b,HD_76920,1.091,0.8782,90,415.891,13.1,994.803,621.44,2017
HD_77338_b,HD 77338 b,HD_77338,0.06,0.09,90,5.7361,4.12,15.9,1035.54,2012
HD_77946_b,HD 77946 b,HD_77946,0.073,0.211,87.79,6.52736,2.89646,10.9,1128.86,2024
HD_79181_b,HD 79181 b,HD_79181,0.9,0.259,90,273.1,14.1,203.41,821.87,2021
HD_7924_b,HD 7924 b,HD_7924,0.06,0.06,0.2472,5.39792,-1,2058.26,825.9,2008
HD_7924_c,HD 7924 c,HD_7924,0.1134,0.098,0.2575,15.299,-1,1762.68,583.6,2015
HD_7924_d,HD 7924 d,HD_7924,0.1551,0.21,0.2188,24.451,-1,1568.17,499,2015
HD_79498_b,HD 79498 b,HD_79498,2.98,0.575,90,1807,13.6,425.892,164.53,2011
HD_80606_b,HD 80606 b,HD_80606,0.4603,0.93183,89.24,111.437,11.5677,1323.47,405,2001
HD_80653_b,HD 80653 b,HD_80653,0.01657,0,81.7,0.719579,1.621,5.61,2438,2020
K2_312_c,K2-312 c,HD_80653,1.882,0.8435,90,871.32,12.8,1681.31,229,2023
HD_80869_b,HD 80869 b,HD_80869,2.905,0.924,98.559,1752.92,12.8,1609.8,203.2,2021
HD_80883_b,HD 80883 b,HD_80883,6.462,0.203,141.312,6383.78,12.8,1748.06,88.66,2022
HD_80913_b,HD 80913 b,HD_80913,9.95,0.313,22.331,10839.8,12,7505.2,118.23,2022
HD_81040_b,HD 81040 b,HD_81040,1.946,0.525,73,1002.7,12.6,2301.08,189.77,2005
HD_81688_b,HD 81688 b,HD_81688,0.648,0.04,90,183.93,13.5,525.688,958.66,2007
HD_81817_c,HD 81817 c,HD_81817,2.325,0.095,90,622.978,12,7185.78,1198.52,2022
HD_81817_b,HD 81817 b,HD_81817,3.233,0.097,95.594,1021.2,12,7668.56,1016.37,2020
HD_82886_b,HD 82886 b,HD_82886,1.58,0.07,90,705,13.3,740.544,435.78,2011
HD_82943_c,HD 82943 c,HD_82943,0.74345,0.3663,90,220.078,13.4,622.603,360.95,2003
HD_82943_b,HD 82943 b,HD_82943,1.18306,0.162,90,441.47,13.5,534.25,286.13,2003
HD_8326_b,HD 8326 b,HD_8326,0.533,0.2,90,158.991,9.58,66.6,287.23,2019
HD_83443_b,HD 83443 b,HD_83443,0.0406,0.012,90,2.98563,14.1,127.767,1262.68,2002
HD_83443_c,HD 83443 c,HD_83443,8,0.76,90,8241,13.6,476.743,89.95,2022
HD_8535_b,HD 8535 b,HD_8535,2.45,0.15,90,1313,14,216.124,206.21,2010
HD_85390_b,HD 85390 b,HD_85390,1.373,0.5,90,799.52,6.16,31.4652,190.89,2011
HD_8574_b,HD 8574 b,HD_8574,0.76,0.3,90,227,13.4,645.195,394.03,2002
HD_86065_b,HD 86065 b,HD_86065,15.947,0.219,29.821,25775.8,12.5,2877.3,52.56,2022
HD_86081_b,HD 86081 b,HD_86081,0.0346,0.0119,90,2.13784,13.6,470.388,1860.31,2006
HD_86226_c,HD 86226 c,HD_86226,0.049,0.075,86.45,3.98442,2.16,7.25,1311,2020
HD_86226_b,HD 86226 b,HD_86226,2.73,0.059,90,1628,14.3,143.024,176,2009
HD_86264_b,HD 86264 b,HD_86264,2.763,0.821,93.591,1488.79,12.5,3117.26,247.01,2009
HD_86728_b,HD 86728 b,HD_86728,0.1916,0.067,90,31.1515,3.03,9.43,687.36,2025
HD_8673_b,HD 8673 b,HD_8673,2.97,0.73,95.45,1644.69,12.3,4210.59,219.11,2009
HD_86950_b,HD 86950 b,HD_86950,2.72,0.17,90,1270,13,1144.19,416.76,2016
HD_87646_b,HD 87646 b,HD_87646,0.117,0.05,90,13.481,12.4,3941.09,1012.7,2016
HD_87816_b,HD 87816 b,HD_87816,1.618,0.78,90,484.17,12.7,2142.16,567.39,2025
HD_87816_c,HD 87816 c,HD_87816,10.14,0.19,90,7596,12.4,3877.51,226.65,2025
HD_87883_b,HD 87883 b,HD_87883,3.77,0.72,16.8,3006,12.7,2005.5,110.52,2009
HD_88072_b,HD 88072 b,HD_88072,13.895,0.156,169.626,18538.8,12.6,2511.8,76.03,2022
HD_88133_b,HD 88133 b,HD_88133,0.0479,0.031,15,3.41488,13.8,324.187,1762.08,2004
HD_88986_b,HD 88986 b,HD_88986,0.58,0.24,89.9,146.05,2.49,17.2,460,2023
HD_89307_b,HD 89307 b,HD_89307,3.27,0.2,72,2166,13.4,642.013,166.55,2009
HD_89345_b,HD 89345 b,HD_89345,0.1066,0.22,87.21,11.8143,7.39794,34.9613,1089,2018
HD_89744_b,HD 89744 b,HD_89744,0.917,0.677,90,256.78,12.6,2653.88,462.62,1999
HD_89839_b,HD 89839 b,HD_89839,4.713,0.185,49.5,3391.2,12.8,1748.06,159.03,2023
HD_90156_b,HD 90156 b,HD_90156,0.25,0.31,90,49.77,4.43,17.98,518.01,2011
HD_9174_b,HD 9174 b,HD_9174,2.2,0.12,90,1179,13.7,352.791,234.3,2016
HD_92788_b,HD 92788 b,HD_92788,0.97,0.35,90,325.803,13,1195.04,300.27,2000
HD_92788_c,HD 92788 c,HD_92788,10.5,0.46,90,11611.3,13,1166.44,91.27,2019
GJ_1137_c,GJ 1137 c,HD_93083,0.0835,0,90,9.6412,2.11,5.12,768.51,2026
HD_93083_b,HD 93083 b,HD_93083,0.508,0.118,90,144.72,14.3,143.341,311.57,2005
HD_93351_b,HD 93351 b,HD_93351,0.035,0.549,90,2.45946,1.69,3.49611,1330.76,2022
HD_93351_c,HD 93351 c,HD_93351,11.154,0.109,14.636,14010.3,12.3,4154.02,74.54,2022
HD_93385_b,HD 93385 b,HD_93385,0.0756,0.295,90,7.3426,1.88,4.2,1141,2021
HD_93385_c,HD 93385 c,HD_93385,0.112,0.2,90,13.18,2.56,7.1,937.43,2021
HD_93385_d,HD 93385 d,HD_93385,0.2565,0.09,90,45.85,2.89,8.7,619.44,2021
HD_93963_A_b,HD 93963 A b,HD_93963_A,0.02061,0,86.21,1.03761,1.46954,2.8,1842.23,2022
HD_93963_A_c,HD 93963 A c,HD_93963_A,0.04726,0,86.31,3.64514,3.11976,18.4,1212.45,2022
HD_9446_b,HD 9446 b,HD_9446,0.189,0.2,90,30.052,14,222.472,642.55,2009
HD_9446_c,HD 9446 c,HD_9446,0.654,0.06,90,192.9,13.4,578.426,345.42,2009
HD_94771_b,HD 94771 b,HD_94771,3.48,0.39,90,2164,14.2,169,200.79,2023
HD_94834_b,HD 94834 b,HD_94834,2.74,0.14,90,1576,13.7,400.466,286.45,2018
HD_94890_b,HD 94890 b,HD_94890,2.07,0.22,90,824.61,13.3,676.975,533.83,2025
HD_94890_c,HD 94890 c,HD_94890,4.33,0.05,90,2492.19,12.5,2831.85,369.1,2025
HD_95086_b,HD 95086 b,HD_95086,55.7,0,90,-1,12.9,1589,1000,2013
HD_95089_b,HD 95089 b,HD_95089,1.36,0.119,90,464.4,13.7,400.466,458.34,2009
HD_95089_c,HD 95089 c,HD_95089,3.33,0.284,90,1785,13.1,1096.51,292.91,2016
HD_95127_b,HD 95127 b,HD_95127,1.28,0.11,90,482,12.4,3378.53,1151.28,2015
HD_95338_b,HD 95338 b,HD_95338,0.262,0.197,89.654,55.0827,4.27174,42.9,443,2020
HD_95544_b,HD 95544 b,HD_95544,3.166,0.049,86.497,2041.54,12.8,1913.64,156.5,2021
HD_95872_b,HD 95872 b,HD_95872,5.15,0.06,90,4375,13,1188.68,103.45,2015
HD_96063_b,HD 96063 b,HD_96063,1.11,0.17,90,362.5,13.7,403.644,500.75,2011
HD_96127_b,HD 96127 b,HD_96127,1.41,0.3,89.9,638.9,13,1207.75,947.29,2011
HD_96167_b,HD 96167 b,HD_96167,1.332,0.685,90,498.04,14,227.884,333.63,2009
HD_96700_b,HD 96700 b,HD_96700,0.0777,0.138,90,8.1245,2.93,8.9,1089.02,2021
HD_96700_c,HD 96700 c,HD_96700,0.141,0.293,90,19.88,1.69,3.5,808.42,2021
HD_96700_d,HD 96700 d,HD_96700,0.424,0.27,90,103.5,3.61,12.7,466.19,2021
HD_96992_b,HD 96992 b,HD_96992,1.24,0.41,90,514,13.7,362.326,557.72,2021
HD_97037_b,HD 97037 b,HD_97037,6.925,0.357,14.561,6449.08,12.1,6707.77,120.99,2022
HD_97048_b,HD 97048 b,HD_97048,130,0,40,-1,13.3,794.575,63.44,2019
HD_97658_b,HD 97658 b,HD_97658,0.0805,0.05,89.05,9.48971,2.12,8.3,751,2010
HD_98219_b,HD 98219 b,HD_98219,1.26,0.079,90,433.8,13.4,624.218,453.77,2011
HD_98649_b,HD 98649 b,HD_98649,5.97,0.852,43.7,5384,12.5,3082.94,114.22,2012
HD_98736_b,HD 98736 b,HD_98736,1.864,0.226,90,968.8,13.3,740.544,179.53,2018
HD_99109_b,HD 99109 b,HD_99109,1.11,0.09,90,439.3,14.3,139.845,239.32,2005
HD_99283_b,HD 99283 b,HD_99283,1.08,0.2,90,310.4,13.8,308.294,759.06,2021
HD_99492_b,HD 99492 b,HD_99492,0.12,0.034,90,17.0503,5.44,25.5,622.27,2004
HD_99492_c,HD 99492 c,HD_99492,-1,0.063,90,95.233,4.42,17.9,-1,2023
HD_99706_b,HD 99706 b,HD_99706,1.98,0.25,90,841,13.7,390.931,391.46,2011
HD_99706_c,HD 99706 c,HD_99706,-1,0.411,90,1278,12.8,1808.45,-1,2016
HIP_10090_c,HIP 10090 c,HIP_10090,0.9,0.188,153.8,321.82,13.9,270.154,338.35,2026
HIP_10090_b,HIP 10090 b,HIP_10090,3.87,0.115,156.5,2960,13,1230,163.17,2026
HIP_105854_b,HIP 105854 b,HIP_105854,0.81,0.02,90,184.2,12.6,2606.1,822.14,2014
HIP_107772_b,HIP 107772 b,HIP_107772,0.243,0.18,90,55.199,3.64,12.9,280.92,2020
HIP_107773_b,HIP 107773 b,HIP_107773,0.72,0.09,90,144.3,13.4,629.303,957.11,2015
HIP_109384_b,HIP 109384 b,HIP_109384,1.134,0.549,90,499.48,13.5,495.815,213.83,2016
HIP_109600_b,HIP 109600 b,HIP_109600,0.706,0.163,90,232.08,13.2,851.784,312.88,2016
HIP_111909_b,HIP 111909 b,HIP_111909,1.32,0,90,487.08,13.7,384.572,436.91,2025
HIP_111909_c,HIP 111909 c,HIP_111909,1.97,0,90,893.63,13.9,257.441,357.64,2025
HIP_113103_b,HIP 113103 b,HIP_113103,0.06899,0.17,88.23,7.6103,1.829,4,721,2023
HIP_113103_c,HIP 113103 c,HIP_113103,0.10479,0.17,89.24,14.2456,2.4,6.35,585,2023
HIP_114933_b,HIP 114933 b,HIP_114933,2.84,0.21,90,1481.6,13.4,616.587,316.81,2021
HIP_116454_b,HIP 116454 b,HIP_116454,0.0792,0.215,88.91,9.10042,2.469,9.7,753.2,2014
HIP_12961_b,HIP 12961 b,HIP_12961,0.25,0.17,90,57.435,13.2,114.419,303.32,2010
HIP_14810_b,HIP 14810 b,HIP_14810,0.0696,0.14399,90,6.67389,13,1239.54,1048.2,2005
HIP_14810_c,HIP 14810 c,HIP_14810,0.549,0.1566,90,147.747,13.6,416.357,373.22,2006
HIP_14810_d,HIP 14810 d,HIP_14810,1.94,0.185,90,981.8,14.1,187.52,198.54,2009
HIP_18606_b,HIP 18606 b,HIP_18606,1.61,0,90,674.94,14,244.728,405.91,2025
HIP_19976_b,HIP 19976 b,HIP_19976,0.234,0.304,90,50.6591,4.94,21.6123,378.1,2022
HIP_21152_b,HIP 21152 b,HIP_21152,17,0.36,95.3,22000,12,7627.88,1300,2022
HIP_34222_b,HIP 34222 b,HIP_34222,0.492,0.305,90,159.986,13.9,263.798,218.98,2021
HIP_35173_b,HIP 35173 b,HIP_35173,0.217,0.16,90,41.516,3.61,12.7,444.34,2019
HIP_35965_b,HIP 35965 b,HIP_35965,15.898,0.138,43.698,26125.6,12.6,2589.98,48.85,2022
HIP_38594_b,HIP 38594 b,HIP_38594,0.256,0.17,90,60.722,2.77,8.1,308.29,2020
HIP_38594_c,HIP 38594 c,HIP_38594,3.805,0.16,90,3477.77,7.94,48.4,79.96,2020
HIP_39017_b,HIP 39017 b,HIP_39017,22.1,0.55,84,31000,12,7500.75,91.06,2024
HIP_39330_b,HIP 39330 b,HIP_39330,5.05,0.078,55,4650,13.5,530.773,125.05,2026
HIP_41378_b,HIP 41378 b,HIP_41378,0.1303,0.05,88.816,15.5721,2.64,6.9,959,2016
HIP_41378_c,HIP 41378 c,HIP_41378,0.2093,0.044,88.462,31.7059,2.74,5.97,757,2016
HIP_41378_e,HIP 41378 e,HIP_41378,0.68,0.065,89.7,393,5.19,7.62,335,2016
HIP_41378_d,HIP 41378 d,HIP_41378,1.17,0.063,89.93,278.362,3.65,6.53,367,2016
HIP_41378_f,HIP 41378 f,HIP_41378,1.394,0.052,89.953,542.08,9.47,25,294,2016
HIP_41378_g,HIP 41378 g,HIP_41378,-1,0.055,95,63.19,2.5,6.81,605,2025
HIP_4845_b,HIP 4845 b,HIP_4845,0.176,0.25,90,34.15,3.89,14.4,358.21,2020
HIP_48714_b,HIP 48714 b,HIP_48714,0.112,0.5,90,17.818,5.11,22.9,446.47,2020
HIP_5158_b,HIP 5158 b,HIP_5158,0.89,0.52,90,345.72,13.6,451,219.65,2009
HIP_5158_c,HIP 5158 c,HIP_5158,7.7,0.14,90,9017.76,12.2,4780.16,72.63,2011
HIP_54373_b,HIP 54373 b,HIP_54373,0.063,0.2,90,7.76,2.87,8.62,580.66,2019
HIP_54373_c,HIP 54373 c,HIP_54373,0.099,0.2,90,15.144,3.57,12.44,463.2,2019
HIP_54515_b,HIP 54515 b,HIP_54515,24.8,0.42,129.6,33000,12.2,5625.56,100.72,2026
HIP_54597_b,HIP 54597 b,HIP_54597,4,0.03,116,3274,13.3,762.788,94,2023
HIP_55507_b,HIP 55507 b,HIP_55507,5.062,0.362,135.022,5138.44,12.6,2585.53,76.05,2022
HIP_56640_b,HIP 56640 b,HIP_56640,4.55,0.118,85.093,2675.58,12.7,2151.7,239.37,2021
HD_101581_b,HD 101581 b,HIP_56998,0.046,0,87.78,4.46569,0.956,0.827,834,2025
HD_101581_c,HD 101581 c,HIP_56998,0.0573,0,87.93,6.20401,0.99,0.937,747,2025
HIP_57274_b,HIP 57274 b,HIP_57274,0.07,0.19,0.198,8.1352,-1,3359.45,725.95,2011
HIP_57274_c,HIP 57274 c,HIP_57274,0.178,0.05,90,32.03,14.2,130,437.32,2011
HIP_57274_d,HIP 57274 d,HIP_57274,1.01,0.27,90,431.7,14.2,167.4,183.59,2011
HIP_5763_b,HIP 5763 b,HIP_5763,0.17,0.054,90,30.014,14.2,162.092,440.9,2021
HIP_63242_b,HIP 63242 b,HIP_63242,0.565,0.23,90,124.6,12.5,2917.56,993.26,2013
HIP_65_A_b,HIP 65 A b,HIP_65_A,0.01782,0,77.18,0.980973,22.7543,1021.19,1411,2020
HIP_65407_b,HIP 65407 b,HIP_65407,0.177,0.14,90,28.125,14.3,136.031,610.68,2016
HIP_65407_c,HIP 65407 c,HIP_65407,0.316,0.12,90,67.3,13.9,249.179,457.04,2016
HIP_65426_b,HIP 65426 b,HIP_65426,92,0,90,-1,16.8135,2860.47,1500,2017
HIP_65891_b,HIP 65891 b,HIP_65891,2.82,0.09,89.9,1089.6,12.7,1938.75,429.05,2015
HIP_66074_b,HIP 66074 b,HIP_66074,0.799,0.948,13,310.9,12.9,1589.14,192.69,2023
HIP_67522_b,HIP 67522 b,HIP_67522,0.0748,0.064,89.88,6.95947,9.9872,71.4,1175,2020
HIP_67522_c,HIP 67522 c,HIP_67522,0.1228,0.077,89.2,14.3349,7.93596,48.3,917,2024
HIP_67537_b,HIP 67537 b,HIP_67537,4.807,0.586,82.107,2523.65,12.3,4309.12,323.2,2017
HIP_67851_b,HIP 67851 b,HIP_67851,0.42,0.13,90,89.23,13.7,365.503,840.72,2015
HIP_67851_c,HIP 67851 c,HIP_67851,4.55,0.3,89.863,3128.41,12.7,2204.78,255.43,2015
HIP_70849_b,HIP 70849 b,HIP_70849,3.99,0.65,96,3649,12.9,1430.23,78.85,2011
HIP_71135_b,HIP 71135 b,HIP_71135,0.335,0.21,90,87.19,4.55,18.8,285.11,2019
HIP_74890_b,HIP 74890 b,HIP_74890,2.1,0.07,90,822.3,13.3,762.792,387.66,2016
HIP_75092_b,HIP 75092 b,HIP_75092,2.02,0.42,90,926.4,13.5,568.913,353.19,2021
HIP_77900_b,HIP 77900 b,HIP_77900,3319,0,90,-1,12.1,6674.4,2507,2024
HIP_78530_b,HIP 78530 b,HIP_78530,740,0,90,-1,12,7300,2700,2010
HIP_79098_AB_b,HIP 79098 AB b,HIP_79098_AB,345,0,90,-1,12.1,6515.52,2450,2019
HIP_79431_b,HIP 79431 b,HIP_79431,0.36,0.29,90,111.7,13.4,667.415,177.42,2009
HIP_81208_C_b,HIP 81208 C b,HIP_81208_C,23.04,0,90,104100,12.3,4703.86,2050,2023
HIP_8152_b,HIP 8152 b,HIP_8152,0.093,0,90,10.751,2.53626,8.9,794.96,2023
HIP_8152_c,HIP 8152 c,HIP_8152,0.139,0.2,90,19.6056,2.52443,10.7,650.68,2023
HIP_81991_b,HIP 81991 b,HIP_81991,6.4,0,90,5860,12.5,3019.37,163.28,2026
HD_11343_c,HD 11343 c,HIP_8541,0.923,0.169,90,228.537,13.9,255.534,613.29,2022
HIP_8541_b,HIP 8541 b,HIP_8541,3.729,0.36,90.904,1852.14,12.6,2451.73,305.12,2016
HIP_86221_b,HIP 86221 b,HIP_86221,0.031,0.086,90,2.224,14,225.658,-1,2021
HIP_8923_b,HIP 8923 b,HIP_8923,5.9,0.011,24.8,5160,12.5,3171.93,136.48,2026
HIP_90988_b,HIP 90988 b,HIP_90988,1.36,0.081,90,455.738,13.4,668.075,400.77,2021
HIP_91258_b,HIP 91258 b,HIP_91258,0.06,0.02,90,5.0505,13.7,346.435,1024.97,2013
HIP_94235_b,HIP 94235 b,HIP_94235,0.0787,0.32,87.14,7.71306,3,379,1060,2022
HIP_948_b,HIP 948 b,HIP_948,15.037,0.23,110.998,24955.5,12.1,6547.27,46.4,2022
HIP_9618_b,HIP 9618 b,HIP_9618,0.145,0,90,20.7729,3.82838,8.3,640.88,2023
HIP_9618_c,HIP 9618 c,HIP_9618,0.269,0,90,52.5636,3.42856,7,470.31,2023
HIP_97166_b,HIP 97166 b,HIP_97166,0.091,0.29,90,10.2889,2.48013,19.1,701.66,2021
HIP_97166_c,HIP 97166 c,HIP_97166,0.124,0,90,16.432,2.75,8,642,2021
HIP_97233_b,HIP 97233 b,HIP_97233,2.491,0.63,86.083,1062.27,12.1,6098.17,354.42,2014
HIP_98599_b,HIP 98599 b,HIP_98599,3.96,0.169,29.7,2656,12.7,2177.12,171.08,2026
HIP_99770_b,HIP 99770 b,HIP_99770,15.8,0.31,152,18600,12.2,5403.08,135.17,2023
HN_Lib_b,HN Lib b,HN_Lib,0.1417,0.079,90,36.116,2.2,5.46,234.4,2023
HN_Peg_b,HN Peg b,HN_Peg,773,0,90,-1,11.7768,6991.57,10.77,2006
HR_2562_b,HR 2562 b,HR_2562,22.2,0.34,86.7,-1,12.442,6992.22,1255,2016
HR_5183_b,HR 5183 b,HR_5183,18,0.84,80.3,27000,13.1,1052.01,171,2019
HR_810_b,HR 810 b,HR_810,0.92,0.14,87,302.8,12.7,1970.54,329.57,1999
HR_858_b,HR 858 b,HR_858,0.04888,0,85.98,3.58529,2.004,3.55,1552,2019
HR_858_c,HR 858 c,HR_858,0.0687,0,86.59,5.97386,1.979,3.8,1309,2019
HR_858_d,HR 858 d,HR_858,0.1046,0,87.72,11.2305,2.001,7.1,1061,2019
HR_8799_e,HR 8799 e,HR_8799,16.4,0.15,25,20815.6,13.1145,3178.3,1150,2010
HR_8799_d,HR 8799 d,HR_8799,24,0.6,38.63,37000,13,3000,1300,2008
HR_8799_c,HR 8799 c,HR_8799,38,0.5,29.43,69000,13,3000,1200,2008
HR_8799_b,HR 8799 b,HR_8799,68,0,30.27,170000,13,2000,1200,2008
HS_Psc_b,HS Psc b,HS_Psc,0.0435,0.27,90,3.986,13.6,464.029,783.44,2024
HU_Aqr_AB_b,HU Aqr AB b,HU_Aqr,3.6,0,90,2390,12.8,1875.2,-1,2011
HU_Aqr_AB_c,HU Aqr AB c,HU_Aqr,5.4,0.51,90,4368,12.9,1430.23,-1,2011
IC_4651_9122_b,IC 4651 9122 b,IC_4651_9122,2.038,0.18,90,734,12.7,2002.33,513.04,2018
IRAS_04125_2902_b,IRAS 04125+2902 b,IRAS_04125_2902,0.077,0,88.3,8.83498,10.7382,80.8,854,2024
KOINTREAU_3_b,KOINTREAU-3 b,ISO_Oph_96,342,0,90,-1,13.1,1080.62,8.74,2026
ITG_15_b,ITG 15 b,ITG_15_A,435,0,90,-1,12.1,6674.4,2601,2024
K2_10_b,K2-10 b,K2_10,0.137,0.31,89.5041,19.3055,3.773,25.2,649,2015
K2_100_b,K2-100 b,K2_100,0.0301,0,81.27,1.6739,3.88,21.8,1841,2016
K2_101_b,K2-101 b,K2_101,0.1124,0.1,89.26,14.6762,2,4.66,618,2016
K2_102_b,K2-102 b,K2_102,-1,0.1,89,9.91562,1.3,2.24,-1,2016
K2_104_b,K2-104 b,K2_104,0.0242,0.09,88.75,1.9742,1.79,3.86,798,2016
K2_105_b,K2-105 b,K2_105,0.0796,0,88.62,8.26726,3.4,15.4,805,2017
K2_107_b,K2-107 b,K2_107,0.0475,0,82.3611,3.31396,15.98,266.977,1649,2017
K2_108_b,K2-108 b,K2_108,0.0581,0.18,86.1351,4.734,5.33,59.4,1360,2017
K2_11_b,K2-11 b,K2_11,0.2257,0,90,39.9377,7.55,44.4,734,2015
K2_110_b,K2-110 b,K2_110,0.10207,0.13,89.35,13.8637,2.592,15.9,638,2017
K2_111_b,K2-111 b,K2_111,0.0565,0.134,86.34,5.3519,1.837,5.35,1293,2017
K2_111_c,K2-111 c,K2_111,0.11565,0.069,90,15.6748,3.34,11.1,923,2020
K2_113_b,K2-113 b,K2_113,0.0642,0,86.21,5.81768,12.14,410.001,1098,2017
K2_114_b,K2-114 b,K2_114,0.0944,0.079,89.16,11.3909,10.5925,638.835,701.4,2017
K2_115_b,K2-115 b,K2_115,0.1415,0.063,88.912,20.273,11.8031,321.007,696,2017
K2_116_b,K2-116 b,K2_116,0.048,0.06,89.09,4.65541,0.69,0.257,783.03,2017
K2_117_b,K2-117 b,K2_117,0.0189,0.06,88.36,1.2916,2.03,4.78,868,2017
K2_117_c,K2-117 c,K2_117,0.0492,0.15,89.49,5.44402,2.06,4.9,537,2017
K2_118_b,K2-118 b,K2_118,0.245,0.2,89.5,50.9209,2.54,6.99,394.64,2017
K2_119_b,K2-119 b,K2_119,0.0698,0.07,89.4,7.72728,2.53,6.94,666,2017
K2_12_b,K2-12 b,K2_12,0.0792,0.5,87.6,8.28246,2.44,5.2,1026,2015
K2_121_b,K2-121 b,K2_121,0.0525,0.22,89.0266,5.18574,7.16,51,716,2017
K2_122_b,K2-122 b,K2_122,0.0373,0.21,86.39,2.2193,1.16,1.65,769,2017
K2_123_b,K2-123 b,K2_123,0.1649,0.06,89.79,30.9515,2.76,8.05,338,2017
K2_124_b,K2-124 b,K2_124,0.049,0.08,89.03,6.41365,2.9,8.75,442,2017
K2_125_b,K2-125 b,K2_125,0.121,0.08,89.72,21.7503,2.18,5.39,321.22,2017
K2_126_b,K2-126 b,K2_126,0.0656,0.06,89.4,7.38565,1.97,4.54,601,2017
K2_127_b,K2-127 b,K2_127,0.0411,0.12,87.22,3.58816,8.37,52.9,809,2017
K2_128_b,K2-128 b,K2_128,0.056,0.23,87.4,5.67582,1.42,2.6,803.1,2017
K2_129_b,K2-129 b,K2_129,0.057,0.13,89.21,8.23949,1.04,1.12,419.19,2017
K2_13_b,K2-13 b,K2_13,0.2114,0,90,39.9149,1.89,4.23,511,2015
K2_130_b,K2-130 b,K2_130,0.032,0.17,86.53,2.49412,1.25,2.1,1013.11,2017
K2_131_b,K2-131 b,K2_131,0.00936,0,85,0.369304,1.69,7.9,2223,2017
K2_132_b,K2-132 b,K2_132,0.0916,0.29,77.46,9.1751,14.5717,155.737,1586,2017
K2_133_b,K2-133 b,K2_133,0.03194,0,87.6,3.07133,1.34,2.36,665.21,2017
K2_133_c,K2-133 c,K2_133,0.04341,0,88.21,4.86784,1.603,3.2,570.6,2017
K2_133_d,K2-133 d,K2_133,0.07487,0,89.4,11.0245,2.003,4.67,734,2017
K2_133_e,K2-133 e,K2_133,0.1346,0,89.164,26.5841,1.73,3.64,296,2019
K2_136_b,K2-136 b,K2_136,0.0707,0.14,89.2,7.97525,1.014,4.3,610,2017
K2_136_c,K2-136 c,K2_136,0.1185,0.047,89.7,17.3072,3,18.1,470,2017
K2_136_d,K2-136 d,K2_136,0.1538,0.071,89.4,25.575,1.565,3,420,2017
K2_137_b,K2-137 b,K2_137,0.0058,0,93.1,0.179719,0.64,158.915,1471,2017
K2_138_b,K2-138 b,K2_138,0.03385,0.048,87.2,2.35309,1.51,3.1,1157,2017
K2_138_c,K2-138 c,K2_138,0.04461,0.045,88.1,3.56004,2.299,6.31,1012,2017
K2_138_d,K2-138 d,K2_138,0.05893,0.043,89,5.40479,2.39,7.92,888,2017
K2_138_e,K2-138 e,K2_138,0.0782,0.077,88.6,8.26146,3.39,12.97,757,2017
K2_138_f,K2-138 f,K2_138,0.10447,0.062,88.8,12.7576,2.904,1.63,653,2017
K2_138_g,K2-138 g,K2_138,0.23109,0.059,89.4,41.968,3.013,4.32,445,2021
K2_139_b,K2-139 b,K2_139,0.1796,0.12,89.5567,28.3806,9.11,123,524,2017
K2_14_b,K2-14 b,K2_14,0.0627,0.14,88.19,8.36802,4.81,20.7,488,2015
K2_140_b,K2-140 b,K2_140,0.068,0,88.3,6.56919,13.5629,295.58,962,2017
K2_141_b,K2-141 b,K2_141,0.00747,0,86.3,0.280324,1.51,4.97,2103,2018
K2_141_c,K2-141 c,K2_141,0.0683,0.092,87.2,7.7485,7,8,695,2018
K2_146_b,K2-146 b,K2_146,0.0248,0.129,88.93,2.6446,2.05,5.77,534,2018
K2_146_c,K2-146 c,K2_146,0.0327,0.075,87.54,4.00498,2.19,7.49,518.53,2019
K2_147_b,K2-147 b,K2_147,0.01575,0.38,83.6,0.961939,1.47286,2.77,1077,2018
K2_148_b,K2-148 b,K2_148,0.0454,0,90,4.38395,1.33,2.33,733.87,2018
K2_148_c,K2-148 c,K2_148,0.0616,0,90,6.9226,1.73,3.64,630.02,2018
K2_148_d,K2-148 d,K2_148,0.0774,0,90,9.7579,1.64,3.33,562.05,2018
K2_149_b,K2-149 b,K2_149,0.083,0,90,11.332,1.64,3.33,472.41,2018
K2_15_b,K2-15 b,K2_15,0.091,0,90,11.8104,2.48,6.71,676,2015
K2_150_b,K2-150 b,K2_150,0.0727,0,90,10.5936,2,4.66,413.19,2018
K2_151_b,K2-151 b,K2_151,0.0373,0,90,3.83548,1.49,2.83,566,2018
K2_152_b,K2-152 b,K2_152,0.1716,0,90,32.6479,2.29,5.86,337,2018
K2_153_b,K2-153 b,K2_153,0.0614,0,90,7.51574,2,4.66,497,2018
K2_154_b,K2-154 b,K2_154,0.0405,0,90,3.67626,1.99,4.62,715,2018
K2_154_c,K2-154 c,K2_154,0.0677,0,90,7.95486,2.07,4.94,552,2018
K2_155_b,K2-155 b,K2_155,0.0562,0,88.3,6.342,1.8,3.89,708,2018
K2_155_c,K2-155 c,K2_155,0.0946,0,88.96,13.85,2.6,7.27,583,2018
K2_155_d,K2-155 d,K2_155,0.1937,0,89.61,40.718,1.9,4.27,381,2018
K2_156_b,K2-156 b,K2_156,0.0149,0,89.8,0.813143,1.1,1.37,1347,2018
K2_157_b,K2-157 b,K2_157,0.00962,0,89.2,0.365258,0.935,1.14,2432,2018
K2_157_c,K2-157 c,K2_157,0.165,0.2,90,25.942,6.08,30.8,587,2025
K2_157_d,K2-157 d,K2_157,0.309,0.5,90,66.5,5.16,23.3,429.1,2025
K2_158_c,K2-158 c,K2_158,0.0622,0,90,5.90279,1.28,2.18,948,2018
K2_158_b,K2-158 b,K2_158,0.0887,0,88.4045,10.0605,2.64,7.46,794,2018
K2_159_b,K2-159 b,K2_159,0.1013,0,89.0646,12.4221,2.26,5.73,684,2018
K2_16_b,K2-16 b,K2_16,0.0667,0,87.97,7.6188,2.02,4.74,658,2015
K2_16_c,K2-16 c,K2_16,0.1229,0,87.83,19.0786,2.54,6.99,485,2015
EPIC_201754305_d,EPIC 201754305 d,K2_16,-1,0,90,2.71578,1.03,1.08,-1,2019
K2_160_b,K2-160 b,K2_160,-1,0,88.2536,3.70587,3.17824,10.2,-1,2018
K2_161_b,K2-161 b,K2_161,-1,0,87.2509,9.28319,6.11721,31.1,-1,2018
K2_162_b,K2-162 b,K2_162,0.0795,0,88.7612,9.45889,1.44,2.67,631,2018
K2_163_b,K2-163 b,K2_163,-1,0,88.2531,6.67312,2.46611,6.65,-1,2018
K2_164_b,K2-164 b,K2_164,-1,0,87.8898,17.3551,3.24925,10.6,-1,2018
K2_165_b,K2-165 b,K2_165,-1,0,87.0828,2.35499,1.27444,2.17,-1,2018
K2_165_c,K2-165 c,K2_165,-1,0,87.0543,4.38274,1.55409,3.03,-1,2018
K2_165_d,K2-165 d,K2_165,-1,0,89.0019,14.1014,2.64809,7.5,629.38,2018
K2_166_b,K2-166 b,K2_166,0.0858,0,87.4288,8.52695,2.19,5.43,1140,2018
EPIC_201615463_c,EPIC 201615463 c,K2_166,-1,0,90,3.80464,1.22,1.98,-1,2019
K2_167_b,K2-167 b,K2_167,0.0932,0.48,86.8,9.97854,2.36509,6.5,1220,2018
EPIC_205950854_c,EPIC 205950854 c,K2_168,-1,0,89.81,8.05072,1.31,2.27,960.6,2019
K2_168_b,K2-168 b,K2_168,-1,0,89.4,15.8523,1.86,4.12,766.35,2018
K2_169_b,K2-169 b,K2_169,-1,0,87.8366,6.3808,1.27329,2.16,-1,2018
K2_17_b,K2-17 b,K2_17,0.119,0.18,89.08,17.9675,2.23,5.6,487,2015
K2_170_b,K2-170 b,K2_170,-1,0,87.9889,7.57654,1.41818,2.6,-1,2018
K2_170_c,K2-170 c,K2_170,-1,0,88.6676,12.4,1.80176,3.9,-1,2018
K2_171_b,K2-171 b,K2_171,-1,0,85.0482,5.62847,2.68657,7.69,-1,2018
K2_172_b,K2-172 b,K2_172,-1,0,88.9135,14.3169,1.66608,3.42,-1,2018
K2_172_c,K2-172 c,K2_172,-1,0,89.4972,29.6268,3.20569,10.4,-1,2018
K2_173_b,K2-173 b,K2_173,-1,0,87.8256,5.8687,1.60826,3.22,-1,2018
K2_174_b,K2-174 b,K2_174,0.126,0,89.95,19.5623,2.6,7.27,455,2018
K2_175_b,K2-175 b,K2_175,-1,0,87.4943,9.52599,2.03804,4.81,-1,2018
K2_176_b,K2-176 b,K2_176,-1,0,88.0625,5.32944,1.4909,2.83,-1,2018
K2_177_b,K2-177 b,K2_177,-1,0,87.2195,14.1552,2.1162,5.13,-1,2018
K2_178_b,K2-178 b,K2_178,-1,0,88.6108,8.74782,3.55791,12.4,840.29,2018
K2_179_b,K2-179 b,K2_179,-1,0,88.755,5.17219,2.51268,6.86,-1,2018
K2_18_c,K2-18 c,K2_18,0.06,0.47,90,8.962,2.65,7.51,363,2017
K2_18_b,K2-18 b,K2_18,0.1429,0.2,89.5785,32.9396,2.37,8.92,284,2015
K2_180_b,K2-180 b,K2_180,0.0756,0.075,89.15,8.86566,2.46598,11.41,797.5,2018
K2_181_b,K2-181 b,K2_181,0.0706,0.4,87.4,6.8941,2.69,7.7,949,2018
K2_182_b,K2-182 b,K2_182,0.05174,0.071,88.91,4.73697,2.71257,20.9767,965.8,2018
K2_183_c,K2-183 c,K2_183,0.0932,0,90.5,10.788,2.3,5.9,787,2018
K2_183_d,K2-183 d,K2_183,0.1527,0,89.9,22.6203,2.3,5.9,615,2018
K2_183_b,K2-183 b,K2_183,-1,0,90.1,0.469285,1.1,1.37,-1,2018
K2_184_b,K2-184 b,K2_184,0.1685,0,89.4664,16.978,1.47,2.76,533,2018
K2_185_b,K2-185 b,K2_185,-1,0,88.9324,10.6164,1.15,1.6,809,2018
K2_185_c,K2-185 c,K2_185,-1,0,89.0026,52.7135,2.39,6.3,477,2018
K2_186_b,K2-186 b,K2_186,-1,0,89.5243,41.4742,3.17208,10.2,-1,2018
K2_187_b,K2-187 b,K2_187,0.0164,0,89.7,0.77401,1.2,1.87,1815,2018
K2_187_c,K2-187 c,K2_187,0.0392,0,90.4,2.87151,1.4,2.54,1173,2018
K2_187_d,K2-187 d,K2_187,0.072,0,90.3,7.14958,2.4,6.35,865,2018
K2_187_e,K2-187 e,K2_187,0.1106,0,90.1,13.6066,1.9,4.27,698,2018
K2_188_b,K2-188 b,K2_188,0.0289,0,83.9282,1.74217,1.35,2.39,1692,2018
K2_188_c,K2-188 c,K2_188,0.0785,0,88.0976,7.81025,2.83,8.4,1026,2018
K2_189_b,K2-189 b,K2_189,0.0361,0,88.1134,2.58812,1.403,2.55,1203,2018
K2_189_c,K2-189 c,K2_189,0.068,0,88.1835,6.67932,2.31,5.95,877,2018
K2_19_d,K2-19 d,K2_19,0.03478,0.44,89.7,2.50827,1.044,6.2,1258,2016
K2_19_b,K2-19 b,K2_19,0.07487,0.1,90,7.9193,7,30.8,857,2015
K2_19_c,K2-19 c,K2_19,0.0982,0.1,90,11.906,4.1,11,679,2015
K2_190_b,K2-190 b,K2_190,-1,0,88.3571,10.0989,1.35674,2.41,-1,2018
K2_190_c,K2-190 c,K2_190,-1,0,88.9769,21.574,1.09308,1.34,-1,2018
K2_191_b,K2-191 b,K2_191,-1,0,87.051,2.85865,1.57889,3.12,-1,2018
K2_192_b,K2-192 b,K2_192,0.049,0,88.392,4.16282,1.52,2.92,939,2018
K2_193_b,K2-193 b,K2_193,0.1184,0,89.1925,14.7869,3.95,14.8,739,2018
K2_194_b,K2-194 b,K2_194,-1,0,89.0653,39.7214,3.6423,12.9,-1,2018
K2_195_b,K2-195 b,K2_195,0.1208,0,89.0406,15.853,3.13,9.96,720,2018
K2_195_c,K2-195 c,K2_195,-1,0,88.5369,28.4828,2.57582,7.16,-1,2018
K2_196_b,K2-196 b,K2_196,-1,0,88.2736,48.3242,3.59971,12.6,-1,2018
K2_197_b,K2-197 b,K2_197,0.0806,0,88.5093,8.35788,2.56,7.08,848,2018
K2_198_c,K2-198 c,K2_198,-1,0,86.494,3.35961,1.423,2.61,1229.9,2019
K2_198_d,K2-198 d,K2_198,-1,0,89.86,7.45002,2.438,6.52,943.2,2019
K2_198_b,K2-198 b,K2_198,-1,0,88.904,17.0429,4.189,16.3,715.8,2018
K2_199_b,K2-199 b,K2_199,0.0382,0.02,88.8,3.2254,1.73,6.9,913,2018
K2_199_c,K2-199 c,K2_199,0.0662,0.03,87.7,7.37449,2.85,12.4,694,2018
K2_200_b,K2-200 b,K2_200,-1,0,87.9677,2.84988,1.3644,2.43,-1,2018
K2_201_b,K2-201 b,K2_201,-1,0,84.4137,1.05979,1.40007,2.54,-1,2018
K2_201_c,K2-201 c,K2_201,-1,0,89.272,22.7799,3.28568,10.8,-1,2018
K2_2016_BLG_0005L_b,K2-2016-BLG-0005L b,K2_2016_BLG_0005L,4.16,0,90,4700,13.7,349.611,-1,2023
K2_202_b,K2-202 b,K2_202,-1,0,87.6724,3.40516,2.30166,5.91,-1,2018
K2_203_b,K2-203 b,K2_203,0.0824,0.23,89.12,9.6952,1.26549,2.14,738.4,2018
K2_204_b,K2-204 b,K2_204,0.0738,0.28,88.76,7.05591,3.17214,10.2,1148,2018
K2_205_b,K2-205 b,K2_205,-1,0,89.097,26.6723,1.99553,4.64,-1,2018
K2_206_b,K2-206 b,K2_206,-1,0,89.1122,18.2945,2.79523,8.22,-1,2018
K2_207_b,K2-207 b,K2_207,-1,0,88.62,12.4875,2.60585,7.3,-1,2018
K2_208_b,K2-208 b,K2_208,0.04878,0.37,86.94,4.19097,1.67462,3.45,1122,2018
K2_209_b,K2-209 b,K2_209,-1,0,86.2313,2.08061,0.868503,0.586,-1,2018
K2_21_b,K2-21 b,K2_21,0.076,0.1,88.98,9.32504,1.84,4.04,500,2015
K2_21_c,K2-21 c,K2_21,0.107,0.21,88.85,15.5019,2.49,6.76,420,2015
K2_210_b,K2-210 b,K2_210,-1,0,89.2,0.57023,0.86,0.566,-1,2018
K2_211_b,K2-211 b,K2_211,0.01419,0.19,84.1,0.669561,1.33163,2.33,1873,2018
K2_212_b,K2-212 b,K2_212,0.0785,0,89.1915,9.79565,2.65,7.51,542,2018
K2_213_b,K2-213 b,K2_213,-1,0,87.8616,8.13087,1.51398,2.9,-1,2018
K2_214_b,K2-214 b,K2_214,0.0834,0,88.1451,8.59656,2.51,6.85,1001,2018
K2_215_b,K2-215 b,K2_215,-1,0,88.9842,8.26965,2.12381,5.16,-1,2018
K2_216_b,K2-216 b,K2_216,0.028,0,86.9,2.1748,1.75,8,1103,2018
K2_217_b,K2-217 b,K2_217,-1,0,88.0432,14.0745,3.57854,12.5,-1,2018
K2_218_b,K2-218 b,K2_218,-1,0,88.4526,8.67989,2.56948,7.13,-1,2018
K2_219_b,K2-219 b,K2_219,-1,0,86.7948,3.90129,1.34763,2.38,-1,2018
K2_219_c,K2-219 c,K2_219,-1,0,87.2692,6.66767,1.4384,2.66,-1,2018
K2_219_d,K2-219 d,K2_219,-1,0,88.2866,11.1373,2.57634,7.16,-1,2018
K2_22_b,K2-22 b,K2_22,0.009,0.19,90.6,0.381073,2.3,444.962,2100,2015
K2_220_b,K2-220 b,K2_220,0.1104,0,88.8835,13.6819,2.37,6.21,761,2018
K2_221_b,K2-221 b,K2_221,-1,0,85.4471,2.39909,1.6789,3.46,-1,2018
K2_222_b,K2-222 b,K2_222,0.1186,0.021,88.91,15.3889,2.275,7.5,803,2018
K2_223_b,K2-223 b,K2_223,0.0135,0,78.1,0.505608,0.79,2.8,2480,2018
K2_223_c,K2-223 c,K2_223,0.0584,0,88.2,4.56395,1.41,4.2,1191,2018
K2_224_b,K2-224 b,K2_224,0.0516,0,87.8597,4.47904,1.56,3.05,1002,2018
K2_224_c,K2-224 c,K2_224,0.0886,0,88.6757,10.0949,2.41,6.39,764,2018
K2_225_b,K2-225 b,K2_225,0.1409,0.23,88.64,15.8723,3.60929,12.7,923,2018
K2_226_b,K2-226 b,K2_226,0.04095,0.22,87.6,3.27109,1.53899,2.98,1187,2018
K2_227_b,K2-227 b,K2_227,-1,0,88.3741,13.6218,1.66551,3.41,-1,2018
K2_228_b,K2-228 b,K2_228,0.0338,0,87.465,2.69828,1.21,1.92,914,2018
K2_229_b,K2-229 b,K2_229,0.0131,0,89.7,0.584216,1,2.55,1818,2018
K2_229_c,K2-229 c,K2_229,0.0769,0,87.94,8.32727,2.03,7,750,2018
K2_230_b,K2-230 b,K2_230,0.0409,0,85.9899,2.86041,1.96,4.5,1529,2018
K2_231_b,K2-231 b,K2_231,-1,0,88.6,13.8419,2.5,6.8,-1,2018
K2_232_b,K2-232 b,K2_232,0.1016,0.245,89.83,11.1684,11.6237,135.713,1001,2018
K2_232_c,K2-232 c,K2_232,3.17,0.352,88.65,1950,12.8,1687.67,181.73,2026
K2_233_b,K2-233 b,K2_233,0.03293,0,88.86,2.46758,1.315,2.4,1127,2018
K2_233_c,K2-233 c,K2_233,0.0664,0,89.57,7.06024,1.272,4.6,794,2018
K2_233_d,K2-233 d,K2_233,0.1516,0.18,89.62,24.3681,2.363,10.3,525,2018
K2_237_b,K2-237 b,K2_237,0.03552,0.03,88.37,2.18053,16.0625,434.154,1759,2018
K2_238_b,K2-238 b,K2_238,0.046,0,84.5,3.20466,14.5717,273.334,1587,2018
K2_239_b,K2-239 b,K2_239,0.0441,0,88.99,5.24,1.1,1.37,502,2018
K2_239_c,K2-239 c,K2_239,0.0576,0,88.77,7.775,1,0.972,427,2018
K2_239_d,K2-239 d,K2_239,0.0685,0,89.43,10.115,1.1,1.37,399,2018
K2_24_b,K2-24 b,K2_24,0.1673,0.0498,89.63,20.8896,5.638,20.6,732,2016
K2_24_c,K2-24 c,K2_24,0.262,0.0282,89.44,42.3473,7.93,16.4,591,2016
K2_240_b,K2-240 b,K2_240,0.0513,0,89.26,6.034,2,4.66,586,2018
K2_240_c,K2-240 c,K2_240,0.1159,0,89.66,20.523,1.8,3.89,389,2018
K2_241_b,K2-241 b,K2_241,0.1567,0,90,26.8199,2.55,7.04,507,2018
K2_242_b,K2-242 b,K2_242,0.0494,0,90,6.51389,2.54,6.99,416,2018
K2_243_b,K2-243 b,K2_243,0.1087,0,90,11.5418,2.17,5.35,1035,2018
K2_243_c,K2-243 c,K2_243,0.1817,0,90,24.946,2.01,4.7,801,2018
K2_244_b,K2-244 b,K2_244,0.1418,0,89.2139,21.0688,1.75,3.71,638,2018
K2_245_b,K2-245 b,K2_245,0.0959,0,90,11.8931,4.34,17.4,923,2018
K2_246_b,K2-246 b,K2_246,0.0602,0,90,5.76918,3.49,12,977,2018
K2_247_b,K2-247 b,K2_247,0.0304,0,90,2.25021,2.12,5.14,979,2018
K2_247_c,K2-247 c,K2_247,0.0615,0,90,6.49424,2.19,5.43,688,2018
K2_248_b,K2-248 b,K2_248,0.0699,0,90,7.17256,2.57,7.13,886,2018
K2_249_b,K2-249 b,K2_249,0.1151,0,90,12.409,2.79,8.2,1061,2018
K2_25_b,K2-25 b,K2_25,0.0287,0.428,87.16,3.48456,3.44,24.5,494,2015
K2_250_b,K2-250 b,K2_250,0.04606,0.21,88.26,4.01392,2.71257,7.81,1003,2018
K2_251_b,K2-251 b,K2_251,0.0694,0,90,9.30075,2.35,6.12,437,2018
K2_252_b,K2-252 b,K2_252,0.1041,0,90,13.8151,1.74,3.68,639,2018
K2_253_b,K2-253 b,K2_253,0.0506,0,90,4.00167,12.67,-1,1238,2018
K2_254_b,K2-254 b,K2_254,0.0448,0,90,4.09639,1.63,3.29,791,2018
K2_254_c,K2-254 c,K2_254,0.0923,0,90,12.1184,2.19,5.43,551,2018
K2_255_b,K2-255 b,K2_255,0.0274,0,90,1.96417,2.9,8.75,1034,2018
K2_257_b,K2-257 b,K2_257,0.0216,0,90,1.60588,0.83,0.498,789,2018
K2_258_b,K2-258 b,K2_258,0.149,0,90,19.0921,3,9.27,831,2018
K2_259_b,K2-259 b,K2_259,0.1271,0,89.0272,15.4804,2.32,5.99,795,2018
K2_26_b,K2-26 b,K2_26,0.0962,0,88.4,14.5665,2.67,7.61,430,2016
K2_260_b,K2-260 b,K2_260,0.04392,0.053,89.18,2.6267,18.4164,546.665,2090,2018
K2_261_b,K2-261 b,K2_261,0.1086,0.274,88.58,11.6335,9.26983,68.9688,1036,2018
K2_263_b,K2-263 b,K2_263,0.2573,0.08,89.271,50.8192,2.513,15.4,482,2018
K2_264_b,K2-264 b,K2_264,0.05023,0.5,89.01,5.84,2.231,5.61,496,2018
K2_264_c,K2-264 c,K2_264,0.11283,0.45,89.38,19.6603,2.668,7.6,331,2018
K2_265_b,K2-265 b,K2_265,0.03359,0.16,87.01,2.36902,1.70825,7.34184,1366,2018
K2_266_b,K2-266 b,K2_266,0.01306,0,75.32,0.658524,3.3,11.2678,1515,2018
K2_266_c,K2-266 c,K2_266,0.0679,0.042,88.28,7.814,0.705,0.290131,664.5,2018
K2_266_d,K2-266 d,K2_266,0.1035,0.047,89.46,14.697,2.93,8.9,538.3,2018
K2_266_e,K2-266 e,K2_266,0.1249,0.043,89.45,19.482,2.73,14.3,490.1,2018
K2_268_b,K2-268 b,K2_268,0.0308,0,90,2.15168,1.5,2.86,1136,2018
K2_268_c,K2-268 c,K2_268,0.0819,0,88.71,9.32753,2.69,7.7,696,2018
K2_268_d,K2-268 d,K2_268,-1,0,90,4.5286,1.49,2.83,888,2021
K2_268_e,K2-268 e,K2_268,-1,0,90,6.13124,1.33,2.33,801,2021
K2_268_f,K2-268 f,K2_268,-1,0,90,26.2706,2.23,5.6,492,2021
K2_269_b,K2-269 b,K2_269,0.0531,0,86.72,4.14497,1.57,3.09,1429,2018
K2_27_b,K2-27 b,K2_27,0.06702,0.251,88.8713,6.77135,4.74,30.2,836,2016
K2_270_b,K2-270 b,K2_270,0.0247,0,90,1.54307,1.38,2.48,1203,2018
K2_270_c,K2-270 c,K2_270,0.0497,0,90,4.40003,2.95,9.01,848,2018
K2_271_b,K2-271 b,K2_271,0.077,0,90,8.56242,7.28,41.8,893,2018
K2_272_b,K2-272 b,K2_272,0.1007,0,90,14.4537,3.13,9.96,747,2018
K2_273_b,K2-273 b,K2_273,0.0729,0,90,11.7196,3.05,9.53,849,2018
K2_274_b,K2-274 b,K2_274,0.0964,0,89.44,14.133,2.08,4.98,655,2018
K2_275_b,K2-275 b,K2_275,0.0277,0,88.0191,3.28096,2.34,6.08,1166,2018
K2_275_c,K2-275 c,K2_275,0.0881,0,90,8.43884,2.21,5.52,653,2018
K2_276_b,K2-276 b,K2_276,0.1291,0,90,18.7183,3.77,13.7,583,2018
K2_277_b,K2-277 b,K2_277,0.0664,0.52,86.83,6.32677,2.18575,7.4,1049,2018
K2_278_b,K2-278 b,K2_278,0.0488,0,90,3.33497,2.98,9.17,1711,2018
K2_279_b,K2-279 b,K2_279,0.067,0,90,7.12261,1.21,1.92,879,2018
K2_28_b,K2-28 b,K2_28,0.0214,0,88.9,2.26045,2.32,5.99,568,2016
K2_280_b,K2-280 b,K2_280,0.1461,0.35,89.53,19.8953,7.5,37.1,787,2018
K2_281_b,K2-281 b,K2_281,0.0773,0,90,8.68772,8.18,50.9,665,2018
K2_282_b,K2-282 b,K2_282,0.0499,0,90.1,4.16978,2.5,6.8,1057,2018
EPIC_220554210_c,EPIC 220554210 c,K2_282,-1,0,91.3,0.70531,1.6,3.19,-1,2019
K2_283_b,K2-283 b,K2_283,0.0291,0,90,1.92104,3.52,12.2,1186,2018
K2_284_b,K2-284 b,K2_284,0.04771,0.078,89,4.79507,2.78,8.15,653,2018
K2_285_b,K2-285 b,K2_285,0.03817,0,86.846,3.47174,2.59,9.68,1088.9,2018
K2_285_c,K2-285 c,K2_285,0.0824,0,89.861,7.13805,3.53,15.68,741.4,2018
K2_285_d,K2-285 d,K2_285,0.1178,0,89.6431,10.4558,2.48,6.5,619.9,2018
K2_285_e,K2-285 e,K2_285,0.18041,0,89.7994,14.7629,1.95,10.7,500.9,2018
K2_286_b,K2-286 b,K2_286,0.1768,0,89.67,27.359,2.1,5.06,347,2018
K2_287_b,K2-287 b,K2_287,0.1206,0.478,88.13,14.8933,9.49402,100.116,804,2018
K2_288_B_b,K2-288 B b,K2_288_B,0.164,0,89.81,31.3935,1.9,4.27,226.36,2018
K2_289_b,K2-289 b,K2_289,0.107,0,88.48,13.157,9.1,61,753,2019
K2_29_b,K2-29 b,K2_29,0.04217,0.066,86.656,3.25883,13.3387,232.016,1171,2016
K2_290_b,K2-290 b,K2_290,0.0923,0,88.14,9.21165,3.06,10.9,1230,2019
K2_290_c,K2-290 c,K2_290,0.305,0,89.37,48.3668,11.2763,246,676,2019
K2_291_b,K2-291 b,K2_291,0.03261,0,85.26,2.22518,1.589,6.49,1278,2019
K2_292_b,K2-292 b,K2_292,0.13,0.04,88.4,16.9841,2.63,24.5,795,2019
K2_293_b,K2-293 b,K2_293,-1,0,88.8,13.1225,2.45,6.57,750,2019
K2_294_b,K2-294 b,K2_294,-1,0,85.5,2.50387,1.66,3.39,1425,2019
K2_295_b,K2-295 b,K2_295,0.0451,0,89.3,4.02487,10.0545,106.473,852,2018
K2_3_b,K2-3 b,K2_3,0.0747,0.107,89.4,10.0547,2.078,5.11,501.3,2015
K2_3_c,K2-3 c,K2_3,0.1357,0.048,89.84,24.6467,1.582,2.68,371.8,2015
K2_3_d,K2-3 d,K2_3,0.2014,0.091,89.82,44.556,1.458,2.2,305.2,2015
K2_30_b,K2-30 b,K2_30,0.04839,0,86.92,4.0985,11.6462,184.024,1092,2016
K2_308_b,K2-308 b,K2_308,-1,0,88.44,3.38628,9.916,70.6,1213.76,2019
K2_31_b,K2-31 b,K2_31,0.022,0,79.9,1.25785,11.8815,563.83,1688,2016
K2_315_b,K2-315 b,K2_315,-1,0,88.74,3.14432,0.95,0.809,460,2020
K2_316_b,K2-316 b,K2_316,0.0147,0,87.02,1.133,1.33,2.33,841,2020
K2_316_c,K2-316 c,K2_316,0.0582,0,89.31,5.26,1.83,4.01,423,2020
K2_317_b,K2-317 b,K2_317,0.0542,0,89.22,6.22,2.93,8.91,432,2020
K2_318_b,K2-318 b,K2_318,0.0911,0,89.38,7.01,1.66,3.39,456,2020
K2_319_b,K2-319 b,K2_319,0.1516,0,89.45,26.68,2.79,8.2,641,2020
K2_32_e,K2-32 e,K2_32,0.04899,0.043,89,4.34934,1.212,2.1,1066,2019
K2_32_b,K2-32 b,K2_32,0.0795,0.03,89,8.992,5.299,15,837,2016
K2_32_c,K2-32 c,K2_32,0.13843,0.049,89.4,20.6609,3.134,8.1,634,2016
K2_32_d,K2-32 d,K2_32,0.18422,0.05,89.4,31.717,3.484,6.7,550,2016
K2_320_b,K2-320 b,K2_320,0.0142,0,87.84,1.995,2.62,7.37,698,2020
K2_321_b,K2-321 b,K2_321,0.02839,0.44,86.1,2.29797,2.05124,4.86,830,2020
K2_322_b,K2-322 b,K2_322,0.0594,0,88.15,8.205,1.92,4.35,635,2020
K2_323_b,K2-323 b,K2_323,0.1275,0,89.88,24.93,2.1,5.06,318,2020
K2_324_b,K2-324 b,K2_324,0.0331,0,88.33,3.262,2.43,6.48,707,2020
K2_325_b,K2-325 b,K2_325,0.0419,0,89.37,6.93,2.2,5.48,423,2020
K2_326_b,K2-326 b,K2_326,0.0198,0,85.63,1.256,2.28,5.82,1114,2020
K2_329_b,K2-329 b,K2_329,0.1016,0.0697,89.22,12.4551,8.67577,82.6358,650,2020
K2_33_b,K2-33 b,K2_33,0.0409,0,89.1,5.42486,5.04,1175.97,850,2016
K2_330_b,K2-330 b,K2_330,-1,0,88.6272,13.7748,2.77,8.1,969,2021
K2_331_b,K2-331 b,K2_331,-1,0,90,9.39898,1.79,3.86,909,2021
K2_331_c,K2-331 c,K2_331,-1,0,90,22.9966,2.72,7.85,673,2021
K2_332_b,K2-332 b,K2_332,-1,0,90,17.7063,2.2,5.48,266,2021
K2_333_b,K2-333 b,K2_333,-1,0,89.35,14.7593,6.18,31.6,826,2021
K2_334_b,K2-334 b,K2_334,-1,0,88.58,5.11398,5.65,27.2,1380,2021
K2_335_b,K2-335 b,K2_335,-1,0,88.5066,12.2832,2.21,5.52,949,2021
K2_336_b,K2-336 b,K2_336,-1,0,89.0304,21.1947,1.22,1.98,569,2021
K2_337_b,K2-337 b,K2_337,-1,0,88.1376,16.2736,2.62,7.37,850,2021
K2_338_b,K2-338 b,K2_338,-1,0,90,3.85061,1.03,1.08,783,2021
K2_339_b,K2-339 b,K2_339,-1,0,90,19.5074,1.92,4.35,508,2021
K2_34_b,K2-34 b,K2_34,0.0442,0,82.23,2.99563,13.75,539.675,1687,2016
K2_340_b,K2-340 b,K2_340,-1,0,90,29.7405,3.36,11.2,606,2021
K2_341_b,K2-341 b,K2_341,-1,0,89.3247,36.5526,3.21,10.4,598,2021
K2_342_b,K2-342 b,K2_342,-1,0,90,11.5611,2.03,4.78,861,2021
K2_343_b,K2-343 b,K2_343,-1,0,90,2.78717,1.65,3.36,653,2021
K2_343_c,K2-343 c,K2_343,-1,0,90,7.67697,2.02,4.74,465,2021
K2_344_b,K2-344 b,K2_344,-1,0,90,3.35585,1.59,3.15,722,2021
K2_345_b,K2-345 b,K2_345,-1,0,90,10.3674,2.11,5.1,437,2021
K2_346_b,K2-346 b,K2_346,-1,0,89.5166,26.2014,2.26,5.73,450,2021
K2_347_b,K2-347 b,K2_347,-1,0,90,7.18726,2.41,6.39,640,2021
K2_348_b,K2-348 b,K2_348,-1,0,90,4.68842,3.26,10.7,908,2021
K2_348_c,K2-348 c,K2_348,-1,0,90,12.5502,2.67,7.61,655,2021
K2_349_b,K2-349 b,K2_349,-1,0,90,9.03218,1.38,2.48,518,2021
K2_35_b,K2-35 b,K2_35,0.031,0.13,88.98,2.39996,1.32,2.3,979,2016
K2_35_c,K2-35 c,K2_35,0.055,0.12,88.58,5.60835,1.93,4.38,766,2016
K2_350_b,K2-350 b,K2_350,-1,0,90,4.16387,1.54,2.99,1158,2021
K2_350_c,K2-350 c,K2_350,-1,0,90,19.9919,2.74,7.95,687,2016
K2_351_b,K2-351 b,K2_351,-1,0,90,7.80616,2.54,6.99,934,2021
K2_352_b,K2-352 b,K2_352,-1,0,90,3.66591,1.37,2.45,1160,2021
K2_352_c,K2-352 c,K2_352,-1,0,90,8.23489,1.92,4.35,885,2021
K2_352_d,K2-352 d,K2_352,-1,0,90,14.8714,2.23,5.6,727,2021
K2_353_b,K2-353 b,K2_353,-1,0,90,15.4668,5.55,26.3,735,2021
K2_354_b,K2-354 b,K2_354,-1,0,90,3.79331,1.56,3.05,543,2021
K2_355_b,K2-355 b,K2_355,0.0632,0,90,5.73856,2.25,5.69,1066,2021
K2_356_b,K2-356 b,K2_356,0.1599,0,90,21.0267,2.29,5.86,624,2021
K2_357_b,K2-357 b,K2_357,0.145,0,90,16.3489,3.72,13.4,735,2021
K2_358_b,K2-358 b,K2_358,0.0863,0,90,11.251,2.68,7.65,888,2021
K2_36_b,K2-36 b,K2_36,0.02288,0.093,84.45,1.42261,1.43,4.3,1328,2016
K2_36_c,K2-36 c,K2_36,0.05528,0.089,86.917,5.34089,3.2,7.9,854,2016
K2_365_b,K2-365 b,K2_365,-1,0,89.0039,23.4482,2.906,8.78,-1,2022
K2_366_b,K2-366 b,K2_366,-1,0,90,15.937,2.359,6.16,-1,2022
K2_367_b,K2-367 b,K2_367,-1,0,90,20.6451,2.413,6.41,-1,2022
K2_368_b,K2-368 b,K2_368,-1,0,90,5.0256,1.332,2.34,-1,2022
K2_368_c,K2-368 c,K2_368,-1,0,90,9.66019,1.361,2.42,-1,2022
K2_368_d,K2-368 d,K2_368,-1,0,90,20.2011,1.948,4.45,-1,2022
K2_369_b,K2-369 b,K2_369,-1,0,88.3367,5.76161,1.313,2.28,-1,2022
K2_37_b,K2-37 b,K2_37,0.05105,0,87.4911,4.4434,1.39,2.51,949,2016
K2_37_c,K2-37 c,K2_37,0.06534,0,88.1633,6.42966,2.41,6.39,839,2016
K2_37_d,K2-37 d,K2_37,0.1102,0,89.1634,14.0923,2.31,12.5,646,2016
K2_370_b,K2-370 b,K2_370,0.0321,0,84.44,2.14081,2.67,11.1,1267,2022
K2_371_b,K2-371 b,K2_371,-1,0,90,3.1149,13.024,-1,956.83,2022
K2_372_b,K2-372 b,K2_372,-1,0,90,9.84408,2.945,8.98,-1,2022
K2_373_b,K2-373 b,K2_373,-1,0,90,11.0207,2.061,4.9,-1,2022
K2_374_b,K2-374 b,K2_374,-1,0,90,4.52195,1.593,3.16,-1,2022
K2_374_c,K2-374 c,K2_374,-1,0,90,16.4344,2.213,5.53,-1,2022
K2_375_b,K2-375 b,K2_375,-1,0,87.9722,14.4539,2.243,5.66,-1,2022
K2_376_b,K2-376 b,K2_376,-1,0,90,5.77647,1.736,3.66,-1,2022
K2_377_b,K2-377 b,K2_377,-1,0,90,12.8322,1.693,3.51,-1,2022
K2_378_b,K2-378 b,K2_378,-1,0,90,2.06044,2.88,8.65,-1,2022
K2_379_b,K2-379 b,K2_379,-1,0,90,8.77725,2.181,5.4,-1,2022
K2_38_b,K2-38 b,K2_38,0.04994,0.197,88.36,4.01593,1.54,7.3,1266,2016
K2_38_c,K2-38 c,K2_38,0.09514,0.161,87.68,10.561,2.29,8.3,916,2016
K2_380_b,K2-380 b,K2_380,-1,0,90,9.40131,2.729,7.89,-1,2022
K2_381_b,K2-381 b,K2_381,-1,0,88.8625,7.93893,1.075,1.26,-1,2022
K2_381_c,K2-381 c,K2_381,-1,0,88.7982,16.0347,2,4.66,-1,2022
K2_381_d,K2-381 d,K2_381,-1,0,89.478,26.803,1.689,3.5,-1,2022
K2_382_b,K2-382 b,K2_382,-1,0,88.2977,21.7002,2.072,4.95,-1,2022
K2_383_b,K2-383 b,K2_383,-1,0,85.2553,1.86596,1.564,3.07,-1,2022
K2_384_b,K2-384 b,K2_384,-1,0,90,2.23153,1.076,1.26,-1,2022
K2_384_c,K2-384 c,K2_384,-1,0,90,4.19477,1.191,1.82,-1,2022
K2_384_d,K2-384 d,K2_384,-1,0,90,6.67958,1.392,2.52,-1,2022
K2_384_e,K2-384 e,K2_384,-1,0,90,9.71504,1.345,2.37,-1,2022
K2_384_f,K2-384 f,K2_384,-1,0,90,13.6275,2.222,5.57,-1,2022
K2_385_b,K2-385 b,K2_385,-1,0,90,2.38087,1.539,2.98,-1,2022
K2_386_b,K2-386 b,K2_386,-1,0,90,7.47322,2.32,5.99,-1,2022
K2_387_b,K2-387 b,K2_387,-1,0,90,28.7353,7.322,42.2,-1,2022
K2_388_b,K2-388 b,K2_388,-1,0,90,6.33932,3.9,14.5,874,2022
K2_389_b,K2-389 b,K2_389,-1,0,90,8.58289,2.33,6.04,932,2022
K2_389_c,K2-389 c,K2_389,-1,0,90,20.8513,2.04,4.82,-1,2022
K2_39_b,K2-39 b,K2_39,0.05708,0,80.39,4.60543,6.27704,28.6047,1670,2016
K2_390_b,K2-390 b,K2_390,-1,0,90,3.31279,4.662,19.6,1119,2022
K2_391_b,K2-391 b,K2_391,-1,0,90,4.62265,1.371,2.45,-1,2022
K2_392_b,K2-392 b,K2_392,-1,0,90,15.3987,1.85,4.08,-1,2022
K2_393_b,K2-393 b,K2_393,-1,0,90,10.4132,2.352,6.13,-1,2022
K2_394_b,K2-394 b,K2_394,-1,0,90,5.09572,1.692,3.51,643,2022
K2_395_b,K2-395 b,K2_395,-1,0,90,4.80335,2.597,7.26,-1,2022
K2_395_c,K2-395 c,K2_395,-1,0,90,8.49128,3.395,11.4,-1,2022
K2_396_b,K2-396 b,K2_396,-1,0,90,0.673862,1.579,3.12,-1,2022
K2_396_c,K2-396 c,K2_396,-1,0,90,25.7605,3.124,9.93,-1,2022
K2_397_b,K2-397 b,K2_397,-1,0,90,3.57233,2.417,6.42,-1,2022
K2_398_b,K2-398 b,K2_398,-1,0,90,6.39302,2.274,5.79,-1,2022
K2_398_c,K2-398 c,K2_398,-1,0,90,18.7878,5.098,22.8,-1,2022
K2_4_b,K2-4 b,K2_4,0.078,0.08,89.54,10.0034,2.1,5.06,563,2015
K2_400_b,K2-400 b,K2_400,-1,0,90,3.86505,1.163,1.67,-1,2022
K2_401_b,K2-401 b,K2_401,-1,0,90,6.2931,2.262,5.74,-1,2022
K2_402_b,K2-402 b,K2_402,-1,0,90,17.2747,2.678,7.65,-1,2022
K2_403_b,K2-403 b,K2_403,-1,0,90,33.59,5.333,24.6,949,2022
K2_404_b,K2-404 b,K2_404,-1,0,90,13.1154,2.53,6.94,-1,2022
K2_405_b,K2-405 b,K2_405,-1,0,87.6647,3.43547,4.569,18.9,969,2022
K2_406_b,K2-406 b,K2_406,-1,0,90,22.5494,4.602,19.2,-1,2022
K2_407_b,K2-407 b,K2_407,-1,0,90,4.94191,1.283,2.19,-1,2022
K2_407_c,K2-407 c,K2_407,-1,0,90,9.22453,1.36,2.42,-1,2022
K2_408_b,K2-408 b,K2_408,-1,0,90,20.979,1.677,3.45,-1,2022
K2_409_b,K2-409 b,K2_409,-1,0,90,1.90808,2.482,6.72,-1,2022
K2_411_b,K2-411 b,K2_411,0.0511,0,90.0008,3.2141,0.9898,0.937,1428.52,2022
K2_412_b,K2-412 b,K2_412,0.0586,0,89.998,5.9382,2.116,5.13,1100.64,2022
K2_413_b,K2-413 b,K2_413,0.0117,0,89.9518,0.8094,0.7599,0.363,1535.2,2022
K2_413_c,K2-413 c,K2_413,0.0426,0,89.9985,5.3301,1.2327,2.05,804.55,2022
K2_414_b,K2-414 b,K2_414,0.0487,0,90.0045,4.3696,1.219,1.98,811.92,2022
K2_414_c,K2-414 c,K2_414,0.0552,0,89.9973,6.669,1.9287,4.38,762.62,2022
K2_415_b,K2-415 b,K2_415,0.027,0,89.32,4.01797,1.015,7.5,412.4,2023
K2_416_b,K2-416 b,K2_416,0.088,0,89.25,13.102,2.66,1652.71,447,2023
K2_417_b,K2-417 b,K2_417,0.063,0,89,6.535,3.31,699.222,558,2023
K2_419_A_b,K2-419 A b,K2_419_A,0.1208,0.042,89.54,20.3585,10.55,196,377,2024
K2_42_b,K2-42 b,K2_42,0.0617,0,90,6.68796,2.15,5.27,718.09,2016
K2_43_b,K2-43 b,K2_43,0.03784,0.07,89.6,3.47115,4.51,18.5,939.3,2016
K2_43_c,K2-43 c,K2_43,-1,0,89.26,2.19888,2.42,6.44,1093.7,2019
K2_44_b,K2-44 b,K2_44,0.06,0,87.9933,5.657,2.433,6.5,1211,2016
K2_45_b,K2-45 b,K2_45,0.0224,0.1,87.75,1.72927,6.71,36.4,1073.56,2016
K2_46_b,K2-46 b,K2_46,0.13821,0,88.6487,19.1541,2.05,4.86,889,2016
K2_47_b,K2-47 b,K2_47,0.1779,0,90,31.6372,1.89,4.23,503.72,2016
K2_48_b,K2-48 b,K2_48,0.1344,0,90,20.5065,2.24,5.65,550.56,2016
K2_49_b,K2-49 b,K2_49,0.0309,0,90,2.77065,1.93,4.38,768.28,2016
K2_5_b,K2-5 b,K2_5,0.0532,0,87.35,5.73594,1.91,4.31,565,2015
K2_5_c,K2-5 c,K2_5,0.0818,0,86.95,10.9324,2.26,5.73,456,2015
K2_50_b,K2-50 b,K2_50,0.0705,0,90,8.7529,1.59,3.15,580.53,2016
EPIC_201833600_c,EPIC 201833600 c,K2_50,-1,0,90,3.96151,1,0.972,-1,2019
K2_52_b,K2-52 b,K2_52,0.054,0,86.46,3.53505,18,-1,2004,2016
K2_53_b,K2-53 b,K2_53,0.098,0,89.32,12.2077,2.6,7.27,665,2016
K2_54_b,K2-54 b,K2_54,0.0761,0.24,89.08,9.7833,2.61169,7.33,560,2016
K2_55_b,K2-55 b,K2_55,0.03486,0.07,88.2,2.84927,4.43,44,900,2016
K2_57_b,K2-57 b,K2_57,0.0752,0.25,88.95,9.0073,2.30905,5.94,635.8,2016
K2_58_c,K2-58 c,K2_58,0.035,0,86.0997,2.53726,1.62,3.26,1293.86,2016
K2_58_b,K2-58 b,K2_58,0.0692,0,88.8546,7.05254,2.68,7.65,920.17,2016
K2_58_d,K2-58 d,K2_58,0.1517,0,89.4313,22.8827,1.71,3.57,621.48,2016
K2_59_c,K2-59 c,K2_59,0.0905,0,90,11.2954,2.3,5.9,692.77,2016
K2_59_b,K2-59 b,K2_59,0.1354,0,90,20.6921,2.41,6.39,566.37,2016
K2_6_b,K2-6 b,K2_6,0.1898,0,89.4199,30.9419,2.5,6.8,615,2015
K2_60_b,K2-60 b,K2_60,0.045,0,88.49,3.00265,7.65575,135.396,1400,2016
K2_61_b,K2-61 b,K2_61,0.0392,0,85.9963,2.57336,1.92,4.35,1325,2016
K2_62_b,K2-62 b,K2_62,0.0636,0,89.0998,6.67199,2.02,4.74,666,2016
K2_62_c,K2-62 c,K2_62,0.1148,0,89.6053,16.197,1.99,4.62,495,2016
K2_63_b,K2-63 b,K2_63,0.1627,0,90,20.257,3.22,10.5,1033.44,2016
K2_63_c,K2-63 c,K2_63,0.189,0,90,25.4556,3.9,14.5,958.85,2016
K2_64_b,K2-64 b,K2_64,0.0619,0,90,6.53044,2.07,4.94,877.23,2016
K2_65_b,K2-65 b,K2_65,0.1014,0,89.1484,12.6475,1.58,3.12,723.51,2016
K2_66_b,K2-66 b,K2_66,0.05983,0,86.6,5.06963,2.49,21.3,1372,2016
K2_68_b,K2-68 b,K2_68,0.0708,0,88.7153,8.05428,1.58,3.12,706.64,2016
K2_69_b,K2-69 b,K2_69,0.0591,0,90,7.06599,2.32,5.99,573.61,2016
K2_7_b,K2-7 b,K2_7,0.1867,0.24,89.08,28.6781,4.03523,15.3,786,2015
K2_70_b,K2-70 b,K2_70,0.1112,0,89.1451,13.979,2.89,8.7,783.99,2016
K2_71_b,K2-71 b,K2_71,0.0559,0,90,6.98541,2.15,5.27,533.27,2016
K2_72_b,K2-72 b,K2_72,0.04,0.11,89.15,5.57721,1.08,1.28,466.13,2016
K2_72_d,K2-72 d,K2_72,0.05,0.11,89.26,7.76018,1.01,1.01,416.92,2016
K2_72_c,K2-72 c,K2_72,0.078,0.11,89.54,15.189,1.16,1.65,333.81,2016
K2_72_e,K2-72 e,K2_72,0.106,0.11,89.68,24.1589,1.29,2.21,286.34,2016
K2_73_b,K2-73 b,K2_73,0.07619,0,88.443,7.49556,2.58,9.2,968,2016
K2_73_c,K2-73 c,K2_73,-1,0,90,1000,13,1142,186.1,2025
K2_74_b,K2-74 b,K2_74,0.1402,0,88.9199,19.5666,2.31,5.95,772.58,2016
K2_75_b,K2-75 b,K2_75,0.081,0,87.4134,7.8142,2.67,7.61,1268.65,2016
K2_75_c,K2-75 c,K2_75,0.1429,0,88.7961,18.311,2.77,8.1,955.14,2016
K2_77_b,K2-77 b,K2_77,0.0753,0.29,88.33,8.20008,2.4996,603.877,806,2016
K2_79_b,K2-79 b,K2_79,0.0987,0.032,88.42,10.995,4.15,5.9,1033,2016
K2_8_c,K2-8 c,K2_8,0.0532,0,86.7,5.06416,2.41,6.39,801,2016
K2_8_b,K2-8 b,K2_8,0.0856,0,86.42,10.3524,3.58,12.5,631,2015
K2_80_c,K2-80 c,K2_80,0.0596,0,87.9164,5.605,1.47,2.76,1002.42,2016
K2_80_b,K2-80 b,K2_80,0.135,0,88.9937,19.0918,2.01,4.7,666.05,2016
K2_80_d,K2-80 d,K2_80,-1,0,89.3968,28.8673,2.55212,7.04,-1,2018
K2_81_b,K2-81 b,K2_81,0.059,0.06,89.29,6.10233,1.97,4.54,739.23,2016
K2_83_b,K2-83 b,K2_83,0.03014,0.07,88.72,2.74697,1.244,2.08,707.17,2016
K2_83_c,K2-83 c,K2_83,0.07131,0.06,89.51,9.99767,1.483,2.8,459.75,2016
K2_84_b,K2-84 b,K2_84,0.0665,0,90,6.4215,2.41,6.39,1019.22,2016
K2_84_c,K2-84 c,K2_84,0.1768,0,90,27.86,2.03,4.78,625.08,2016
K2_85_b,K2-85 b,K2_85,0.013,0.24,80.21,0.684539,1.4,3.2,1355,2016
K2_86_b,K2-86 b,K2_86,0.077,0,88.5604,8.77683,1.96,4.5,830.49,2016
K2_87_b,K2-87 b,K2_87,0.094,0,87.74,9.72662,7.6,44.9,979,2016
K2_88_b,K2-88 b,K2_88,0.0345,0.26,87.75,4.6122,1.23,2.04,464.6,2016
K2_89_b,K2-89 b,K2_89,0.01462,0.15,85.77,1.09603,0.615,0.17,830.07,2016
K2_9_b,K2-9 b,K2_9,0.091,0,87.983,18.4498,2.25,5.69,314,2015
K2_90_c,K2-90 c,K2_90,0.035,0.19,86.94,2.90071,1.3,2.24,908.07,2016
K2_90_b,K2-90 b,K2_90,0.096,0.07,89.24,13.7333,2.6,7.27,502,2016
K2_91_b,K2-91 b,K2_91,0.0164,0.09,88.62,1.41955,1.1,1.37,726.81,2016
K2_95_b,K2-95 b,K2_95,0.0525,0.16,90,10.1346,3.31,11,474,2016
K2_97_b,K2-97 b,K2_97,0.0854,0.207,75.5,8.40711,13.4508,174.488,1566,2016
K2_98_b,K2-98 b,K2_98,0.0986,0.119,88.39,10.1367,5.06646,34.0076,1185,2016
K2_99_b,K2-99 b,K2_99,0.153,0.22,88.6,18.2478,11.8815,276.511,1184,2016
K2_99_c,K2-99 c,K2_99,1.43,0.21,90,522.2,12.6,2669.76,390,2022
KELT_1_b,KELT-1 b,KELT_1,0.02466,0.0099,87.8,1.21751,12.442,8654.15,2361,2012
KELT_10_b,KELT-10 b,KELT_10,0.0525,0,88.61,4.16627,15.6814,215.807,1377,2016
KELT_11_b,KELT-11 b,KELT_11,0.0623,0,85.3,4.73621,15.1321,65.1548,1712,2017
KELT_12_b,KELT-12 b,KELT_12,0.06708,0,84.47,5.03162,19.952,301.938,1800,2017
KELT_14_b,KELT-14 b,KELT_14,0.03005,0,78.3,1.71006,19.5373,408.094,1970,2016
KELT_15_b,KELT-15 b,KELT_15,0.04613,0,88.3,3.32944,19.5037,416.357,1642,2016
KELT_16_b,KELT-16 b,KELT_16,0.02044,0,84.4,0.968995,15.8607,874.033,2453,2017
KELT_17_b,KELT-17 b,KELT_17,0.04881,0,84.87,3.08017,17.0937,416.357,2087,2016
KELT_18_b,KELT-18 b,KELT_18,0.0455,0,88.86,2.87175,17.5981,375.039,2085,2017
KELT_19_A_b,KELT-19 A b,KELT_19_A,0.0637,0,85.41,4.61171,21.4092,1293.57,1935,2017
KELT_2_A_b,KELT-2 A b,KELT_2_A,0.05497,0,88.6,4.11379,15.1321,540.311,2080,2012
KELT_20_b,KELT-20 b,KELT_20,0.0542,0,86.12,3.47411,19.5149,1074.9,2262,2017
KELT_21_b,KELT-21 b,KELT_21,0.05224,0,86.46,3.61276,17.7775,1242.72,2051,2018
KELT_23_A_b,KELT-23 A b,KELT_23_A,0.03302,0,85.37,2.25525,14.8295,298.125,1561,2019
KELT_24_b,KELT-24 b,KELT_24,0.0665,0.0319,89.67,5.55149,12.711,1458.83,1391,2019
KELT_3_b,KELT-3 b,KELT_3,0.04123,0,84.14,2.70339,17.486,616.59,1816,2013
KELT_4_A_b,KELT-4 A b,KELT_4_A,0.04317,0,83.16,2.98959,19.0441,286.683,1823,2016
KELT_6_b,KELT-6 b,KELT_6,0.07939,0.22,88.81,7.8457,14.5717,165.272,1313,2014
KELT_6_c,KELT-6 c,KELT_6,2.39,0.21,90,1276,13,1179.15,241.9,2015
KELT_7_b,KELT-7 b,KELT_7,0.04415,0,83.76,2.73477,17.9344,441.784,2048,2015
KELT_8_b,KELT-8 b,KELT_8,0.0455,0.04,82.65,3.24406,18.1586,209.768,1675,2015
KELT_9_b,KELT-9 b,KELT_9,0.03368,0,86.79,1.48112,21.7006,915.346,3921,2017
KIC_10001893_b,KIC 10001893 b,KIC_10001893,-1,0,90,0.2197,-1,-1,-1,2014
KIC_10001893_c,KIC 10001893 c,KIC_10001893,-1,0,90,0.32528,-1,-1,-1,2014
KIC_10001893_d,KIC 10001893 d,KIC_10001893,-1,0,90,0.81161,-1,-1,-1,2014
KIC_10068024_b,KIC 10068024 b,KIC_10068024,-1,0,90,2.07355,13.4,635.657,-1,2021
KIC_10525077_b,KIC 10525077 b,KIC_10525077,-1,0,89.861,854.083,5.5,25.9,-1,2015
KIC_3526061_b,KIC 3526061 b,KIC_3526061,5.14,0.85,90,3552,12.1,5768.59,248.63,2022
KIC_3558849_b,KIC 3558849 b,KIC_3558849,-1,0,89.973,1322.3,6.9,38.1,-1,2015
Kepler_460_c,Kepler-460 c,KIC_5437945,0.75318,0,89.99,220.13,5.52,26.1,389,2016
KIC_5437945_b,KIC 5437945 b,KIC_5437945,1.19671,0,89.904,440.781,6.4,33.6,308,2015
KIC_5479689_b,KIC 5479689 b,KIC_5479689,-1,0,90,1.70153,14.2,158.914,-1,2021
KIC_7917485_b,KIC 7917485 b,KIC_7917485,-1,0.15,90,840,12.4,3750.39,-1,2016
KIC_8121913_b,KIC 8121913 b,KIC_8121913,-1,0,90,3.2946,13.4,667.44,-1,2021
Kepler_458_c,Kepler-458 c,KIC_9663113,0.17012,0,88.27,20.7403,4.2,16.4,798,2016
KIC_9663113_b,KIC 9663113 b,KIC_9663113,1.55346,0,89.768,572.385,4.6,19.2,264,2015
KMT_2016_BLG_0212L_b,KMT-2016-BLG-0212L b,KMT_2016_BLG_0212L,2.2,0,90,-1,12.2,5700,-1,2018
KMT_2016_BLG_1105L_b,KMT-2016-BLG-1105L b,KMT_2016_BLG_1105L,2.44,0,90,-1,1.33,2.32,-1,2023
KMT_2016_BLG_1107L_b,KMT-2016-BLG-1107L b,KMT_2016_BLG_1107L,0.342,0,90,-1,13.1,1043,-1,2019
KMT_2016_BLG_1337L_b,KMT-2016-BLG-1337L b,KMT_2016_BLG_1337L,3.97,0,90,-1,11.4,88.992,-1,2026
KMT_2016_BLG_1397L_b,KMT-2016-BLG-1397L b,KMT_2016_BLG_1397L,5.1,0,90,-1,12.7,2200,-1,2018
KMT_2016_BLG_1820L_b,KMT-2016-BLG-1820L b,KMT_2016_BLG_1820L,1.08,0,90,-1,12.9,1450,-1,2018
KMT_2016_BLG_1836L_b,KMT-2016-BLG-1836L b,KMT_2016_BLG_1836L,3.5,0,90,-1,13.3,700,-1,2019
KMT_2016_BLG_2142L_b,KMT-2016-BLG-2142L b,KMT_2016_BLG_2142L,0.83,0,90,-1,12.2,4923,-1,2018
KMT_2016_BLG_2321L_b,KMT-2016-BLG-2321L b,KMT_2016_BLG_2321L,3.58,0,90,-1,13.8,301.937,-1,2024
KMT_2016_BLG_2364L_b,KMT-2016-BLG-2364L b,KMT_2016_BLG_2364L,2.63,0,90,-1,13,1250,-1,2020
KMT_2016_BLG_2397L_b,KMT-2016-BLG-2397L b,KMT_2016_BLG_2397L,3.64,0,90,-1,13.2,836,-1,2020
KMT_2016_BLG_2605L_b,KMT-2016-BLG-2605L b,KMT_2016_BLG_2605L,0.681,0,90,-1,14,245.046,-1,2021
KMT_2017_BLG_0165L_b,KMT-2017-BLG-0165L b,KMT_2017_BLG_0165L,3.45,0,90,-1,6.45,34,-1,2018
KMT_2017_BLG_0428L_b,KMT-2017-BLG-0428L b,KMT_2017_BLG_0428L,1.81,0,90,-1,2.23,5.59,-1,2023
KMT_2017_BLG_0673L_b,KMT-2017-BLG-0673L b,KMT_2017_BLG_0673L,2.34,0,90,-1,13,1166.43,-1,2022
KMT_2017_BLG_0849L_b,KMT-2017-BLG-0849L b,KMT_2017_BLG_0849L,2.73,0,90,-1,2.41,6.39,-1,2024
KMT_2017_BLG_1003L_b,KMT-2017-BLG-1003L b,KMT_2017_BLG_1003L,1.38,0,90,-1,2.13,5.19,-1,2023
KMT_2017_BLG_1038L_b,KMT-2017-BLG-1038L b,KMT_2017_BLG_1038L,1.8,0,90,-1,13.4,640,-1,2019
KMT_2017_BLG_1057L_b,KMT-2017-BLG-1057L b,KMT_2017_BLG_1057L,2.36,0,90,-1,5.19,23.5,-1,2024
KMT_2017_BLG_1146L_b,KMT-2017-BLG-1146L b,KMT_2017_BLG_1146L,1.6,0,90,-1,14,230,-1,2019
KMT_2017_BLG_1194L_b,KMT-2017-BLG-1194L b,KMT_2017_BLG_1194L,1.78,0,90,-1,1.7,3.54,-1,2023
KMT_2017_BLG_2197L_b,KMT-2017-BLG-2197L b,KMT_2017_BLG_2197L,15.91,0,90,-1,12.5,2809.6,-1,2025
KMT_2017_BLG_2331L_b,KMT-2017-BLG-2331L b,KMT_2017_BLG_2331L,2.14,0,90,-1,14.2,171,-1,2024
KMT_2017_BLG_2509L_b,KMT-2017-BLG-2509L b,KMT_2017_BLG_2509L,2.14,0,90,-1,13.4,664.261,-1,2021
KMT_2018_BLG_0029L_b,KMT-2018-BLG-0029L b,KMT_2018_BLG_0029L,4.27,0,90,-1,2.67,7.59,-1,2020
KMT_2018_BLG_0030L_b,KMT-2018-BLG-0030L b,KMT_2018_BLG_0030L,4.39,0,90,-1,13.6,460.851,-1,2022
KMT_2018_BLG_0087L_b,KMT-2018-BLG-0087L b,KMT_2018_BLG_0087L,0.87,0,90,-1,10.1,73.1005,-1,2022
KMT_2018_BLG_0247L_b,KMT-2018-BLG-0247L b,KMT_2018_BLG_0247L,2.46,0,90,-1,13.4,670.618,-1,2022
KMT_2018_BLG_0748L_b,KMT-2018-BLG-0748L b,KMT_2018_BLG_0748L,0.62,0,90,-1,9.01,60,-1,2020
KMT_2018_BLG_0885L_b,KMT-2018-BLG-0885L b,KMT_2018_BLG_0885L,1.07,0,90,-1,11.9,9217.02,-1,2023
KMT_2018_BLG_1025L_b,KMT-2018-BLG-1025L b,KMT_2018_BLG_1025L,1.305,0,90,-1,2.34,6.059,-1,2021
KMT_2018_BLG_1292L_b,KMT-2018-BLG-1292L b,KMT_2018_BLG_1292L,6.03,0,90,-1,12.9,1400,-1,2020
KMT_2018_BLG_1743L_b,KMT-2018-BLG-1743L b,KMT_2018_BLG_1743L,1.449,0,90,-1,10.5,77.868,-1,2021
KMT_2018_BLG_1976L_b,KMT-2018-BLG-1976L b,KMT_2018_BLG_1976L,3.54,0,90,-1,13.3,705.579,-1,2021
KMT_2018_BLG_1988L_b,KMT-2018-BLG-1988L b,KMT_2018_BLG_1988L,3.09,0,90,-1,2.22,5.56,-1,2022
KMT_2018_BLG_1990L_b,KMT-2018-BLG-1990L b,KMT_2018_BLG_1990L,0.763,0,90,-1,12.9,111,-1,2019
KMT_2018_BLG_1996L_b,KMT-2018-BLG-1996L b,KMT_2018_BLG_1996L,4.27,0,90,-1,13.7,346.433,-1,2021
KMT_2018_BLG_2602L_b,KMT-2018-BLG-2602L b,KMT_2018_BLG_2602L,3.81,0,90,-1,13.7,365.503,-1,2022
KMT_2019_BLG_0253L_b,KMT-2019-BLG-0253L b,KMT_2019_BLG_0253L,3.1,0,90,-1,2.99,9.2,-1,2022
KMT_2019_BLG_0297L_b,KMT-2019-BLG-0297L b,KMT_2019_BLG_0297L,0.96,0,90,-1,12.1,6038.74,-1,2023
KMT_2019_BLG_0298L_b,KMT-2019-BLG-0298L b,KMT_2019_BLG_0298L,5.67,0,90,-1,13.4,575.269,-1,2023
KMT_2019_BLG_0335L_b,KMT-2019-BLG-0335L b,KMT_2019_BLG_0335L,1.64,0,90,-1,12.1,6674.4,-1,2023
KMT_2019_BLG_0371L_b,KMT-2019-BLG-0371L b,KMT_2019_BLG_0371L,0.79,0,90,-1,12.6,2447.28,-1,2021
KMT_2019_BLG_0414L_b,KMT-2019-BLG-0414L b,KMT_2019_BLG_0414L,1.16,0,90,-1,12.9,1452.48,-1,2022
KMT_2019_BLG_0578L_b,KMT-2019-BLG-0578L b,KMT_2019_BLG_0578L,2,0,90,-1,13.7,381.394,-1,2025
KMT_2019_BLG_0842L_b,KMT-2019-BLG-0842L b,KMT_2019_BLG_0842L,3.31,0,90,-1,3.19,10.28,-1,2020
KMT_2019_BLG_0953L_b,KMT-2019-BLG-0953L b,KMT_2019_BLG_0953L,1.1,0,90,-1,4.06,15.5,-1,2022
KMT_2019_BLG_1042L_b,KMT-2019-BLG-1042L b,KMT_2019_BLG_1042L,1.7,0,90,-1,9.05,60.3874,-1,2022
KMT_2019_BLG_1216L_b,KMT-2019-BLG-1216L b,KMT_2019_BLG_1216L,2.44,0,90,-1,5.98,29.8759,-1,2023
KMT_2019_BLG_1339L_b,KMT-2019-BLG-1339L b,KMT_2019_BLG_1339L,2.15,0,90,-1,13.7,397,-1,2020
KMT_2019_BLG_1367L_b,KMT-2019-BLG-1367L b,KMT_2019_BLG_1367L,1.7,0,90,-1,1.85,4.08,-1,2023
KMT_2019_BLG_1552L_b,KMT-2019-BLG-1552L b,KMT_2019_BLG_1552L,2.6,0,90,-1,13,1287.21,-1,2022
KMT_2019_BLG_1715L_b,KMT-2019-BLG-1715L b,KMT_2019_BLG_1715L,3.32,0,90,-1,13.2,813.641,-1,2021
KMT_2019_BLG_1806L_b,KMT-2019-BLG-1806L b,KMT_2019_BLG_1806L,3.02,0,90,-1,2,4.67,-1,2023
KMT_2019_BLG_1953L_b,KMT-2019-BLG-1953L b,KMT_2019_BLG_1953L,-1,0,90,-1,14.1,200,-1,2020
KMT_2019_BLG_2783L_b,KMT-2019-BLG-2783L b,KMT_2019_BLG_2783L,1.85,0,90,-1,13.7,368.681,-1,2023
KMT_2019_BLG_2974L_b,KMT-2019-BLG-2974L b,KMT_2019_BLG_2974L,2,0,90,-1,11.4,88.992,-1,2022
KMT_2020_BLG_0202L_b,KMT-2020-BLG-0202L b,KMT_2020_BLG_0202L,4.17,0,90,-1,12.4,3902.93,-1,2026
KMT_2020_BLG_0414L_b,KMT-2020-BLG-0414L b,KMT_2020_BLG_0414L,2.07,0,90,-1,1.2,1.87,-1,2021
KMT_2020_BLG_0414L_c,KMT-2020-BLG-0414L c,KMT_2020_BLG_0414L,22.3,0,90,-1,11.9,8581.37,-1,2021
KMT_2021_BLG_0119L_b,KMT-2021-BLG-0119L b,KMT_2021_BLG_0119L,2.92,0,90,-1,12.8,1754.41,-1,2022
KMT_2021_BLG_0171L_b,KMT-2021-BLG-0171L b,KMT_2021_BLG_0171L,3.5,0,90,-1,3.35,11.2,-1,2022
KMT_2021_BLG_0192L_b,KMT-2021-BLG-0192L b,KMT_2021_BLG_0192L,1.62,0,90,-1,6.56,34.9611,-1,2022
KMT_2021_BLG_0240L_b,KMT-2021-BLG-0240L b,KMT_2021_BLG_0240L,2.8,0,90,-1,9.6,66.744,-1,2022
KMT_2021_BLG_0320L_b,KMT-2021-BLG-0320L b,KMT_2021_BLG_0320L,1.54,0,90,-1,6.2,31.7828,-1,2022
KMT_2021_BLG_0322L_b,KMT-2021-BLG-0322L b,KMT_2021_BLG_0322L,-1,0,90,-1,12.7,2034.1,-1,2021
KMT_2021_BLG_0712L_b,KMT-2021-BLG-0712L b,KMT_2021_BLG_0712L,2.22,0,90,-1,6.91,38.19,-1,2023
KMT_2021_BLG_0736L_b,KMT-2021-BLG-0736L b,KMT_2021_BLG_0736L,4,0,90,-1,4.86,21,-1,2025
KMT_2021_BLG_0748L_b,KMT-2021-BLG-0748L b,KMT_2021_BLG_0748L,2.43,0,90,-1,14.3,143.023,-1,2022
KMT_2021_BLG_0852L_b,KMT-2021-BLG-0852L b,KMT_2021_BLG_0852L,7.78,0,90,-1,14.2,155.736,-1,2026
KMT_2021_BLG_0909L_b,KMT-2021-BLG-0909L b,KMT_2021_BLG_0909L,1.75,0,90,-1,13.7,400.464,-1,2023
KMT_2021_BLG_0912L_b,KMT-2021-BLG-0912L b,KMT_2021_BLG_0912L,3.14,0,90,-1,1.49,2.81,-1,2022
KMT_2021_BLG_1077L_c,KMT-2021-BLG-1077L c,KMT_2021_BLG_1077L,0.93,0,90,-1,10.6,79.4571,-1,2022
KMT_2021_BLG_1077L_b,KMT-2021-BLG-1077L b,KMT_2021_BLG_1077L,1.26,0,90,-1,9.86,69.9222,-1,2022
KMT_2021_BLG_1105L_b,KMT-2021-BLG-1105L b,KMT_2021_BLG_1105L,3.54,0,90,-1,13.6,413.177,-1,2023
KMT_2021_BLG_1150L_b,KMT-2021-BLG-1150L b,KMT_2021_BLG_1150L,4.5,0,90,-1,13.9,279.689,-1,2023
KMT_2021_BLG_1253L_b,KMT-2021-BLG-1253L b,KMT_2021_BLG_1253L,1.52,0,90,-1,4.59,19.05,-1,2022
KMT_2021_BLG_1303L_b,KMT-2021-BLG-1303L b,KMT_2021_BLG_1303L,2.89,0,90,-1,13.6,120.775,-1,2022
KMT_2021_BLG_1372L_b,KMT-2021-BLG-1372L b,KMT_2021_BLG_1372L,2.37,0,90,-1,9.12,61.27,-1,2022
KMT_2021_BLG_1391L_b,KMT-2021-BLG-1391L b,KMT_2021_BLG_1391L,2.29,0,90,-1,1.97,4.55,-1,2022
KMT_2021_BLG_1547L_b,KMT-2021-BLG-1547L b,KMT_2021_BLG_1547L,4.5,0,90,-1,13.6,467.208,-1,2023
KMT_2021_BLG_1554L_b,KMT-2021-BLG-1554L b,KMT_2021_BLG_1554L,0.72,0,90,-1,6.9,38.1394,-1,2022
KMT_2021_BLG_1689L_b,KMT-2021-BLG-1689L b,KMT_2021_BLG_1689L,2.5,0,90,-1,7.71,46,-1,2022
KMT_2021_BLG_1770L_b,KMT-2021-BLG-1770L b,KMT_2021_BLG_1770L,0.9,0,90,-1,12.1,6674.4,-1,2023
KMT_2021_BLG_1898L_b,KMT-2021-BLG-1898L b,KMT_2021_BLG_1898L,1.9,0,90,-1,14,232.015,-1,2022
KMT_2021_BLG_2010L_b,KMT-2021-BLG-2010L b,KMT_2021_BLG_2010L,1.79,0,90,-1,13.8,340.076,-1,2023
KMT_2021_BLG_2294L_b,KMT-2021-BLG-2294L b,KMT_2021_BLG_2294L,1.15,0,90,-1,5.02,22.248,-1,2022
KMT_2021_BLG_2478L_b,KMT-2021-BLG-2478L b,KMT_2021_BLG_2478L,1.85,0,90,-1,13.9,286.046,-1,2023
KMT_2021_BLG_2609L_b,KMT-2021-BLG-2609L b,KMT_2021_BLG_2609L,2.3,0,90,-1,3.17,10.1705,-1,2024
KMT_2022_BLG_0303L_b,KMT-2022-BLG-0303L b,KMT_2022_BLG_0303L,4.81,0,90,-1,14.2,163.046,-1,2024
KMT_2022_BLG_0371L_b,KMT-2022-BLG-0371L b,KMT_2022_BLG_0371L,3.02,0,90,-1,10.9,82.6354,-1,2023
KMT_2022_BLG_0440L_b,KMT-2022-BLG-0440L b,KMT_2022_BLG_0440L,1.9,0,90,-1,4.05,15.4,-1,2023
KMT_2022_BLG_1013L_b,KMT-2022-BLG-1013L b,KMT_2022_BLG_1013L,1.38,0,90,-1,12.1,98.5268,-1,2023
KMT_2022_BLG_1551L_b,KMT-2022-BLG-1551L b,KMT_2022_BLG_1551L,2.29,0,90,-1,13.2,940.772,-1,2026
KMT_2022_BLG_1790L_b,KMT-2022-BLG-1790L b,KMT_2022_BLG_1790L,5.25,0,90,-1,13.5,549.843,-1,2025
KMT_2022_BLG_1818L_b,KMT-2022-BLG-1818L b,KMT_2022_BLG_1818L,2.6,0,90,-1,13,1271.31,-1,2026
KMT_2022_BLG_1818L_c,KMT-2022-BLG-1818L c,KMT_2022_BLG_1818L,12.6,0,90,-1,13.2,114.418,-1,2026
KMT_2022_BLG_2076L_b,KMT-2022-BLG-2076L b,KMT_2022_BLG_2076L,5.67,0,90,-1,13.9,279.689,-1,2025
KMT_2022_BLG_2286L_b,KMT-2022-BLG-2286L b,KMT_2022_BLG_2286L,2.02,0,90,-1,12.1,6038.74,-1,2024
KMT_2023_BLG_0084L_b,KMT-2023-BLG-0084L b,KMT_2023_BLG_0084L,2.5,0,90,-1,13.3,794.571,-1,2026
KMT_2023_BLG_0119L_b,KMT-2023-BLG-0119L b,KMT_2023_BLG_0119L,3.14,0,90,-1,11,83.7,-1,2025
KMT_2023_BLG_0332L_b,KMT-2023-BLG-0332L b,KMT_2023_BLG_0332L,3.2,0,90,-1,12,6992.22,-1,2026
KMT_2023_BLG_0416L_b,KMT-2023-BLG-0416L b,KMT_2023_BLG_0416L,2.96,0,90,-1,3.67,13.031,-1,2024
KMT_2023_BLG_0466L_b,KMT-2023-BLG-0466L b,KMT_2023_BLG_0466L,2.68,0,90,-1,13.1,1032.94,-1,2026
KMT_2023_BLG_0469L_b,KMT-2023-BLG-0469L b,KMT_2023_BLG_0469L,2.31,0,90,-1,7.04,39.4107,-1,2024
KMT_2023_BLG_0548L_b,KMT-2023-BLG-0548L b,KMT_2023_BLG_0548L,6.85,0,90,-1,13.1,1086.97,-1,2025
KMT_2023_BLG_0735L_b,KMT-2023-BLG-0735L b,KMT_2023_BLG_0735L,2.96,0,90,-1,6.97,38.7751,-1,2024
KMT_2023_BLG_0830L_b,KMT-2023-BLG-0830L b,KMT_2023_BLG_0830L,1.7,0,90,-1,4.41,17.7984,-1,2025
KMT_2023_BLG_0949L_b,KMT-2023-BLG-0949L b,KMT_2023_BLG_0949L,2.03,0,90,-1,12.8,1900.61,-1,2025
KMT_2023_BLG_1118L_b,KMT-2023-BLG-1118L b,KMT_2023_BLG_1118L,0.9,0,90,-1,9.6,66.744,-1,2026
KMT_2023_BLG_1431L_b,KMT-2023-BLG-1431L b,KMT_2023_BLG_1431L,3.2,0,90,-1,3.76,13.6,-1,2024
KMT_2023_BLG_1454L_b,KMT-2023-BLG-1454L b,KMT_2023_BLG_1454L,1.18,0,90,-1,14.1,200.232,-1,2024
KMT_2023_BLG_1592L_b,KMT-2023-BLG-1592L b,KMT_2023_BLG_1592L,3.9,0,90,-1,14.1,184.34,-1,2026
KMT_2023_BLG_1642L_b,KMT-2023-BLG-1642L b,KMT_2023_BLG_1642L,1.41,0,90,-1,13.8,343.255,-1,2024
KMT_2023_BLG_1743L_b,KMT-2023-BLG-1743L b,KMT_2023_BLG_1743L,1.16,0,90,-1,12.1,6356.57,-1,2024
KMT_2023_BLG_1810L_b,KMT-2023-BLG-1810L b,KMT_2023_BLG_1810L,3.4,0,90,-1,12.6,2301.08,-1,2026
KMT_2023_BLG_1866L_b,KMT-2023-BLG-1866L b,KMT_2023_BLG_1866L,2.63,0,90,-1,1.43,2.63,-1,2024
KMT_2023_BLG_1896L_b,KMT-2023-BLG-1896L b,KMT_2023_BLG_1896L,2.86,0,90,-1,4.19,16.35,-1,2025
KMT_2023_BLG_2209L_b,KMT-2023-BLG-2209L b,KMT_2023_BLG_2209L,3.51,0,90,-1,13.9,254.263,-1,2025
KMT_2024_BLG_0176L_b,KMT-2024-BLG-0176L b,KMT_2024_BLG_0176L,1.32,0,90,-1,14,241.55,-1,2026
KMT_2024_BLG_0349L_b,KMT-2024-BLG-0349L b,KMT_2024_BLG_0349L,6.46,0,90,-1,12.4,3769.44,-1,2026
KMT_2024_BLG_0404L_c,KMT-2024-BLG-0404L c,KMT_2024_BLG_0404L,-1,0,90,-1,4.33,17.3,-1,2025
KMT_2024_BLG_0404L_b,KMT-2024-BLG-0404L b,KMT_2024_BLG_0404L,0.85,0,90,-1,11.9,8657.65,-1,2025
KMT_2024_BLG_1005L_b,KMT-2024-BLG-1005L b,KMT_2024_BLG_1005L,0.78,0,90,-1,12.1,6674.4,-1,2025
KMT_2024_BLG_1044L_b,KMT-2024-BLG-1044L b,KMT_2024_BLG_1044L,-1,0,90,-1,2.7,7.75,-1,2024
KMT_2024_BLG_1209L_b,KMT-2024-BLG-1209L b,KMT_2024_BLG_1209L,2.51,0,90,-1,13.2,839.067,-1,2025
KMT_2024_BLG_1281L_b,KMT-2024-BLG-1281L b,KMT_2024_BLG_1281L,1.96,0,90,-1,4.59,19.0697,-1,2025
KMT_2024_BLG_1870L_b,KMT-2024-BLG-1870L b,KMT_2024_BLG_1870L,3.15,0,90,-1,13.8,336.898,-1,2026
KMT_2024_BLG_2005L_b,KMT-2024-BLG-2005L b,KMT_2024_BLG_2005L,1.12,0,90,-1,8.18,50.8525,-1,2026
KMT_2024_BLG_2059L_b,KMT-2024-BLG-2059L b,KMT_2024_BLG_2059L,2.55,0,90,-1,2.54,6.99222,-1,2025
KMT_2024_BLG_2087L_b,KMT-2024-BLG-2087L b,KMT_2024_BLG_2087L,3.03,0,90,-1,12.9,1395.27,-1,2026
KMT_2024_BLG_2242L_b,KMT-2024-BLG-2242L b,KMT_2024_BLG_2242L,0.89,0,90,-1,3.82,13.9844,-1,2025
KMT_2025_BLG_0026L_b,KMT-2025-BLG-0026L b,KMT_2025_BLG_0026L,0.96,0,90,-1,13.3,676.975,-1,2026
KMT_2025_BLG_0030L_b,KMT-2025-BLG-0030L b,KMT_2025_BLG_0030L,2.35,0,90,-1,13.7,365.503,-1,2026
KMT_2025_BLG_0121L_b,KMT-2025-BLG-0121L b,KMT_2025_BLG_0121L,3.05,0,90,-1,12.6,2469.53,-1,2026
KMT_2025_BLG_0481L_b,KMT-2025-BLG-0481L b,KMT_2025_BLG_0481L,2.18,0,90,-1,14.1,187.519,-1,2026
KMT_2025_BLG_0975L_b,KMT-2025-BLG-0975L b,KMT_2025_BLG_0975L,0.81,0,90,-1,5.97,29.8,-1,2026
KMT_2025_BLG_1160L_b,KMT-2025-BLG-1160L b,KMT_2025_BLG_1160L,2.56,0,90,-1,5.43,25.36,-1,2026
KMT_2025_BLG_1616L_b,KMT-2025-BLG-1616L b,KMT_2025_BLG_1616L,1.6,0,90,-1,7.34,42.32,-1,2026
KMT_2025_BLG_2272L_b,KMT-2025-BLG-2272L b,KMT_2025_BLG_2272L,3.89,0,90,-1,13.3,785.036,-1,2026
KOBE_1_b,KOBE-1 b,KOBE_1,0.07006,0,90,8.5399,2.91,8.8,594.4,2025
KOBE_1_c,KOBE-1 c,KOBE_1,0.16071,0,90,29.671,3.56,12.4,392.5,2025
KOI_12_b,KOI-12 b,KOI_12,0.154,0.34,88.95,17.8552,13.7871,349.613,911,2015
Kepler_448_c,Kepler-448 c,KOI_12,4.2,0.65,90,2500,12,6992.26,184.72,2017
KOI_1257_b,KOI-1257 b,KOI_1257,0.382,0.772,89.66,86.6477,10.54,460.83,511,2014
KOI_13_b,KOI-13 b,KOI_13,0.03641,0.00064,86.77,1.76359,16.948,2949.46,2550,2011
KOI_134_c,KOI-134 c,KOI_134,0.2305,0.24,75,33.95,9.86,69.9222,798.82,2025
KOI_134_b,KOI-134 b,KOI_134,0.363,0.16,89.58,67.1277,12.0384,346.433,659,2025
KOI_142_b,KOI-142 b,KOI_142,0.09586,0.05561,90.97,10.9165,3.438,9.5,758,2013
KOI_142_c,KOI-142 c,KOI_142,0.154121,0.05724,93.15,22.2649,14,214.1,635.87,2013
Kepler_88_d,Kepler-88 d,KOI_142,2.46633,0.41,89,1403,13.1,965.147,158.95,2020
KOI_1599_02,KOI-1599.02,KOI_1599,0.112293,0.0114,88.6,13.6088,1.9,9,755,2019
KOI_1599_01,KOI-1599.01,KOI_1599,0.14728,0.014,89.78,20.4415,1.9,4.6,660,2019
KOI_1783_01,KOI-1783.01,KOI_1783,0.52661,0,89.4413,134.463,8.86,71,412,2020
KOI_1783_02,KOI-1783.02,KOI_1783,0.86695,0,89.65,284.215,5.44,15,321,2020
KOI_217_b,KOI-217 b,KOI_217,0.0477,0,89.8,3.90512,12.442,-1,1046,2010
KOI_2513_01,KOI-2513.01,KOI_2513,0.5,0.36,89.7,19.0055,2.80225,7310.05,758,2023
KOI_319_b,KOI-319 b,KOI_319,0.2668,0.034,88.24,46.1483,10.67,3178.28,703,2014
KOI_319_c,KOI-319 c,KOI_319,-1,0.032,90,80.099,11.9,8803.85,-1,2014
KOI_3503_b,KOI-3503 b,KOI_3503,0.14247,0,88.42,21.185,1.19,9.2,785,2021
KOI_3503_c,KOI-3503 c,KOI_3503,0.18688,0,89.38,31.828,1.21,10.36,686,2021
KOI_351_b,KOI-351 b,KOI_351,0.074,0,89.4,7.00815,1.31,2.27,1062,2013
KOI_351_c,KOI-351 c,KOI_351,0.089,0,89.68,8.71937,1.19,1.81,987,2013
Kepler_90_i,Kepler-90 i,KOI_351,0.120138,0,89.2,14.4491,1.32,2.3,709,2017
KOI_351_d,KOI-351 d,KOI_351,0.32,0,89.71,59.7367,2.87,8.6,520,2013
KOI_351_e,KOI-351 e,KOI_351,0.42,0,89.79,91.9391,2.66,7.56,450,2013
KOI_351_f,KOI-351 f,KOI_351,0.48,0,89.77,124.914,2.88,8.65,407,2013
KOI_351_g,KOI-351 g,KOI_351,0.71704,0.0292,89.92,210.735,7.718,15,342,2013
KOI_351_h,KOI-351 h,KOI_351,0.97062,0.0276,89.927,331.603,11.252,203,294,2013
KOI_3680_b,KOI-3680 b,KOI_3680,0.534,0.496,89.892,141.242,11.0969,613.412,347,2018
KOI_4777_01,KOI-4777.01,KOI_4777,0.008,0,87,0.412,0.51,99.2,1180,2022
KOI_4978_b,KOI-4978 b,KOI_4978,-1,0,90,0.941967,0.7,0.271,-1,2024
KOI_55_b,KOI-55 b,KOI_55,0.006,0,65,0.240104,0.759,0.44,7777.78,2011
KOI_55_c,KOI-55 c,KOI_55,0.0076,0,65,0.342887,0.867,0.655,6910.74,2011
KOI_7368_b,KOI-7368 b,KOI_7368,0.0678,0,71.62,6.84303,2.22,5.56,805,2022
Kepler_457_d,Kepler-457 d,KOI_7892,0.0996,0,86.62,10.6906,2.98467,9.19,1008,2021
KIC_8540376_b,KIC 8540376 b,KOI_7892,-1,0,89.3,31.8099,4.1,15.8,-1,2015
KIC_8540376_c,KIC 8540376 c,KOI_7892,-1,0,89.701,75.2,2.4,6.35,-1,2015
KOI_7913_b,KOI-7913 b,KOI_7913_A,0.1456,0,88.62,24.2786,2.34,6.08,432,2022
KOI_94_b,KOI-94 b,KOI_94,0.05119,0.25,89.3,3.74321,1.71,10.5,1486,2013
KOI_94_c,KOI-94 c,KOI_94,0.1013,0.43,88.36,10.4236,4.32,15.6,1012,2013
KOI_94_d,KOI-94 d,KOI_94,0.1684,0.022,89.871,22.343,11.27,106,806,2013
KOI_94_e,KOI-94 e,KOI_94,0.3046,0.019,89.76,54.3203,6.56,35,584,2013
KOI_984_b,KOI-984 b,KOI_984,0.0504,0.12,88.93,4.28818,4.3,17.1,1022,2022
KOI_984_c,KOI-984 c,KOI_984,0.1467,0.38,90,21.512,14.1,209.8,597,2022
KPS_1_b,KPS-1 b,KPS_1,0.0269,0,83.2,1.70629,11.5453,346.435,1459,2018
Kapteyn_c,Kapteyn c,Kapteyn,0.311,0.23,90,121.54,2.54,7,165.59,2014
Kepler_10_b,Kepler-10 b,Kepler_10,0.01685,0,84.8,0.837491,1.47,3.24,2188,2011
Kepler_10_c,Kepler-10 c,Kepler_10,0.241,0.136,89.623,45.2943,2.355,11.29,579,2011
Kepler_10_d,Kepler-10 d,Kepler_10,0.5379,0.19,90,151.06,3.49,12,387,2023
Kepler_100_b,Kepler-100 b,Kepler_100,0.07309,0.13,85.37,6.88734,1.34,4.01,1155,2014
Kepler_100_c,Kepler-100 c,Kepler_100,0.11061,0.02,87.4,12.8159,2.2,7.05,939,2014
Kepler_100_d,Kepler-100 d,Kepler_100,0.21747,0.38,88.92,35.3331,1.61,3,670,2014
Kepler_100_e,Kepler-100 e,Kepler_100,0.312392,0.026437,90,60.8886,5.27,24.1427,621.73,2023
Kepler_1000_b,Kepler-1000 b,Kepler_1000,0.5326,0,89.5,120.018,4.76,20.3,473,2016
Kepler_1001_c,Kepler-1001 c,Kepler_1001,0.08296,0,79.49,9.18186,1.57799,3.11,804,2020
Kepler_1001_b,Kepler-1001 b,Kepler_1001,0.11147,0,85.25,14.3051,3.15,10.1,693,2016
Kepler_1002_b,Kepler-1002 b,Kepler_1002,0.0564,0,84.15,4.33643,1.71,3.57,1453,2016
Kepler_1003_b,Kepler-1003 b,Kepler_1003,0.04333,0,88.47,3.55486,1.78,3.82,1157,2016
Kepler_1004_b,Kepler-1004 b,Kepler_1004,0.06791,0,83.69,5.2879,6.28,32.5,1661,2016
Kepler_1005_b,Kepler-1005 b,Kepler_1005,0.06717,0,84,6.49802,1.5,2.86,1026,2016
Kepler_1006_b,Kepler-1006 b,Kepler_1006,0.1464,0,86.86,19.7617,1.54,2.99,791,2016
Kepler_1007_b,Kepler-1007 b,Kepler_1007,0.048,0,89.94,5.185,1.44,2.67,652,2016
Kepler_1008_b,Kepler-1008 b,Kepler_1008,0.09755,0,88.35,12.4393,1.28,2.18,627,2016
Kepler_1009_b,Kepler-1009 b,Kepler_1009,0.0796,0,89.95,11.3501,2.17,5.35,403,2016
Kepler_101_b,Kepler-101 b,Kepler_101,0.0474,0.086,85.82,3.48768,5.77,51.1,1513,2014
Kepler_101_c,Kepler-101 c,Kepler_101,0.0684,0,84.6,6.02976,1.25,3.78,1413,2014
Kepler_1010_b,Kepler-1010 b,Kepler_1010,0.193,0,89.07,34.2686,2.32,5.99,477,2016
Kepler_1011_b,Kepler-1011 b,Kepler_1011,0.0633,0,85.36,5.75322,2.87,8.6,920,2016
Kepler_1012_b,Kepler-1012 b,Kepler_1012,0.06066,0,82.78,5.5086,1.29,2.21,934,2016
Kepler_1013_b,Kepler-1013 b,Kepler_1013,0.137,0,89.07,18.9305,2.15,5.27,766,2016
Kepler_1014_b,Kepler-1014 b,Kepler_1014,0.121,0,89.16,16.5711,2.39,6.3,614,2016
Kepler_1015_b,Kepler-1015 b,Kepler_1015,0.1345,0,89.96,16.0049,3.55,12.3,1040,2016
Kepler_1016_b,Kepler-1016 b,Kepler_1016,0.03044,0,82.98,1.95452,2.18,5.39,1540,2016
Kepler_1016_c,Kepler-1016 c,Kepler_1016,0.43519,0,89.74,105.655,3.68,13.1,407,2016
Kepler_1017_b,Kepler-1017 b,Kepler_1017,0.07196,0,89.93,7.234,1.99,4.62,831,2016
Kepler_1018_b,Kepler-1018 b,Kepler_1018,0.253,0,89.43,49.1014,2.58,7.18,498,2016
Kepler_1019_b,Kepler-1019 b,Kepler_1019,0.0221,0,78.73,1.41123,1.46,2.73,1164,2016
Kepler_102_b,Kepler-102 b,Kepler_102,0.05521,0.1,89.78,5.28697,0.46,1.1,857,2014
Kepler_102_c,Kepler-102 c,Kepler_102,0.06702,0.094,89.82,7.07139,0.567,1.7,777,2014
Kepler_102_d,Kepler-102 d,Kepler_102,0.08618,0.092,89.49,10.3118,1.154,3,686,2014
Kepler_102_e,Kepler-102 e,Kepler_102,0.1162,0.089,89.488,16.1457,2.17,4.7,590,2013
Kepler_102_f,Kepler-102 f,Kepler_102,0.1656,0.1,89.32,27.4536,0.861,4.3,495,2014
Kepler_1020_b,Kepler-1020 b,Kepler_1020,0.37594,0,89.71,96.9151,2.28,5.82,325,2016
Kepler_1021_b,Kepler-1021 b,Kepler_1021,0.1034,0,89.96,13.4747,2.33,6.04,634,2016
Kepler_1022_b,Kepler-1022 b,Kepler_1022,0.0805,0,89.71,10.9947,2.36,6.17,512,2016
Kepler_1023_b,Kepler-1023 b,Kepler_1023,0.30284,0,89.52,62.1388,2.63,7.41,524,2016
Kepler_1024_b,Kepler-1024 b,Kepler_1024,0.3033,0,89.7,66.4162,3.91,14.5,376,2016
Kepler_1025_b,Kepler-1025 b,Kepler_1025,0.21607,0,88.92,37.3229,1.98,4.58,1654,2016
Kepler_1026_b,Kepler-1026 b,Kepler_1026,0.1977,0,89.11,36.5156,2.21,5.52,425,2016
Kepler_1027_b,Kepler-1027 b,Kepler_1027,0.02911,0,86.74,1.90781,0.89,0.64,1268,2016
Kepler_1028_b,Kepler-1028 b,Kepler_1028,0.0354,0,88.78,2.51462,1.33,2.33,1217,2016
Kepler_1029_b,Kepler-1029 b,Kepler_1029,0.047,0,78.17,4.4177,1.26,2.13,790,2016
Kepler_103_b,Kepler-103 b,Kepler_103,0.133,0.171,87.914,15.9653,3.4857,11.67,973,2014
Kepler_103_c,Kepler-103 c,Kepler_103,0.6679,0.103,89.704,179.61,5.4539,58.47,434,2014
Kepler_1030_b,Kepler-1030 b,Kepler_1030,0.1338,0,89.99,19.3295,2.48,6.71,529,2016
Kepler_1031_b,Kepler-1031 b,Kepler_1031,0.0218,0,89.93,1.22622,0.87,0.59,2024,2016
Kepler_1032_b,Kepler-1032 b,Kepler_1032,0.0361,0,89.3,3.29012,1.87,4.16,802,2016
Kepler_1033_b,Kepler-1033 b,Kepler_1033,0.0761,0,89.92,7.56053,2.51,6.85,914,2016
Kepler_1034_b,Kepler-1034 b,Kepler_1034,0.0965,0,89.94,12.124,2.26,5.73,675,2016
Kepler_1035_b,Kepler-1035 b,Kepler_1035,0.03883,0,84.01,2.71408,1.17,1.71,1301,2016
Kepler_1036_b,Kepler-1036 b,Kepler_1036,0.47726,0,89.24,122.881,3.01,9.32,326,2016
Kepler_1037_b,Kepler-1037 b,Kepler_1037,0.0198,0,86.11,1.06379,1.28,2.18,1650,2016
Kepler_1038_c,Kepler-1038 c,Kepler_1038,0.0692,0,89.67,7.12766,1.41623,2.59,784,2021
Kepler_1038_b,Kepler-1038 b,Kepler_1038,0.5238,0,89.66,148.46,3.53,12.2,285,2016
Kepler_1039_b,Kepler-1039 b,Kepler_1039,0.01714,0,78.54,0.934884,1.46,2.73,2080,2016
Kepler_104_b,Kepler-104 b,Kepler_104,0.094,0,87.76,11.4275,3.1,19.6,852,2014
Kepler_104_c,Kepler-104 c,Kepler_104,0.153,0,87.95,23.6682,3.13,7.14431,668,2014
Kepler_104_d,Kepler-104 d,Kepler_104,0.257,0,89.14,51.7554,3.58,5.54022,515,2014
Kepler_1040_b,Kepler-1040 b,Kepler_1040,0.67249,0,90,201.121,2.08,4.98,300,2016
Kepler_1041_b,Kepler-1041 b,Kepler_1041,0.1688,0,86.17,24.7576,2.94,8.96,644,2016
Kepler_1042_b,Kepler-1042 b,Kepler_1042,0.0756,0,89.93,10.132,2.19,5.43,574,2016
Kepler_1043_b,Kepler-1043 b,Kepler_1043,0.2159,0,89.04,38.5053,2.55,7.04,532,2016
Kepler_1044_b,Kepler-1044 b,Kepler_1044,0.0741,0,89.92,6.77409,2.67,7.61,1058,2016
Kepler_1045_b,Kepler-1045 b,Kepler_1045,0.1616,0,89.25,26.4105,2.69,7.7,512,2016
Kepler_1046_b,Kepler-1046 b,Kepler_1046,0.11858,0,86.3,14.3751,1.71,3.57,786,2016
Kepler_1047_c,Kepler-1047 c,Kepler_1047,0.04413,0,86.09,3.18898,0.99,0.937,1309,2016
Kepler_1047_b,Kepler-1047 b,Kepler_1047,0.29871,0,88.56,56.1887,2.09,5.02,503,2016
Kepler_1048_b,Kepler-1048 b,Kepler_1048,0.059,0,84.6,6.92101,1.61,3.22,619,2016
Kepler_1049_b,Kepler-1049 b,Kepler_1049,0.0349,0,88.1,3.27346,0.95,0.809,625,2016
Kepler_105_b,Kepler-105 b,Kepler_105,0.06016,0.02,85.94,5.4122,2.53,10.8,1418,2013
Kepler_105_c,Kepler-105 c,Kepler_105,0.07229,0.02,84.02,7.12592,1.44,5.6,997,2014
Kepler_1050_b,Kepler-1050 b,Kepler_1050,0.12353,0,89.14,15.3788,1.6,3.19,1039,2016
Kepler_1050_c,Kepler-1050 c,Kepler_1050,0.15264,0,89.48,21.1285,1.48,2.79,935,2016
Kepler_1051_b,Kepler-1051 b,Kepler_1051,0.18395,0,89.96,25.962,3.4,11.5,850,2016
Kepler_1052_b,Kepler-1052 b,Kepler_1052,0.20988,0,89.37,34.8538,2.93,8.91,522,2016
Kepler_1052_c,Kepler-1052 c,Kepler_1052,0.6135,0,89.99,180.922,2.3,5.9,302,2023
Kepler_1053_b,Kepler-1053 b,Kepler_1053,0.0315,0,89.12,2.41435,0.98,0.904,953,2016
Kepler_1054_b,Kepler-1054 b,Kepler_1054,0.05542,0,77.07,4.30656,2.63,7.41,1177,2016
Kepler_1055_b,Kepler-1055 b,Kepler_1055,0.0335,0,89.14,2.29504,1.23,2.04,1304,2016
Kepler_1056_b,Kepler-1056 b,Kepler_1056,0.1629,0,88.87,27.4956,3.01,9.32,590,2016
Kepler_1057_b,Kepler-1057 b,Kepler_1057,0.1138,0,89.71,14.0883,3.36,11.2,724,2016
Kepler_1058_b,Kepler-1058 b,Kepler_1058,0.3679,0,89.14,110.965,2.72,7.85,239,2016
Kepler_1059_b,Kepler-1059 b,Kepler_1059,0.044,0,88.83,3.76419,1.73,3.64,908,2016
Kepler_106_b,Kepler-106 b,Kepler_106,0.06491,0,86.69,6.16486,0.82,5.3,1021,2014
Kepler_106_c,Kepler-106 c,Kepler_106,0.10987,0,87.07,13.5708,2.5,10.44,785,2014
Kepler_106_d,Kepler-106 d,Kepler_106,0.16063,0,85.45,23.9802,0.95,8.1,649,2014
Kepler_106_e,Kepler-106 e,Kepler_106,0.24006,0,88.27,43.8445,2.56,11.17,531,2014
Kepler_1060_b,Kepler-1060 b,Kepler_1060,0.2495,0,87.75,46.8779,2.38,6.26,484,2016
Kepler_1061_b,Kepler-1061 b,Kepler_1061,0.0388,0,80.18,2.75798,1.98,4.58,1332,2016
Kepler_1062_b,Kepler-1062 b,Kepler_1062,0.0748,0,89.16,9.30412,1.76,3.75,583,2016
Kepler_1063_b,Kepler-1063 b,Kepler_1063,0.1176,0,89.53,14.0797,1.49,2.83,931,2016
Kepler_1064_b,Kepler-1064 b,Kepler_1064,0.1183,0,88.92,16.5408,1.55,3.02,570,2016
Kepler_1065_c,Kepler-1065 c,Kepler_1065,0.0344,0,89.98,2.37031,1.6,3.19,1256,2016
Kepler_1065_b,Kepler-1065 b,Kepler_1065,0.0455,0,88.42,3.60931,3.73,13.4,1092,2016
Kepler_1066_b,Kepler-1066 b,Kepler_1066,0.0298,0,80.37,1.93156,2.36,6.17,1290,2016
Kepler_1067_b,Kepler-1067 b,Kepler_1067,0.0164,0,84.88,0.762129,0.8,0.437,1872,2016
Kepler_1067_c,Kepler-1067 c,Kepler_1067,0.06069,0,89.65,5.42584,1.74682,3.7,973,2021
Kepler_1068_b,Kepler-1068 b,Kepler_1068,0.13038,0,88.93,16.9234,3.63,12.8,702,2016
Kepler_1069_b,Kepler-1069 b,Kepler_1069,0.16587,0,89.24,23.899,1.6,3.19,823,2016
Kepler_107_b,Kepler-107 b,Kepler_107,0.04544,0.1,89.05,3.18002,1.536,3.8,1592,2014
Kepler_107_c,Kepler-107 c,Kepler_107,0.06064,0.08,89.49,4.90145,1.597,10,1378,2014
Kepler_107_d,Kepler-107 d,Kepler_107,0.08377,0.11,87.55,7.95839,0.86,7.7,1173,2014
Kepler_107_e,Kepler-107 e,Kepler_107,0.12638,0.1,89.67,14.7491,2.903,14.1,955,2014
Kepler_1070_b,Kepler-1070 b,Kepler_1070,0.06753,0,83.97,6.22161,1.73,3.64,1101,2016
Kepler_1071_b,Kepler-1071 b,Kepler_1071,0.0629,0,89.56,6.17998,2.38,6.26,814,2016
Kepler_1072_b,Kepler-1072 b,Kepler_1072,0.02742,0,88.73,1.56907,1.58,3.12,1849,2016
Kepler_1073_d,Kepler-1073 d,Kepler_1073,0.0352,0,89.08,2.50476,1.48771,2.82,1369,2021
Kepler_1073_c,Kepler-1073 c,Kepler_1073,0.0483,0,89.92,4.02582,1.64,3.33,1169,2016
Kepler_1073_b,Kepler-1073 b,Kepler_1073,0.0805,0,89.38,8.67889,2.3,5.9,905,2016
Kepler_1074_b,Kepler-1074 b,Kepler_1074,0.0536,0,89.37,5.94567,1.25,2.1,568,2016
Kepler_1075_b,Kepler-1075 b,Kepler_1075,0.0208,0,73.31,1.52373,1.42,2.6,818,2016
Kepler_1076_b,Kepler-1076 b,Kepler_1076,0.0611,0,89.36,6.14728,0.8,0.437,770,2016
Kepler_1077_b,Kepler-1077 b,Kepler_1077,0.2101,0,88.39,34.3512,2.77,8.1,576,2016
Kepler_1078_b,Kepler-1078 b,Kepler_1078,0.0388,0,70.4,3.00725,1.9,4.27,1122,2016
Kepler_1079_b,Kepler-1079 b,Kepler_1079,0.1092,0,88.59,13.245,1.63,3.29,887,2016
Kepler_108_b,Kepler-108 b,Kepler_108,0.292,0.22,89.94,49.1839,8.65,56,669,2014
Kepler_108_c,Kepler-108 c,Kepler_108,0.721,0.04,89.24,190.323,8.18,50.9,426,2014
Kepler_1080_b,Kepler-1080 b,Kepler_1080,0.3781,0,88.6,77.2548,3.28,10.8,548,2016
Kepler_1081_b,Kepler-1081 b,Kepler_1081,0.04662,0,87.9,3.85692,1.01,1.01,972,2016
Kepler_1082_b,Kepler-1082 b,Kepler_1082,0.02571,0,87.26,1.54321,1.12,1.46,1827,2016
Kepler_1083_b,Kepler-1083 b,Kepler_1083,0.1899,0,88.08,33.4178,3.36,11.2,448,2016
Kepler_1084_b,Kepler-1084 b,Kepler_1084,0.0324,0,61.5,2.05334,1.11,1.41,1737,2016
Kepler_1085_c,Kepler-1085 c,Kepler_1085,0.29798,0,89.15,56.7771,3.26818,10.7,491,2020
Kepler_1085_b,Kepler-1085 b,Kepler_1085,0.73361,0,89.9,219.322,7.22,41.2,313,2016
Kepler_1086_b,Kepler-1086 b,Kepler_1086,0.1198,0,88.97,18.7843,2.44,6.53,433,2016
Kepler_1086_c,Kepler-1086 c,Kepler_1086,0.503,0,90,161.516,2.94,8.96,211,2016
Kepler_1087_b,Kepler-1087 b,Kepler_1087,0.01554,0,86.59,0.693843,0.61,0.165,2161,2016
Kepler_1088_b,Kepler-1088 b,Kepler_1088,0.16163,0,88.31,23.1275,1.42,2.6,667,2016
Kepler_1089_b,Kepler-1089 b,Kepler_1089,0.0497,0,89.54,5.13249,1.83,4.01,584,2016
Kepler_109_b,Kepler-109 b,Kepler_109,0.0701,0.11,87.06,6.48163,2.49,4.9,1276,2014
Kepler_109_c,Kepler-109 c,Kepler_109,0.1546,0.098,89.63,21.2227,2.65,8.2,859,2014
Kepler_1090_c,Kepler-1090 c,Kepler_1090,0.22622,0,87.3,42.4272,3.29266,10.9,496,2021
Kepler_1090_b,Kepler-1090 b,Kepler_1090,0.63323,0,89.67,198.68,2.25,5.69,297,2016
Kepler_1091_b,Kepler-1091 b,Kepler_1091,0.0252,0,88.96,1.43474,1.46,2.73,1664,2016
Kepler_1092_b,Kepler-1092 b,Kepler_1092,0.2996,0,89.71,58.6018,2.07,4.94,508,2016
Kepler_1093_b,Kepler-1093 b,Kepler_1093,0.17543,0,86.89,25.0825,1.95,4.46,776,2016
Kepler_1093_c,Kepler-1093 c,Kepler_1093,0.41037,0,89.02,89.7223,1.96,4.5,508,2016
Kepler_1094_b,Kepler-1094 b,Kepler_1094,0.3625,0,89.51,78.1,3.18,10.2,480,2016
Kepler_1095_b,Kepler-1095 b,Kepler_1095,0.0514,0,89.92,4.27103,1.21,1.92,1108,2016
Kepler_1096_b,Kepler-1096 b,Kepler_1096,0.034,0,85.46,2.89222,1.24,2.07,794,2016
Kepler_1097_b,Kepler-1097 b,Kepler_1097,0.5791,0,90,187.747,3.26,10.7,267,2016
Kepler_1098_b,Kepler-1098 b,Kepler_1098,0.0358,0,88.18,2.54307,1.3,2.24,1319,2016
Kepler_1099_b,Kepler-1099 b,Kepler_1099,0.0337,0,88.96,2.16845,2.83,8.4,1558,2016
Kepler_11_b,Kepler-11 b,Kepler_11,0.091,0.045,89.64,10.3039,1.8,1.9,849,2010
Kepler_11_c,Kepler-11 c,Kepler_11,0.107,0.026,89.59,13.0241,2.87,2.9,786,2010
Kepler_11_d,Kepler-11 d,Kepler_11,0.155,0.004,89.67,22.6845,3.12,7.3,653,2010
Kepler_11_e,Kepler-11 e,Kepler_11,0.195,0.012,88.89,31.9996,4.19,8,582,2010
Kepler_11_f,Kepler-11 f,Kepler_11,0.25,0.013,89.47,46.6888,2.49,2,513,2010
Kepler_11_g,Kepler-11 g,Kepler_11,0.466,0.15,89.87,118.381,3.33,25,376,2010
Kepler_110_b,Kepler-110 b,Kepler_110,0.107,0,89.98,12.6911,1.83,4.01,1008,2014
Kepler_110_c,Kepler-110 c,Kepler_110,0.198,0,89.86,31.7198,2.21,5.52,743,2014
Kepler_1100_b,Kepler-1100 b,Kepler_1100,0.06745,0,89.11,6.422,1.75,3.71,1000,2016
Kepler_1101_b,Kepler-1101 b,Kepler_1101,0.3483,0,89.99,81.3151,2.47,6.66,393,2016
Kepler_1102_b,Kepler-1102 b,Kepler_1102,0.2731,0,89.06,51.3286,2.66,7.56,546,2016
Kepler_1103_b,Kepler-1103 b,Kepler_1103,0.15336,0,86.29,19.7919,2.27,5.77,736,2016
Kepler_1104_b,Kepler-1104 b,Kepler_1104,0.06321,0,80.72,5.03728,1.23,2.04,1321,2016
Kepler_1105_b,Kepler-1105 b,Kepler_1105,0.0471,0,84.34,4.42157,2.01,4.7,729,2016
Kepler_1106_b,Kepler-1106 b,Kepler_1106,0.0239,0,84.54,1.25275,1.65,3.36,2199,2016
Kepler_1107_b,Kepler-1107 b,Kepler_1107,0.01285,0,66.6,0.571039,1.34,2.36,1897,2016
Kepler_1108_b,Kepler-1108 b,Kepler_1108,0.0511,0,89.59,4.51006,1.46,2.73,1063,2016
Kepler_1109_b,Kepler-1109 b,Kepler_1109,0.2466,0,89.99,37.6467,2.19,5.43,787,2016
Kepler_111_b,Kepler-111 b,Kepler_111,0.046,0,86.96,3.34181,1.58,3.12,1356,2014
Kepler_111_c,Kepler-111 c,Kepler_111,0.751,0.176,89.756,224.778,7.08408,222.48,352.2,2014
Kepler_1110_b,Kepler-1110 b,Kepler_1110,0.0754,0,88.72,9.69312,2.66,7.56,609,2016
Kepler_1111_b,Kepler-1111 b,Kepler_1111,0.0872,0,89.86,8.79618,2,4.66,938,2016
Kepler_1112_b,Kepler-1112 b,Kepler_1112,0.1239,0,89.34,14.3627,3.02,9.38,918,2016
Kepler_1113_b,Kepler-1113 b,Kepler_1113,0.2415,0,89.79,42.3005,2.81,8.3,558,2016
Kepler_1114_b,Kepler-1114 b,Kepler_1114,0.11056,0,89.89,14.9744,1.35,2.39,631,2016
Kepler_1115_b,Kepler-1115 b,Kepler_1115,0.2134,0,88.34,23.5541,1.7,3.53,1381,2016
Kepler_1116_b,Kepler-1116 b,Kepler_1116,0.233,0,89.98,41.6978,2.54,6.99,488,2016
Kepler_1117_b,Kepler-1117 b,Kepler_1117,0.05485,0,87.83,4.79028,1.11,1.41,938,2016
Kepler_1118_b,Kepler-1118 b,Kepler_1118,0.2079,0,88.77,38.6715,2.74,7.95,502,2016
Kepler_1119_b,Kepler-1119 b,Kepler_1119,0.0812,0,84.08,8.32652,1.92,4.35,938,2016
Kepler_112_b,Kepler-112 b,Kepler_112,0.076,0,89.95,8.40888,2.36,6.17,809,2014
Kepler_112_c,Kepler-112 c,Kepler_112,0.172,0,89.91,28.5743,2.4,6.35,538,2014
Kepler_1120_b,Kepler-1120 b,Kepler_1120,0.0369,0,89.77,2.94903,1.38,2.48,1027,2016
Kepler_1121_b,Kepler-1121 b,Kepler_1121,0.11818,0,84.73,13.1514,1.91,4.31,1008,2016
Kepler_1122_b,Kepler-1122 b,Kepler_1122,0.2315,0,89.92,42.1917,2.04,4.82,526,2016
Kepler_1123_b,Kepler-1123 b,Kepler_1123,0.0497,0,84.46,4.33946,1.67,3.43,1061,2016
Kepler_1124_b,Kepler-1124 b,Kepler_1124,0.0305,0,89.45,2.85235,1.28,2.18,621,2016
Kepler_1125_b,Kepler-1125 b,Kepler_1125,0.1348,0,83.69,17.6701,1.84,4.04,778,2016
Kepler_1126_b,Kepler-1126 b,Kepler_1126,0.41251,0,90,108.593,1.73,3.64,374,2016
Kepler_1126_c,Kepler-1126 c,Kepler_1126,0.6193,0,89.98,199.669,1.45,2.7,305,2023
Kepler_1127_b,Kepler-1127 b,Kepler_1127,0.0556,0,88.72,5.1233,1.96,4.5,994,2016
Kepler_1128_b,Kepler-1128 b,Kepler_1128,0.302,0,89.96,61.6178,3.65,12.9,424,2016
Kepler_1129_b,Kepler-1129 b,Kepler_1129,0.16481,0,87.53,24.3398,2.96,9.06,737,2016
Kepler_1129_c,Kepler-1129 c,Kepler_1129,0.35367,0,89.82,76.537,2.73,7.9,503,2016
Kepler_113_b,Kepler-113 b,Kepler_113,0.05123,0,86.54,4.754,1.82,11.7,775,2014
Kepler_113_c,Kepler-113 c,Kepler_113,0.07796,0,87.69,8.92507,2.18,8.7,628,2014
Kepler_1130_c,Kepler-1130 c,Kepler_1130,0.04238,0,86.3,3.26664,0.792396,0.422,1072,2021
Kepler_1130_d,Kepler-1130 d,Kepler_1130,0.05068,0,85.95,4.27225,0.644723,0.202,981,2021
Kepler_1130_b,Kepler-1130 b,Kepler_1130,0.05963,0,84.83,5.45298,0.8,0.437,904,2016
Kepler_1131_b,Kepler-1131 b,Kepler_1131,0.0459,0,88.19,3.53232,1.59,3.15,1159,2016
Kepler_1132_b,Kepler-1132 b,Kepler_1132,0.2881,0,89.36,62.8916,2.35,6.12,384,2016
Kepler_1133_b,Kepler-1133 b,Kepler_1133,0.0983,0,88.21,11.5556,1.97,4.54,703,2016
Kepler_1134_b,Kepler-1134 b,Kepler_1134,0.1242,0,89.59,17.1326,2.64,7.46,611,2016
Kepler_1135_b,Kepler-1135 b,Kepler_1135,0.3436,0,89.25,76.9579,1.85,4.08,451,2016
Kepler_1136_b,Kepler-1136 b,Kepler_1136,0.0299,0,89.97,2.36172,1.64,3.33,922,2016
Kepler_1137_b,Kepler-1137 b,Kepler_1137,0.1871,0,86.12,23.9211,2.2,5.48,1020,2016
Kepler_1138_b,Kepler-1138 b,Kepler_1138,0.0415,0,85.11,3.1706,1.7,3.53,1080,2016
Kepler_1139_b,Kepler-1139 b,Kepler_1139,0.01664,0,89.23,0.813167,1.19,1.81,1693,2016
Kepler_114_b,Kepler-114 b,Kepler_114,0.053,0,89.39,5.18855,1.26,1.09,586,2014
Kepler_114_c,Kepler-114 c,Kepler_114,0.06482,0,89.36,8.041,1.6,2.8,507,2013
Kepler_114_d,Kepler-114 d,Kepler_114,0.08358,0,88.87,11.776,2.53,3.9,446,2013
Kepler_1140_b,Kepler-1140 b,Kepler_1140,0.1478,0,89.14,24.0863,2.77,8.1,500,2016
Kepler_1141_b,Kepler-1141 b,Kepler_1141,0.03496,0,84.08,2.34451,0.82,0.477,1471,2016
Kepler_1142_b,Kepler-1142 b,Kepler_1142,0.1343,0,86.37,18.3027,1.47,2.76,902,2016
Kepler_1143_b,Kepler-1143 b,Kepler_1143,0.0371,0,85.23,2.8889,1.67,3.43,976,2016
Kepler_1143_c,Kepler-1143 c,Kepler_1143,0.6477,0,89.76,210.631,3.6,12.6,234,2016
Kepler_1144_b,Kepler-1144 b,Kepler_1144,0.1291,0,86.25,17.1465,1.99,4.62,811,2016
Kepler_1145_b,Kepler-1145 b,Kepler_1145,0.0443,0,86,3.97077,1.4,2.54,958,2016
Kepler_1146_b,Kepler-1146 b,Kepler_1146,0.0325,0,89.48,2.35227,1.23,2.04,1019,2016
Kepler_1147_b,Kepler-1147 b,Kepler_1147,0.0961,0,88.31,10.6278,2.61,7.32,872,2016
Kepler_1148_b,Kepler-1148 b,Kepler_1148,0.0188,0,88.94,1.10446,1.69,3.5,1397,2016
Kepler_1149_b,Kepler-1149 b,Kepler_1149,0.0473,0,81.98,3.7309,1.44,2.67,1128,2016
Kepler_115_b,Kepler-115 b,Kepler_115,0.036,0,80.55,2.40368,1.09,1.32,1489,2014
Kepler_115_c,Kepler-115 c,Kepler_115,0.087,0,85.95,8.99089,2.6,7.27,960,2014
Kepler_1150_b,Kepler-1150 b,Kepler_1150,0.0382,0,89.16,2.78787,1.02,1.04,1432,2016
Kepler_1151_b,Kepler-1151 b,Kepler_1151,0.3197,0,88.43,65.6478,2.22,5.56,485,2016
Kepler_1152_b,Kepler-1152 b,Kepler_1152,0.0223,0,89.3,1.6468,0.87,0.59,806,2016
Kepler_1153_b,Kepler-1153 b,Kepler_1153,0.0277,0,75.45,1.75584,1.73,3.64,1343,2016
Kepler_1154_b,Kepler-1154 b,Kepler_1154,0.0631,0,89.93,5.18561,2.34,6.08,1314,2016
Kepler_1154_c,Kepler-1154 c,Kepler_1154,0.0875,0,87.5,8.45808,2.36,6.17,1117,2016
Kepler_1155_b,Kepler-1155 b,Kepler_1155,0.2006,0,88.22,33.4697,2.03,4.78,609,2016
Kepler_1156_b,Kepler-1156 b,Kepler_1156,0.09704,0,89.86,11.8952,1.32,2.3,787,2016
Kepler_1157_b,Kepler-1157 b,Kepler_1157,0.0448,0,89.31,4.45743,1.09,1.32,732,2016
Kepler_1158_b,Kepler-1158 b,Kepler_1158,0.12643,0,89.46,13.5396,2.34,6.08,1079,2016
Kepler_1159_b,Kepler-1159 b,Kepler_1159,0.1603,0,89.96,22.7082,2.37,6.21,677,2016
Kepler_116_b,Kepler-116 b,Kepler_116,0.069,0,89.25,5.96873,3.42,11.6,1251,2014
Kepler_116_c,Kepler-116 c,Kepler_116,0.116,0,88.05,13.0716,2.3,5.9,964,2014
Kepler_1160_b,Kepler-1160 b,Kepler_1160,0.0755,0,89.74,7.97035,2.14,5.22,839,2016
Kepler_1161_b,Kepler-1161 b,Kepler_1161,0.0784,0,88.16,10.7125,2.13,5.18,485,2016
Kepler_1162_b,Kepler-1162 b,Kepler_1162,0.19,0,89.51,32.5637,2.21,5.52,490,2016
Kepler_1162_c,Kepler-1162 c,Kepler_1162,0.2832,0,89.55,59.2841,1.81,3.93,401,2023
Kepler_1163_b,Kepler-1163 b,Kepler_1163,0.06868,0,88.22,6.11787,1.03,1.08,1211,2016
Kepler_1164_b,Kepler-1164 b,Kepler_1164,0.04635,0,88.57,3.976,1.12,1.46,936,2016
Kepler_1165_b,Kepler-1165 b,Kepler_1165,0.0914,0,89.46,9.47852,1.55,3.02,946,2016
Kepler_1165_c,Kepler-1165 c,Kepler_1165,0.1969,0,89.52,29.9687,3.36093,11.2,644,2021
Kepler_1166_b,Kepler-1166 b,Kepler_1166,0.1975,0,89.75,33.2407,1.69,3.5,486,2016
Kepler_1167_b,Kepler-1167 b,Kepler_1167,0.0175,0,89.76,1.00393,1.71,3.57,1419,2016
Kepler_1168_b,Kepler-1168 b,Kepler_1168,0.2663,0,89.98,55.8227,2.5,6.8,379,2016
Kepler_1169_b,Kepler-1169 b,Kepler_1169,0.06931,0,89.16,6.11009,0.94,0.779,1125,2016
Kepler_117_b,Kepler-117 b,Kepler_117,0.1445,0.0493,88.74,18.7959,8.059,29.875,984,2014
Kepler_117_c,Kepler-117 c,Kepler_117,0.2804,0.0323,89.64,50.7904,12.341,584.78,704,2014
Kepler_1170_b,Kepler-1170 b,Kepler_1170,0.088,0,89.99,9.98969,2.41,6.39,705,2016
Kepler_1171_b,Kepler-1171 b,Kepler_1171,0.0284,0,86.82,1.44259,2.56,7.08,2700,2016
Kepler_1172_b,Kepler-1172 b,Kepler_1172,0.168,0,88.67,26.0204,3.2,10.3,675,2016
Kepler_1173_b,Kepler-1173 b,Kepler_1173,0.0156,0,80.42,0.769854,0.89,0.64,1650,2016
Kepler_1174_b,Kepler-1174 b,Kepler_1174,0.0732,0,89.84,6.89225,1.59,3.15,1156,2016
Kepler_1175_b,Kepler-1175 b,Kepler_1175,0.2181,0,89.79,37.9456,2.99,9.22,515,2016
Kepler_1176_b,Kepler-1176 b,Kepler_1176,0.1589,0,89.76,24.1739,2.45,6.57,595,2016
Kepler_1177_b,Kepler-1177 b,Kepler_1177,0.4301,0,89.32,106.248,1.9,4.27,377,2016
Kepler_1178_b,Kepler-1178 b,Kepler_1178,0.1596,0,89.5,31.8063,1.07,1.24,378,2016
Kepler_1179_b,Kepler-1179 b,Kepler_1179,0.03497,0,86.69,2.68506,1.32,2.3,1137,2016
Kepler_118_b,Kepler-118 b,Kepler_118,0.073,0,89.63,7.5185,1.96,4.5,784,2014
Kepler_118_c,Kepler-118 c,Kepler_118,0.141,0,89.61,20.172,7.68,45.7,564,2014
Kepler_1180_b,Kepler-1180 b,Kepler_1180,0.1246,0,87.77,16.8601,1.99,4.62,765,2016
Kepler_1181_b,Kepler-1181 b,Kepler_1181,0.0621,0,88.82,4.89338,1.57,3.09,1374,2016
Kepler_1181_c,Kepler-1181 c,Kepler_1181,0.0928,0,86.05,8.93485,1.83,4.01,1124,2023
Kepler_1182_b,Kepler-1182 b,Kepler_1182,0.0981,0,89.94,11.1739,2.41,6.39,796,2016
Kepler_1183_b,Kepler-1183 b,Kepler_1183,0.1793,0,88.47,28.5057,2.82,8.35,555,2016
Kepler_1184_b,Kepler-1184 b,Kepler_1184,0.2863,0,89.2,53.5991,2.68,7.65,529,2016
Kepler_1185_b,Kepler-1185 b,Kepler_1185,0.4297,0,89.84,104.352,1.33,2.33,355,2016
Kepler_1186_b,Kepler-1186 b,Kepler_1186,0.1281,0,89.89,16.0768,2.23,5.6,724,2016
Kepler_1187_b,Kepler-1187 b,Kepler_1187,0.1401,0,87.72,18.8706,2.61,7.32,701,2016
Kepler_1188_b,Kepler-1188 b,Kepler_1188,0.135,0,89.92,17.137,2.08,4.98,775,2016
Kepler_1189_b,Kepler-1189 b,Kepler_1189,0.0467,0,88.98,3.78859,1.77,3.78,1158,2016
Kepler_119_b,Kepler-119 b,Kepler_119,0.035,0,89.56,2.42208,3.6,12.6,1213,2014
Kepler_119_c,Kepler-119 c,Kepler_119,0.049,0,88.65,4.1251,0.92,0.721,1016,2014
Kepler_1190_b,Kepler-1190 b,Kepler_1190,0.0845,0,89.98,10.4584,1.33,2.33,609,2016
Kepler_1191_b,Kepler-1191 b,Kepler_1191,0.0587,0,89.84,5.60015,1.51,2.89,952,2016
Kepler_1192_b,Kepler-1192 b,Kepler_1192,0.1693,0,89.78,25.2035,2.36,6.17,600,2016
Kepler_1193_b,Kepler-1193 b,Kepler_1193,0.04004,0,87.57,2.83265,1.32,2.3,1453,2016
Kepler_1194_b,Kepler-1194 b,Kepler_1194,0.1212,0,89.48,16.2237,1.51,2.89,676,2016
Kepler_1195_b,Kepler-1195 b,Kepler_1195,0.0726,0,88.49,8.49642,2.08,4.98,702,2016
Kepler_1196_b,Kepler-1196 b,Kepler_1196,0.3179,0,89.03,66.1849,2.23,5.6,436,2016
Kepler_1197_b,Kepler-1197 b,Kepler_1197,0.02869,0,89.96,2.03232,1.25,2.1,1011,2016
Kepler_1198_b,Kepler-1198 b,Kepler_1198,0.0732,0,89.89,7.68477,1.47,2.76,830,2016
Kepler_1199_b,Kepler-1199 b,Kepler_1199,0.11309,0,89.94,15.0447,1.15,1.6,931,2016
Kepler_12_b,Kepler-12 b,Kepler_12,0.0553,0,88.796,4.43796,19.6606,137.303,1480,2011
Kepler_120_b,Kepler-120 b,Kepler_120,0.055,0,89.91,6.3125,2.15,8.5,575,2014
Kepler_120_c,Kepler-120 c,Kepler_120,0.088,0,89.64,12.7946,1.53,2.96,455,2014
Kepler_1200_b,Kepler-1200 b,Kepler_1200,0.0188,0,87.68,1.11855,1.06,1.2,1174,2016
Kepler_1201_b,Kepler-1201 b,Kepler_1201,0.1183,0,86.77,15.1873,2.29,5.86,789,2016
Kepler_1202_b,Kepler-1202 b,Kepler_1202,0.179,0,86.68,28.6851,2.94,8.96,547,2016
Kepler_1203_b,Kepler-1203 b,Kepler_1203,0.0114,0,83.78,0.588001,1.06,1.2,1188,2016
Kepler_1204_b,Kepler-1204 b,Kepler_1204,0.3877,0,89.98,85.735,3.05,9.53,448,2016
Kepler_1205_b,Kepler-1205 b,Kepler_1205,0.0196,0,76.41,1.07839,1.41,2.57,1667,2016
Kepler_1206_b,Kepler-1206 b,Kepler_1206,0.0201,0,89.77,1.217,1.64,3.33,1314,2016
Kepler_1207_b,Kepler-1207 b,Kepler_1207,0.1156,0,88.35,13.6824,1.62,3.26,802,2016
Kepler_1208_b,Kepler-1208 b,Kepler_1208,0.0901,0,88.44,11.0851,2.32,5.99,665,2016
Kepler_1209_b,Kepler-1209 b,Kepler_1209,0.17515,0,87.87,25.3691,1.51,2.89,755,2016
Kepler_121_b,Kepler-121 b,Kepler_121,0.039,0,85.79,3.17742,2.34,6.08,997,2014
Kepler_121_c,Kepler-121 c,Kepler_121,0.216,0,88.72,41.008,2.27,5.77,425,2014
Kepler_1210_b,Kepler-1210 b,Kepler_1210,0.0753,0,89.39,8.07124,1.7,3.53,856,2016
Kepler_1211_b,Kepler-1211 b,Kepler_1211,0.09763,0,84.66,11.0182,2.55,7.04,840,2016
Kepler_1212_b,Kepler-1212 b,Kepler_1212,0.1082,0,89.93,12.9413,2.14,5.22,795,2016
Kepler_1213_b,Kepler-1213 b,Kepler_1213,0.06026,0,80.06,5.34982,1.19,1.81,1156,2016
Kepler_1214_b,Kepler-1214 b,Kepler_1214,0.128,0,89.82,18.8263,2.36,6.17,591,2016
Kepler_1215_b,Kepler-1215 b,Kepler_1215,0.0528,0,89.76,4.76704,1.22,1.98,1046,2016
Kepler_1216_b,Kepler-1216 b,Kepler_1216,0.0519,0,89.55,4.37035,1.39,2.51,1191,2016
Kepler_1217_b,Kepler-1217 b,Kepler_1217,0.0326,0,89.19,2.03233,1.99,4.62,1542,2016
Kepler_1218_b,Kepler-1218 b,Kepler_1218,0.15698,0,88.01,22.9221,1.44,2.67,684,2016
Kepler_1219_b,Kepler-1219 b,Kepler_1219,0.14146,0,89.4,16.1047,2.12,5.14,1159,2016
Kepler_122_b,Kepler-122 b,Kepler_122,0.064,0,89.92,5.76619,2.34,6.08,1159,2014
Kepler_122_c,Kepler-122 c,Kepler_122,0.108,0,89.39,12.466,5.87,29,897,2014
Kepler_122_d,Kepler-122 d,Kepler_122,0.155,0,89.99,21.5875,2.2,5.48,747,2014
Kepler_122_e,Kepler-122 e,Kepler_122,0.227,0,89.97,37.9933,2.6,27.7,618,2014
Kepler_122_f,Kepler-122 f,Kepler_122,0.28575,0,89.97,56.268,1.75,36,543,2014
Kepler_1220_b,Kepler-1220 b,Kepler_1220,0.0734,0,88.86,7.42694,1.52,2.92,899,2016
Kepler_1221_b,Kepler-1221 b,Kepler_1221,0.0906,0,88.53,12.001,1.88,4.19,632,2016
Kepler_1222_b,Kepler-1222 b,Kepler_1222,0.02801,0,87.57,1.91694,0.79,0.418,1246,2016
Kepler_1223_b,Kepler-1223 b,Kepler_1223,0.1186,0,86.86,16.3013,1.22,1.98,557,2016
Kepler_1224_b,Kepler-1224 b,Kepler_1224,0.11625,0,89.5,13.3235,1.33,2.33,872,2016
Kepler_1225_b,Kepler-1225 b,Kepler_1225,0.0771,0,88.92,7.01075,1.82,3.97,1453,2016
Kepler_1226_b,Kepler-1226 b,Kepler_1226,0.13945,0,85.04,17.2923,1.45,2.7,809,2016
Kepler_1227_b,Kepler-1227 b,Kepler_1227,0.38555,0,89.75,94.2888,2.29,5.86,369,2016
Kepler_1228_b,Kepler-1228 b,Kepler_1228,0.01186,0,89.56,0.57737,1.54,2.99,1757,2016
Kepler_1229_b,Kepler-1229 b,Kepler_1229,0.3006,0,89.9971,86.829,1.4,2.54,212,2016
Kepler_123_b,Kepler-123 b,Kepler_123,0.135,0,89.17,17.2324,2.94,55.3,817,2014
Kepler_123_c,Kepler-123 c,Kepler_123,0.181,0,89.83,26.6951,1.48,2.79,706,2014
Kepler_1230_b,Kepler-1230 b,Kepler_1230,0.0921,0,83.62,9.95662,2.71,7.8,946,2016
Kepler_1231_b,Kepler-1231 b,Kepler_1231,0.0914,0,89.65,10.4173,1.42,2.6,870,2016
Kepler_1232_b,Kepler-1232 b,Kepler_1232,0.16545,0,89.95,26.7839,1.93,4.38,523,2016
Kepler_1233_b,Kepler-1233 b,Kepler_1233,0.263,0,89.39,45.1263,2.6,7.27,604,2016
Kepler_1234_b,Kepler-1234 b,Kepler_1234,0.096,0,89.35,11.9401,2.81,8.3,625,2016
Kepler_1235_b,Kepler-1235 b,Kepler_1235,0.04836,0,89.68,4.16056,0.79,0.418,985,2016
Kepler_1236_b,Kepler-1236 b,Kepler_1236,0.1803,0,89.72,31.0572,2.14,5.22,480,2016
Kepler_1237_b,Kepler-1237 b,Kepler_1237,0.3778,0,89.99,84.5733,2.86,8.55,366,2016
Kepler_1238_b,Kepler-1238 b,Kepler_1238,0.0541,0,78.14,4.14788,1.93,4.38,1389,2016
Kepler_1239_b,Kepler-1239 b,Kepler_1239,0.0625,0,89.3,5.19104,2.9,8.75,1183,2016
Kepler_124_b,Kepler-124 b,Kepler_124,0.039,0,70.06,3.41049,0.73,0.315,892,2014
Kepler_124_c,Kepler-124 c,Kepler_124,0.1,0,86.05,13.8214,1.75,3.71,560,2014
Kepler_124_d,Kepler-124 d,Kepler_124,0.17,0,86.47,30.9509,1.11,1.41,428,2014
Kepler_1240_b,Kepler-1240 b,Kepler_1240,0.05791,0,89.38,4.86638,1.15,1.6,1121,2016
Kepler_1241_b,Kepler-1241 b,Kepler_1241,0.1336,0,87.94,18.5526,2.63,7.41,612,2016
Kepler_1242_b,Kepler-1242 b,Kepler_1242,0.1039,0,86.08,13.628,2.26,5.73,639,2016
Kepler_1243_b,Kepler-1243 b,Kepler_1243,0.1256,0,88.9,16.8321,1.75,3.71,690,2016
Kepler_1244_b,Kepler-1244 b,Kepler_1244,0.0502,0,90,3.70428,1.35,2.39,1839,2016
Kepler_1245_c,Kepler-1245 c,Kepler_1245,0.0372,0,82.32,2.93658,1.44,2.67,1190,2016
Kepler_1245_b,Kepler-1245 b,Kepler_1245,0.0484,0,85.65,4.35409,1.44,2.67,1043,2016
Kepler_1246_b,Kepler-1246 b,Kepler_1246,0.0848,0,84.06,11.3227,1.36,2.42,554,2016
Kepler_1247_b,Kepler-1247 b,Kepler_1247,0.1091,0,88.82,13.7122,2.33,6.04,676,2016
Kepler_1248_b,Kepler-1248 b,Kepler_1248,0.0806,0,87.99,7.46725,1.18,1.76,1035,2016
Kepler_1249_b,Kepler-1249 b,Kepler_1249,0.167,0,89.97,24.3347,2.38,6.26,647,2016
Kepler_125_b,Kepler-125 b,Kepler_125,0.041,0,87.73,4.16439,2.37,6.21,590,2014
Kepler_125_c,Kepler-125 c,Kepler_125,0.051,0,88.94,5.77446,0.74,0.33,529,2014
Kepler_1250_b,Kepler-1250 b,Kepler_1250,0.0393,0,89.17,2.60754,1.92,4.35,1431,2016
Kepler_1251_b,Kepler-1251 b,Kepler_1251,0.2478,0,88.01,45.0905,1.84,4.04,487,2016
Kepler_1252_b,Kepler-1252 b,Kepler_1252,0.1078,0,86.09,15.054,1.67,3.43,665,2016
Kepler_1253_b,Kepler-1253 b,Kepler_1253,0.31444,0,89.84,68.8862,1.33,2.33,501,2016
Kepler_1254_c,Kepler-1254 c,Kepler_1254,0.0422,0,88.3,3.60084,1.3,2.24,927,2016
Kepler_1254_d,Kepler-1254 d,Kepler_1254,0.0575,0,88.57,5.72717,1.31,2.27,794,2016
Kepler_1254_b,Kepler-1254 b,Kepler_1254,0.0833,0,88.16,9.99113,1.55,3.02,660,2016
Kepler_1255_b,Kepler-1255 b,Kepler_1255,0.2226,0,90,36.2919,2.32,5.99,694,2016
Kepler_1256_b,Kepler-1256 b,Kepler_1256,0.10733,0,87.43,12.4128,1.49,2.83,933,2016
Kepler_1257_b,Kepler-1257 b,Kepler_1257,0.0376,0,87.65,2.66831,1.52,2.92,1252,2016
Kepler_1258_b,Kepler-1258 b,Kepler_1258,0.01824,0,89.33,0.98494,0.86,0.566,2335,2016
Kepler_1259_b,Kepler-1259 b,Kepler_1259,0.0141,0,71.76,0.663085,1.43,2.63,1681,2016
Kepler_126_b,Kepler-126 b,Kepler_126,0.099,0.07,89.46,10.4957,1.52,4.11726,1009,2014
Kepler_126_c,Kepler-126 c,Kepler_126,0.162,0.19,88.75,21.8697,1.58,1.27942,790,2014
Kepler_126_d,Kepler-126 d,Kepler_126,0.448,0.02,89.5,100.283,2.5,54.5902,475,2014
Kepler_1260_b,Kepler-1260 b,Kepler_1260,0.1444,0,87.16,19.1188,1.77,3.78,823,2016
Kepler_1261_b,Kepler-1261 b,Kepler_1261,0.239,0,89.11,48.4309,2.26,5.73,396,2016
Kepler_1262_b,Kepler-1262 b,Kepler_1262,0.083,0,89.44,8.679,1.82,3.97,949,2016
Kepler_1263_b,Kepler-1263 b,Kepler_1263,0.0499,0,88.98,4.5514,1.14,1.55,907,2016
Kepler_1264_b,Kepler-1264 b,Kepler_1264,0.01839,0,65.17,0.968526,1.18,1.76,1677,2016
Kepler_1265_b,Kepler-1265 b,Kepler_1265,0.0612,0,84.68,6.49441,1.35,2.39,732,2016
Kepler_1266_c,Kepler-1266 c,Kepler_1266,0.0506,0,84.73,4.86631,1.68024,3.46,881,2021
Kepler_1266_b,Kepler-1266 b,Kepler_1266,0.16431,0,88.28,28.4747,2.58,7.18,489,2016
Kepler_1267_b,Kepler-1267 b,Kepler_1267,0.1057,0,86.61,13.0314,3.01,9.32,774,2016
Kepler_1268_b,Kepler-1268 b,Kepler_1268,0.2383,0,89.94,40.9904,2.03,4.78,627,2016
Kepler_1269_b,Kepler-1269 b,Kepler_1269,0.23611,0,87.64,37.3332,1.63,3.29,657,2016
Kepler_127_b,Kepler-127 b,Kepler_127,0.125,0.47,88.65,14.4359,1.4,2.54,884,2014
Kepler_127_c,Kepler-127 c,Kepler_127,0.2,0.03,88.95,29.3932,2.66,7.56,698,2014
Kepler_127_d,Kepler-127 d,Kepler_127,0.28,0.03,89.96,48.6304,2.64,7.46,590,2014
Kepler_1270_b,Kepler-1270 b,Kepler_1270,0.07045,0,85.42,6.03356,3.32,11,1598,2016
Kepler_1271_b,Kepler-1271 b,Kepler_1271,0.04233,0,79.13,3.0256,1.48,2.79,1484,2016
Kepler_1272_b,Kepler-1272 b,Kepler_1272,0.2705,0,88.77,51.131,2.37,6.21,542,2016
Kepler_1273_b,Kepler-1273 b,Kepler_1273,0.1857,0,89.98,28.6257,2.49,6.76,573,2016
Kepler_1274_b,Kepler-1274 b,Kepler_1274,0.08161,0,83.27,6.98153,1.42,2.6,1384,2016
Kepler_1275_b,Kepler-1275 b,Kepler_1275,0.0488,0,89.07,3.65691,1.48,2.79,1368,2016
Kepler_1276_b,Kepler-1276 b,Kepler_1276,0.10863,0,89.27,12.572,1.19,1.81,886,2016
Kepler_1277_b,Kepler-1277 b,Kepler_1277,0.21857,0,89.65,40.8365,1.6,3.19,496,2016
Kepler_1278_b,Kepler-1278 b,Kepler_1278,0.04417,0,87.54,3.23941,1.01,1.01,1213,2016
Kepler_1279_b,Kepler-1279 b,Kepler_1279,0.1785,0,89.97,23.4774,1.75,3.71,738,2016
Kepler_128_b,Kepler-128 b,Kepler_128,0.12545,0,89.96,15,1.421,3.79,968,2013
Kepler_128_c,Kepler-128 c,Kepler_128,0.16517,0.037,89.53,22.8,1.521,3.38,843,2013
Kepler_1280_b,Kepler-1280 b,Kepler_1280,0.33982,0,89.69,66.5579,1.87,4.16,757,2016
Kepler_1281_b,Kepler-1281 b,Kepler_1281,0.0415,0,89.17,3.11603,1.64,3.33,1123,2016
Kepler_1282_b,Kepler-1282 b,Kepler_1282,0.0335,0,88.66,2.13195,1.55,3.02,1418,2016
Kepler_1283_b,Kepler-1283 b,Kepler_1283,0.1062,0,89.4,12.9461,1.91,4.31,764,2016
Kepler_1284_b,Kepler-1284 b,Kepler_1284,0.0143,0,82.63,0.664074,1.21,1.92,1703,2016
Kepler_1285_b,Kepler-1285 b,Kepler_1285,0.12758,0,89.48,14.7967,0.97,0.871,874,2016
Kepler_1286_b,Kepler-1286 b,Kepler_1286,0.0991,0,87.68,11.254,2.15,5.27,888,2016
Kepler_1287_b,Kepler-1287 b,Kepler_1287,0.0976,0,89.87,11.4769,1.54,2.99,796,2016
Kepler_1288_b,Kepler-1288 b,Kepler_1288,0.04135,0,87.58,2.76122,1.12,1.46,2017,2016
Kepler_1289_b,Kepler-1289 b,Kepler_1289,0.0785,0,89.67,7.9902,1.52,2.92,1113,2016
Kepler_129_b,Kepler-129 b,Kepler_129,0.13,0.01,89.89,15.79,2.4,20,910,2014
Kepler_129_c,Kepler-129 c,Kepler_129,0.39,0.2,90,82.2,2.52,43,525,2014
Kepler_129_d,Kepler-129 d,Kepler_129,4,0.15,90,2646,12.6,2637.98,178.86,2021
Kepler_1290_b,Kepler-1290 b,Kepler_1290,0.0557,0,89,4.695,1.42,2.6,1098,2016
Kepler_1291_b,Kepler-1291 b,Kepler_1291,0.0779,0,88.03,8.63043,1.66,3.39,739,2016
Kepler_1292_b,Kepler-1292 b,Kepler_1292,0.0443,0,90,3.27646,1.82,3.97,1195,2016
Kepler_1293_b,Kepler-1293 b,Kepler_1293,0.06763,0,87.54,5.57655,0.97,0.871,1183,2016
Kepler_1294_b,Kepler-1294 b,Kepler_1294,0.4684,0,89.93,115.686,3.19,10.3,401,2016
Kepler_1295_b,Kepler-1295 b,Kepler_1295,0.0464,0,88.78,3.81372,1.55,3.02,1029,2016
Kepler_1296_b,Kepler-1296 b,Kepler_1296,0.0896,0,81.36,8.38399,0.91,0.693,1285,2016
Kepler_1297_b,Kepler-1297 b,Kepler_1297,0.0283,0,84.06,1.68189,0.97,0.871,1790,2016
Kepler_1298_b,Kepler-1298 b,Kepler_1298,0.0814,0,88.82,7.12812,1.31,2.27,1373,2016
Kepler_1299_b,Kepler-1299 b,Kepler_1299,0.1357,0,87.53,19.9401,2.98,9.17,588,2016
Kepler_130_b,Kepler-130 b,Kepler_130,0.079,0.15,88.36,8.45746,1.02,1.04,982,2014
Kepler_130_c,Kepler-130 c,Kepler_130,0.178,0,89.34,27.5087,2.9,8.75,683,2014
Kepler_130_d,Kepler-130 d,Kepler_130,0.377,0.8,89.16,87.5179,1.64,3.33,451,2014
Kepler_1300_b,Kepler-1300 b,Kepler_1300,0.16005,0,85.08,22.2419,1.37,2.45,954,2016
Kepler_1301_b,Kepler-1301 b,Kepler_1301,0.0815,0,89.56,9.08237,1.4,2.54,734,2016
Kepler_1302_b,Kepler-1302 b,Kepler_1302,0.0795,0,86.88,8.83923,1.43,2.63,778,2016
Kepler_1303_b,Kepler-1303 b,Kepler_1303,0.0751,0,89.27,7.56127,1.42,2.6,891,2016
Kepler_1304_b,Kepler-1304 b,Kepler_1304,0.1202,0,81.65,16.1289,2.29,5.86,715,2016
Kepler_1305_b,Kepler-1305 b,Kepler_1305,0.1109,0,87.13,13.5631,1.88,4.19,733,2016
Kepler_1306_b,Kepler-1306 b,Kepler_1306,0.123,0,89.79,16.296,1.91,4.31,678,2016
Kepler_1307_b,Kepler-1307 b,Kepler_1307,0.1369,0,89.96,18.0162,2.47,6.66,768,2016
Kepler_1308_b,Kepler-1308 b,Kepler_1308,0.025,0,83.39,2.10434,0.52,0.0933,662,2016
Kepler_1309_b,Kepler-1309 b,Kepler_1309,0.1679,0,88.43,28.8433,2.37,6.21,491,2016
Kepler_131_b,Kepler-131 b,Kepler_131,0.12789,0,89.14,16.092,2.41,16.13,718,2014
Kepler_131_c,Kepler-131 c,Kepler_131,0.17391,0,89.53,25.5169,0.84,8.25,615,2014
Kepler_1310_b,Kepler-1310 b,Kepler_1310,0.01452,0,87.19,0.679336,1.44,2.67,1883,2016
Kepler_1311_c,Kepler-1311 c,Kepler_1311,0.03753,0,89.37,2.53573,1.22,1.98,1671,2016
Kepler_1311_b,Kepler-1311 b,Kepler_1311,0.10082,0,87.64,11.1727,1.24,2.07,1019,2016
Kepler_1311_d,Kepler-1311 d,Kepler_1311,0.68434,0,89.49,197.511,9.65838,67.5,391,2021
Kepler_1312_c,Kepler-1312 c,Kepler_1312,0.02103,0,82.64,1.11612,1.02733,1.07,1659,2021
Kepler_1312_b,Kepler-1312 b,Kepler_1312,0.06053,0,87.71,5.44833,2.1,5.06,978,2016
Kepler_1313_b,Kepler-1313 b,Kepler_1313,0.04619,0,83.58,3.83309,1.76,3.75,1012,2016
Kepler_1314_b,Kepler-1314 b,Kepler_1314,0.0504,0,89.98,5.42475,5.11,22.9,625,2016
Kepler_1315_b,Kepler-1315 b,Kepler_1315,0.01617,0,78.23,0.84338,1.38,2.48,1541,2016
Kepler_1315_c,Kepler-1315 c,Kepler_1315,0.0635,0,88.08,6.56606,1.84399,4.06,777,2021
Kepler_1316_b,Kepler-1316 b,Kepler_1316,0.39765,0,89.98,87.9732,3.54,12.3,446,2016
Kepler_1317_b,Kepler-1317 b,Kepler_1317,0.0128,0,89.23,0.568874,1.56,3.05,1796,2016
Kepler_1318_b,Kepler-1318 b,Kepler_1318,0.6085,0,89.99,213.258,3.11,9.85,202,2016
Kepler_1319_b,Kepler-1319 b,Kepler_1319,0.0296,0.33,84.91,2.88676,1.34,2.36,557,2016
Kepler_132_b,Kepler-132 b,Kepler_132,0.067,0,85.28,6.1782,1.21,1.92,1082,2014
Kepler_132_c,Kepler-132 c,Kepler_132,0.068,0,83.44,6.41491,1.28,2.18,1069,2014
Kepler_132_d,Kepler-132 d,Kepler_132,0.136,0,85.52,18.0102,1.55,3.02,758,2014
Kepler_132_e,Kepler-132 e,Kepler_132,0.43927,0,89.73,110.287,1.18,1.76,414,2016
Kepler_1320_b,Kepler-1320 b,Kepler_1320,0.0163,0,88.78,0.868387,1.7,3.53,1389,2016
Kepler_1321_c,Kepler-1321 c,Kepler_1321,0.0267,0,89.73,2.22649,2.4,6.35,697,2016
Kepler_1321_d,Kepler-1321 d,Kepler_1321,0.0501,0,89.41,5.72092,2.62844,7.41,509,2021
Kepler_1321_b,Kepler-1321 b,Kepler_1321,0.0781,0,88.83,11.1283,4.92,21.5,408,2016
Kepler_1322_b,Kepler-1322 b,Kepler_1322,0.0183,0,76.66,0.962867,1.61,3.22,1666,2016
Kepler_1322_c,Kepler-1322 c,Kepler_1322,0.0652,0,86.82,6.45998,2.15493,5.29,883,2021
Kepler_1323_b,Kepler-1323 b,Kepler_1323,0.01911,0,88.59,0.929907,1.52,2.92,2291,2016
Kepler_1324_b,Kepler-1324 b,Kepler_1324,0.0466,0,86.52,4.11584,1.51,2.89,895,2016
Kepler_1325_b,Kepler-1325 b,Kepler_1325,0.2004,0,87.23,33.8787,2.86,8.55,564,2016
Kepler_1326_b,Kepler-1326 b,Kepler_1326,0.2743,0,88.84,42.3514,4.18,16.3,938,2016
Kepler_1327_b,Kepler-1327 b,Kepler_1327,0.11151,0,86.85,14.888,1.8,3.89,831,2016
Kepler_1328_b,Kepler-1328 b,Kepler_1328,0.052,0,88.82,4.52159,0.98,0.904,1214,2016
Kepler_1329_b,Kepler-1329 b,Kepler_1329,0.0747,0,86.38,9.33647,2.17,5.35,577,2016
Kepler_133_b,Kepler-133 b,Kepler_133,0.083,0,86.24,8.12998,1.76,3.75,1041,2014
Kepler_133_c,Kepler-133 c,Kepler_133,0.204,0,88.8,31.5176,2.84,8.45,663,2014
Kepler_1330_b,Kepler-1330 b,Kepler_1330,0.0889,0,89.57,10.1077,1.65,3.36,879,2016
Kepler_1331_b,Kepler-1331 b,Kepler_1331,0.0142,0,86.5,0.789162,1.05,1.16,1244,2016
Kepler_1332_b,Kepler-1332 b,Kepler_1332,0.09915,0,89.41,11.8746,1.37,2.45,728,2016
Kepler_1333_b,Kepler-1333 b,Kepler_1333,0.4382,0,89.45,109.647,2.81,8.3,428,2016
Kepler_1334_b,Kepler-1334 b,Kepler_1334,0.1229,0,89.94,15.6459,2.29,5.86,710,2016
Kepler_1335_b,Kepler-1335 b,Kepler_1335,0.0615,0,89.33,6.26407,1.45,2.7,809,2016
Kepler_1336_c,Kepler-1336 c,Kepler_1336,0.06272,0,87,5.77721,1.71,3.57,1260,2016
Kepler_1336_b,Kepler-1336 b,Kepler_1336,0.15845,0,89,23.1987,1.98,4.58,793,2016
Kepler_1337_b,Kepler-1337 b,Kepler_1337,0.1441,0,88.3,24.4003,2.41,6.39,437,2016
Kepler_1338_b,Kepler-1338 b,Kepler_1338,0.01937,0,86.81,0.935118,0.92,0.721,2124,2016
Kepler_1339_b,Kepler-1339 b,Kepler_1339,0.02356,0,87.56,1.34156,0.71,0.285,1642,2016
Kepler_134_b,Kepler-134 b,Kepler_134,0.06,0,85.86,5.31743,2,4.66,1105,2014
Kepler_134_c,Kepler-134 c,Kepler_134,0.092,0,87.87,10.1058,1.26,2.13,892,2014
Kepler_1340_b,Kepler-1340 b,Kepler_1340,0.01523,0,80.48,0.665027,1.55,3.02,2174,2016
Kepler_1341_b,Kepler-1341 b,Kepler_1341,0.47267,0,89.61,132.997,2.99,9.22,241,2016
Kepler_1342_b,Kepler-1342 b,Kepler_1342,0.0313,0,82.3,2.21571,1.66,3.39,1283,2016
Kepler_1343_b,Kepler-1343 b,Kepler_1343,0.0449,0,89.6,3.35183,1.93,4.38,1294,2016
Kepler_1344_b,Kepler-1344 b,Kepler_1344,0.05501,0,89.03,4.7683,1.84,4.04,1219,2016
Kepler_1345_b,Kepler-1345 b,Kepler_1345,0.26412,0,88.99,44.617,2.36,6.17,693,2016
Kepler_1346_b,Kepler-1346 b,Kepler_1346,0.044,0,81.42,3.40166,1.58,3.12,1236,2016
Kepler_1347_b,Kepler-1347 b,Kepler_1347,0.104,0,89.5,14.0095,1.03,1.08,617,2016
Kepler_1348_b,Kepler-1348 b,Kepler_1348,0.1834,0,89.05,27.5723,1.94,4.42,636,2016
Kepler_1349_b,Kepler-1349 b,Kepler_1349,0.03421,0,88.92,2.12824,0.7,0.271,1668,2016
Kepler_135_b,Kepler-135 b,Kepler_135,0.067,0,79.39,6.00253,1.81,3.93,1209,2014
Kepler_135_c,Kepler-135 c,Kepler_135,0.103,0,85.42,11.4487,1.16,1.65,975,2014
Kepler_1350_c,Kepler-1350 c,Kepler_1350,0.0222,0,89.64,1.76679,1.73,3.64,730,2016
Kepler_1350_b,Kepler-1350 b,Kepler_1350,0.0413,0,89.95,4.49686,2.52,6.9,535,2016
Kepler_1351_b,Kepler-1351 b,Kepler_1351,0.0156,0,87.78,0.916141,0.65,0.208,1212,2016
Kepler_1352_b,Kepler-1352 b,Kepler_1352,0.02883,0,87.58,1.87788,0.89,0.64,1701,2016
Kepler_1353_b,Kepler-1353 b,Kepler_1353,0.153,0,89.01,24.7544,1.8,3.89,491,2016
Kepler_1354_b,Kepler-1354 b,Kepler_1354,0.3521,0,88.5,76.6134,2.97,9.11,466,2016
Kepler_1355_b,Kepler-1355 b,Kepler_1355,0.0224,0,86.63,1.28959,1.46,2.73,1448,2016
Kepler_1356_b,Kepler-1356 b,Kepler_1356,0.0136,0,85.82,0.634003,1.53,2.96,1714,2016
Kepler_1357_b,Kepler-1357 b,Kepler_1357,0.041,0,89.95,3.00913,1.28,2.18,1177,2016
Kepler_1358_b,Kepler-1358 b,Kepler_1358,0.0656,0,88.31,7.06317,1.12,1.46,827,2016
Kepler_1359_b,Kepler-1359 b,Kepler_1359,0.26657,0,89.71,59.4971,2.83,8.4,369,2016
Kepler_136_b,Kepler-136 b,Kepler_136,0.106,0,89.33,11.5789,2.05,19.8,951,2014
Kepler_136_c,Kepler-136 c,Kepler_136,0.133,0,89.82,16.3992,1.99,4.62,847,2014
Kepler_1360_b,Kepler-1360 b,Kepler_1360,0.2866,0,89.34,40.5286,3.4,11.5,933,2016
Kepler_1361_b,Kepler-1361 b,Kepler_1361,0.04304,0,87.45,3.57555,0.86,0.566,1061,2016
Kepler_1362_b,Kepler-1362 b,Kepler_1362,0.4626,0,89.83,136.206,2.6,7.27,248,2016
Kepler_1363_b,Kepler-1363 b,Kepler_1363,0.0363,0,89.85,2.94194,1.25,2.1,988,2016
Kepler_1364_b,Kepler-1364 b,Kepler_1364,0.1284,0,85.72,13.322,2.15,5.27,1299,2016
Kepler_1365_c,Kepler-1365 c,Kepler_1365,0.05701,0,89.82,4.77468,0.8,0.437,1137,2016
Kepler_1365_b,Kepler-1365 b,Kepler_1365,0.07839,0,89.92,7.69993,0.92,0.721,969,2016
Kepler_1366_b,Kepler-1366 b,Kepler_1366,0.0273,0,88.44,2.16457,1.43,2.63,783,2016
Kepler_1367_b,Kepler-1367 b,Kepler_1367,0.0236,0,89.48,1.57409,0.92,0.721,998,2016
Kepler_1368_b,Kepler-1368 b,Kepler_1368,0.0153,0,89.41,0.675649,1.65,3.36,2085,2016
Kepler_1369_b,Kepler-1369 b,Kepler_1369,0.1741,0,89.71,25.8731,2.69,7.7,667,2016
Kepler_137_b,Kepler-137 b,Kepler_137,0.077,0,88.33,8.43639,1.47,2.76,742,2014
Kepler_137_c,Kepler-137 c,Kepler_137,0.13,0,88.55,18.7358,1.88,4.19,568,2014
Kepler_1370_c,Kepler-1370 c,Kepler_1370,0.08084,0,82.53,7.44142,1.27,2.15,1075,2016
Kepler_1370_b,Kepler-1370 b,Kepler_1370,0.15763,0,86.42,20.2642,1.84,4.04,770,2016
Kepler_1371_c,Kepler-1371 c,Kepler_1371,0.02937,0,77.66,2.00541,0.64,0.196,1216,2016
Kepler_1371_b,Kepler-1371 b,Kepler_1371,0.04214,0,85.56,3.4462,0.73,0.315,1015,2016
Kepler_1372_b,Kepler-1372 b,Kepler_1372,0.024,0,87.6,1.31156,1.27,2.15,1655,2016
Kepler_1373_b,Kepler-1373 b,Kepler_1373,0.02598,0,87.84,1.29123,1.16,1.65,1887,2016
Kepler_1374_b,Kepler-1374 b,Kepler_1374,0.0918,0,89.91,10.6528,2.29,5.86,737,2016
Kepler_1375_b,Kepler-1375 b,Kepler_1375,0.0471,0,89.92,3.30042,1.74,3.68,1543,2016
Kepler_1376_b,Kepler-1376 b,Kepler_1376,0.0598,0,89.26,5.30881,1.05,1.16,1042,2016
Kepler_1377_b,Kepler-1377 b,Kepler_1377,0.0153,0,87.91,0.740928,1.25,2.1,1873,2016
Kepler_1378_b,Kepler-1378 b,Kepler_1378,0.0885,0,88.26,11.954,2.2,5.48,525,2016
Kepler_1379_b,Kepler-1379 b,Kepler_1379,0.0171,0,84.47,0.881841,1.3,2.24,1564,2016
Kepler_138_b,Kepler-138 b,Kepler_138,0.0753,0.02,88.67,10.3134,0.64,0.07,452,2014
Kepler_138_c,Kepler-138 c,Kepler_138,0.0913,0.017,89.02,13.7815,1.51,2.3,410,2014
Kepler_138_d,Kepler-138 d,Kepler_138,0.1288,0.01,89.04,23.0923,1.51,2.1,345,2014
Kepler_138_e,Kepler-138 e,Kepler_138,0.1803,0.112,88.53,38.23,0.797,0.43,292,2022
Kepler_1380_b,Kepler-1380 b,Kepler_1380,0.0917,0,89.47,10.3108,1.43,2.63,786,2016
Kepler_1381_b,Kepler-1381 b,Kepler_1381,0.1728,0,89.74,25.3843,2.25,5.69,649,2016
Kepler_1382_b,Kepler-1382 b,Kepler_1382,0.14023,0,81.83,16.3583,1.88,4.19,959,2016
Kepler_1383_b,Kepler-1383 b,Kepler_1383,0.11397,0,89.52,13.9094,1.41,2.57,928,2016
Kepler_1384_b,Kepler-1384 b,Kepler_1384,0.1126,0,89.54,15.3626,1.94,4.42,608,2016
Kepler_1385_b,Kepler-1385 b,Kepler_1385,0.04262,0,88.09,2.8888,0.85,0.543,1423,2016
Kepler_1386_b,Kepler-1386 b,Kepler_1386,0.068,0,85.98,6.73972,1.24,2.07,1011,2016
Kepler_1387_b,Kepler-1387 b,Kepler_1387,0.031,0,89.83,2.27953,0.93,0.749,1123,2016
Kepler_1388_c,Kepler-1388 c,Kepler_1388,0.0519,0,86.33,5.53608,2.26,5.73,566,2016
Kepler_1388_b,Kepler-1388 b,Kepler_1388,0.0882,0,89.46,12.2855,2.59,7.22,434,2016
Kepler_1388_d,Kepler-1388 d,Kepler_1388,0.126,0,89.86,20.9568,2.86,8.55,363,2016
Kepler_1388_e,Kepler-1388 e,Kepler_1388,0.1861,0,89.69,37.6327,2.46,6.62,299,2016
Kepler_1389_b,Kepler-1389 b,Kepler_1389,0.38249,0,88.71,99.2531,1.77,3.78,300,2016
Kepler_139_d,Kepler-139 d,Kepler_139,0.0755534,0,87.97,7.3057,1.695,2,972,2023
Kepler_139_b,Kepler-139 b,Kepler_139,0.127,0,89.98,15.771,2.94,7,752,2014
Kepler_139_c,Kepler-139 c,Kepler_139,0.586,0,90,157.073,3.38,13,350,2014
Kepler_139_e,Kepler-139 e,Kepler_139,3.2358,0.013121,90,2047.64,13.7,378,154.06,2023
Kepler_139_f,Kepler-139 f,Kepler_139,-1,0,90,355,6.67,36,-1,2025
Kepler_1390_b,Kepler-1390 b,Kepler_1390,0.0662,0,86.12,6.48022,1.18,1.76,934,2016
Kepler_1391_b,Kepler-1391 b,Kepler_1391,0.30045,0,89.8,54.4092,1.68,3.46,513,2016
Kepler_1392_b,Kepler-1392 b,Kepler_1392,0.1189,0,89.71,15.141,1.96,4.5,714,2016
Kepler_1393_b,Kepler-1393 b,Kepler_1393,0.0337,0,88.5,2.44358,0.8,0.437,1249,2016
Kepler_1394_b,Kepler-1394 b,Kepler_1394,0.05474,0,87.96,3.93766,1.39,2.51,1947,2016
Kepler_1395_b,Kepler-1395 b,Kepler_1395,0.04974,0,89.88,3.78471,0.8,0.437,1311,2016
Kepler_1396_b,Kepler-1396 b,Kepler_1396,0.1406,0,89.74,18.2206,2.07,4.94,786,2016
Kepler_1397_b,Kepler-1397 b,Kepler_1397,0.25861,0,89.97,47.45,1.72,3.61,551,2016
Kepler_1398_b,Kepler-1398 b,Kepler_1398,0.03909,0,89.47,2.78816,0.9,0.666,1510,2016
Kepler_1398_c,Kepler-1398 c,Kepler_1398,0.05087,0,86.45,4.13828,1.03,1.08,1324,2016
Kepler_1399_b,Kepler-1399 b,Kepler_1399,0.0276,0,86.56,1.63865,1.25,2.1,1610,2016
Kepler_14_b,Kepler-14 b,Kepler_14,0.0771,0.035,90,6.79012,12.733,2669.66,1605,2011
Kepler_140_b,Kepler-140 b,Kepler_140,0.045,0,87.84,3.25427,1.61,3.22,1301,2014
Kepler_140_c,Kepler-140 c,Kepler_140,0.414,0,89.99,91.3533,1.8,3.89,428,2014
Kepler_1400_b,Kepler-1400 b,Kepler_1400,0.0771,0,83.96,9.06689,1.62,3.26,725,2016
Kepler_1401_b,Kepler-1401 b,Kepler_1401,0.0975,0,81.71,11.2007,1.68,3.46,808,2016
Kepler_1402_b,Kepler-1402 b,Kepler_1402,0.0322,0,87.24,2.03388,0.76,0.363,1789,2016
Kepler_1403_b,Kepler-1403 b,Kepler_1403,0.064,0,89.58,5.19492,2.14,5.22,1238,2016
Kepler_1404_b,Kepler-1404 b,Kepler_1404,0.1143,0,89.16,15.9315,2.01,4.7,596,2016
Kepler_1405_b,Kepler-1405 b,Kepler_1405,0.1778,0,89.96,28.2274,3.96,14.9,565,2016
Kepler_1406_b,Kepler-1406 b,Kepler_1406,0.0987,0,85.67,11.6291,1.1,1.37,854,2016
Kepler_1407_b,Kepler-1407 b,Kepler_1407,0.1502,0,88.07,20.0712,2.25,5.69,826,2016
Kepler_1408_b,Kepler-1408 b,Kepler_1408,0.04218,0,85.24,2.99793,0.89,0.64,1616,2016
Kepler_1409_b,Kepler-1409 b,Kepler_1409,0.01553,0,87.31,0.764865,1.04,1.12,1733,2016
Kepler_141_b,Kepler-141 b,Kepler_141,0.039,0,84.53,3.10767,0.69,0.257,968,2014
Kepler_141_c,Kepler-141 c,Kepler_141,0.067,0,87.03,7.01061,1.41,2.57,738,2014
Kepler_1410_b,Kepler-1410 b,Kepler_1410,0.2543,0,89.75,60.8662,1.78,3.82,290,2016
Kepler_1411_b,Kepler-1411 b,Kepler_1411,0.4001,0,89.99,86.1151,2.82,8.35,441,2016
Kepler_1412_b,Kepler-1412 b,Kepler_1412,0.04608,0,89.83,3.61461,0.83,0.498,1397,2016
Kepler_1413_b,Kepler-1413 b,Kepler_1413,0.1066,0,89.97,13.183,1.82,3.97,661,2016
Kepler_1414_b,Kepler-1414 b,Kepler_1414,0.0426,0,89.82,3.51576,1.23,2.04,1033,2016
Kepler_1415_b,Kepler-1415 b,Kepler_1415,0.01416,0,86.33,0.636424,1.29,2.21,1846,2016
Kepler_1416_b,Kepler-1416 b,Kepler_1416,0.0257,0,42.38,1.49515,0.88,0.615,1870,2016
Kepler_1417_b,Kepler-1417 b,Kepler_1417,0.14062,0,89.48,20.3505,1,0.972,695,2016
Kepler_1418_b,Kepler-1418 b,Kepler_1418,0.131,0,89.8,22.4764,1.66,3.39,419,2016
Kepler_1419_b,Kepler-1419 b,Kepler_1419,0.2391,0,89.44,42.5216,2.86,8.55,510,2016
Kepler_142_b,Kepler-142 b,Kepler_142,0.032,0,84.56,2.02415,1.99,4.62,1597,2014
Kepler_142_c,Kepler-142 c,Kepler_142,0.057,0,87.89,4.7617,2.86,8.55,1201,2014
Kepler_142_d,Kepler-142 d,Kepler_142,0.242,0,89.98,41.8091,2.16,5.31,582,2014
Kepler_1420_b,Kepler-1420 b,Kepler_1420,0.0671,0,90,6.6996,1.28,2.18,806,2016
Kepler_1421_b,Kepler-1421 b,Kepler_1421,0.07576,0,88.6,6.91311,0.93,0.749,1209,2016
Kepler_1422_b,Kepler-1422 b,Kepler_1422,0.1499,0,89.75,18.6052,2.02,4.74,833,2016
Kepler_1423_b,Kepler-1423 b,Kepler_1423,0.1586,0,89.12,23.9554,1.06,1.2,741,2016
Kepler_1424_b,Kepler-1424 b,Kepler_1424,0.19068,0,82.54,29.6092,1.16,1.65,629,2016
Kepler_1425_b,Kepler-1425 b,Kepler_1425,0.11435,0,87.74,14.4541,0.94,0.779,676,2016
Kepler_1426_b,Kepler-1426 b,Kepler_1426,0.1187,0,85.33,14.2563,1.56,3.05,797,2016
Kepler_1427_b,Kepler-1427 b,Kepler_1427,0.0197,0,89.25,0.968972,1.1,1.37,1844,2016
Kepler_1428_b,Kepler-1428 b,Kepler_1428,0.11051,0,88.6,10.6761,1.64,3.33,1049,2016
Kepler_1429_b,Kepler-1429 b,Kepler_1429,0.055,0,88.57,4.48487,1.29,2.21,1199,2016
Kepler_143_b,Kepler-143 b,Kepler_143,0.127,0,88.09,16.0076,2.41,6.39,838,2014
Kepler_143_c,Kepler-143 c,Kepler_143,0.181,0,87.22,27.0825,3.37,11.3,703,2014
Kepler_1430_b,Kepler-1430 b,Kepler_1430,0.0304,0,89.71,2.46051,1.18,1.76,969,2016
Kepler_1431_b,Kepler-1431 b,Kepler_1431,0.0648,0,86.8,5.86602,1.47,2.76,1064,2016
Kepler_1432_b,Kepler-1432 b,Kepler_1432,0.1696,0,89.33,23.9109,2.22,5.56,709,2016
Kepler_1433_b,Kepler-1433 b,Kepler_1433,0.0516,0,89.27,4.13592,1.56,3.05,1226,2016
Kepler_1434_b,Kepler-1434 b,Kepler_1434,0.0917,0,89.82,8.05334,1.11,1.41,1320,2016
Kepler_1435_b,Kepler-1435 b,Kepler_1435,0.05456,0,85.8,4.45343,0.86,0.566,1331,2016
Kepler_1436_b,Kepler-1436 b,Kepler_1436,0.0907,0,75.52,9.70572,1.31,2.27,1001,2016
Kepler_1437_b,Kepler-1437 b,Kepler_1437,0.0951,0,89.2,10.9295,1.37,2.45,770,2016
Kepler_1438_b,Kepler-1438 b,Kepler_1438,0.0346,0,87.59,2.31942,0.94,0.779,1490,2016
Kepler_1439_b,Kepler-1439 b,Kepler_1439,0.0594,0,85.44,8.07393,1.46,2.73,420,2016
Kepler_144_b,Kepler-144 b,Kepler_144,0.066,0,88.06,5.88527,1.33,2.33,1253,2014
Kepler_144_c,Kepler-144 c,Kepler_144,0.094,0,88.79,10.1047,1.35,2.39,1046,2014
Kepler_1440_b,Kepler-1440 b,Kepler_1440,0.23431,0,89.36,39.8595,1.26,2.13,597,2016
Kepler_1441_b,Kepler-1441 b,Kepler_1441,0.2346,0,89.39,39.442,1.31,2.27,682,2016
Kepler_1442_b,Kepler-1442 b,Kepler_1442,0.40814,0,87.53,81.4163,3.93,14.7,522,2016
Kepler_1443_b,Kepler-1443 b,Kepler_1443,0.03783,0,89.89,2.41811,0.97,0.871,1602,2016
Kepler_1444_b,Kepler-1444 b,Kepler_1444,0.20906,0,88.55,33.4204,2.18,5.39,581,2016
Kepler_1445_b,Kepler-1445 b,Kepler_1445,0.09587,0,86.66,10.6005,0.96,0.84,987,2016
Kepler_1446_b,Kepler-1446 b,Kepler_1446,0.01405,0,88.5,0.689968,0.82,0.477,1539,2016
Kepler_1447_b,Kepler-1447 b,Kepler_1447,0.2836,0,89.44,56.6747,2.9,8.75,522,2016
Kepler_1448_b,Kepler-1448 b,Kepler_1448,0.1058,0,89.95,12.2707,1.61,3.22,811,2016
Kepler_1449_b,Kepler-1449 b,Kepler_1449,0.1176,0,85.35,13.2275,1.68,3.46,867,2016
Kepler_145_b,Kepler-145 b,Kepler_145,0.17308,0.43,88.39,22.951,2.65,37.1,873,2013
Kepler_145_c,Kepler-145 c,Kepler_145,0.26244,0.11,89.29,42.882,4.32,79.4,709,2013
Kepler_1450_b,Kepler-1450 b,Kepler_1450,0.2401,0,88.43,54.5094,1.71,3.57,308,2016
Kepler_1451_b,Kepler-1451 b,Kepler_1451,0.2101,0,89.73,35.6222,3.35,11.2,523,2016
Kepler_1452_b,Kepler-1452 b,Kepler_1452,0.25764,0,89.6,42.9138,2.7,7.75,810,2016
Kepler_1453_b,Kepler-1453 b,Kepler_1453,0.262,0,89.98,47.1612,2.67,7.61,503,2016
Kepler_1454_b,Kepler-1454 b,Kepler_1454,0.2447,0,89.85,47.0319,1.88,4.19,492,2016
Kepler_1455_b,Kepler-1455 b,Kepler_1455,0.2149,0,89.693,49.2768,2.16,5.31,298,2016
Kepler_1456_b,Kepler-1456 b,Kepler_1456,0.1132,0,86.12,18.1374,1.14,1.55,433,2016
Kepler_1457_b,Kepler-1457 b,Kepler_1457,0.26391,0,89.97,51.111,1.99,4.62,478,2016
Kepler_1458_b,Kepler-1458 b,Kepler_1458,0.24869,0,88.67,47.9873,2.76,8.05,493,2016
Kepler_1459_b,Kepler-1459 b,Kepler_1459,0.2829,0,87.89,62.8692,1.36,2.42,349,2016
Kepler_146_b,Kepler-146 b,Kepler_146,0.2,0,89.97,31.1588,3.71,13.3,639,2014
Kepler_146_c,Kepler-146 c,Kepler_146,0.364,0,89.69,76.7322,3.13,9.96,473,2014
Kepler_1460_b,Kepler-1460 b,Kepler_1460,0.1614,0,89.04,29.9633,1.96,4.5,391,2016
Kepler_1461_b,Kepler-1461 b,Kepler_1461,0.1715,0,88.82,29.3495,2.03,4.78,451,2016
Kepler_1462_b,Kepler-1462 b,Kepler_1462,0.3094,0,89.97,65.6488,3.82,14,390,2016
Kepler_1463_b,Kepler-1463 b,Kepler_1463,0.1694,0,89.95,25.1586,1.86,4.12,619,2016
Kepler_1464_c,Kepler-1464 c,Kepler_1464,0.06101,0,89.24,5.32786,1,0.972,1023,2016
Kepler_1464_b,Kepler-1464 b,Kepler_1464,0.20066,0,89.43,31.7786,1.66,3.39,564,2016
Kepler_1465_b,Kepler-1465 b,Kepler_1465,0.1939,0,89.54,31.8277,1.77,3.78,668,2016
Kepler_1466_b,Kepler-1466 b,Kepler_1466,0.17981,0,89.99,31.175,1.55,3.02,585,2016
Kepler_1467_b,Kepler-1467 b,Kepler_1467,0.2388,0,89.98,47.0569,3.3,10.9,411,2016
Kepler_1468_c,Kepler-1468 c,Kepler_1468,0.0466,0,88.75,3.54553,1.15,1.6,1448,2016
Kepler_1468_b,Kepler-1468 b,Kepler_1468,0.0817,0,89.94,8.23985,1.73,3.64,1093,2016
Kepler_1468_d,Kepler-1468 d,Kepler_1468,0.1456,0,88.43,19.5906,3.33187,11.1,819,2021
Kepler_1469_b,Kepler-1469 b,Kepler_1469,0.1466,0,89.32,21.8635,2.8,8.25,551,2016
Kepler_147_b,Kepler-147 b,Kepler_147,0.113,0,86.26,12.6106,1.53,2.96,953,2014
Kepler_147_c,Kepler-147 c,Kepler_147,0.216,0,85.15,33.4164,2.43,6.48,689,2014
Kepler_1470_b,Kepler-1470 b,Kepler_1470,0.116,0,89.05,16.2951,1.07,1.24,574,2016
Kepler_1471_b,Kepler-1471 b,Kepler_1471,0.0453,0,88.46,3.63899,1.41,2.57,1238,2016
Kepler_1471_c,Kepler-1471 c,Kepler_1471,0.0981,0,89.74,11.6045,1.88,4.19,841,2023
Kepler_1472_b,Kepler-1472 b,Kepler_1472,0.2322,0,89.14,38.1313,1.9,4.27,613,2016
Kepler_1473_b,Kepler-1473 b,Kepler_1473,0.11606,0,80.92,14.4274,1.19,1.81,783,2016
Kepler_1474_b,Kepler-1474 b,Kepler_1474,0.2108,0,89.77,36.4333,2.16,5.31,561,2016
Kepler_1475_b,Kepler-1475 b,Kepler_1475,0.373,0,89.99,82.1774,2.92,8.85,441,2016
Kepler_1476_b,Kepler-1476 b,Kepler_1476,0.0932,0,89.86,10.3586,1.67,3.43,860,2016
Kepler_1477_b,Kepler-1477 b,Kepler_1477,0.0911,0,83.66,11.5553,1.18,1.76,674,2016
Kepler_1478_b,Kepler-1478 b,Kepler_1478,0.1681,0,89.84,26.0841,1.73,3.64,598,2016
Kepler_1479_b,Kepler-1479 b,Kepler_1479,0.11341,0,89.86,14.5326,1.83,4.01,746,2016
Kepler_148_b,Kepler-148 b,Kepler_148,0.028,0,87.87,1.72937,1.8,3.89,1284,2014
Kepler_148_c,Kepler-148 c,Kepler_148,0.05,0,89.8,4.18004,3.6,12.6,957,2014
Kepler_148_d,Kepler-148 d,Kepler_148,0.2607,0,89.45,51.8469,8.68,56.3,413,2016
Kepler_1480_b,Kepler-1480 b,Kepler_1480,0.1525,0,86.1,22.1268,1.67,3.43,721,2016
Kepler_1481_b,Kepler-1481 b,Kepler_1481,0.059,0,89.74,5.94221,1.23,2.04,797,2016
Kepler_1482_b,Kepler-1482 b,Kepler_1482,0.09968,0,89.3,12.2538,1.01,1.01,678,2016
Kepler_1483_b,Kepler-1483 b,Kepler_1483,0.0958,0,89.5,9.50852,1.52,2.92,1131,2016
Kepler_1484_b,Kepler-1484 b,Kepler_1484,0.1939,0,86.35,30.4549,2.11,5.1,624,2016
Kepler_1485_b,Kepler-1485 b,Kepler_1485,0.14732,0,87.45,19.9158,1.47,2.76,728,2016
Kepler_1486_b,Kepler-1486 b,Kepler_1486,0.2846,0,89.98,54.6496,2.32,5.99,538,2016
Kepler_1487_b,Kepler-1487 b,Kepler_1487,0.0898,0,89.44,7.31946,2.13,5.18,1682,2016
Kepler_1487_c,Kepler-1487 c,Kepler_1487,0.2588,0,89.93,35.8007,7.97,48.7,991,2023
Kepler_1488_c,Kepler-1488 c,Kepler_1488,0.06959,0,84.39,6.15827,1.65157,3.37,1212,2021
Kepler_1488_b,Kepler-1488 b,Kepler_1488,0.24153,0,88.51,39.819,1.86,4.12,650,2016
Kepler_1489_b,Kepler-1489 b,Kepler_1489,0.3679,0,89.87,82.2948,1.77,3.78,400,2016
Kepler_1489_c,Kepler-1489 c,Kepler_1489,-1,0,90,0.680741,0.51,0.087,-1,2024
Kepler_149_b,Kepler-149 b,Kepler_149,0.184,0,89.95,29.1989,4.21,16.5,540,2014
Kepler_149_c,Kepler-149 c,Kepler_149,0.281,0,89.8,55.3283,1.61,3.22,436,2014
Kepler_149_d,Kepler-149 d,Kepler_149,0.571,0,89.64,160.018,3.96,14.9,306,2014
Kepler_1490_b,Kepler-1490 b,Kepler_1490,0.3729,0,88.85,92.4363,3.04,9.48,348,2016
Kepler_1491_b,Kepler-1491 b,Kepler_1491,0.127,0,89.47,16.5862,1.51,2.89,821,2016
Kepler_1491_c,Kepler-1491 c,Kepler_1491,0.3045,0,89.35,61.5698,2.44,6.53,530,2023
Kepler_1492_b,Kepler-1492 b,Kepler_1492,0.1262,0,88.39,16.7526,1.49,2.83,801,2016
Kepler_1493_b,Kepler-1493 b,Kepler_1493,0.1197,0,82.45,15.0218,1.41,2.57,874,2016
Kepler_1494_b,Kepler-1494 b,Kepler_1494,0.3982,0,88.47,91.0805,3.07,9.64,415,2016
Kepler_1495_b,Kepler-1495 b,Kepler_1495,0.3677,0,86.95,85.2733,2.94,8.96,443,2016
Kepler_1496_b,Kepler-1496 b,Kepler_1496,0.3211,0,89.93,64.6588,2.22,5.56,535,2016
Kepler_1497_b,Kepler-1497 b,Kepler_1497,0.0817,0,89.91,8.742,1.66,3.39,924,2016
Kepler_1498_b,Kepler-1498 b,Kepler_1498,0.2528,0,89.77,48.0514,1.33,2.33,564,2016
Kepler_1499_b,Kepler-1499 b,Kepler_1499,0.23225,0,89.69,44.2008,1.19,1.81,409,2016
Kepler_15_b,Kepler-15 b,Kepler_15,0.05714,0.06,87.44,4.94278,10.76,209.76,1251,2011
Kepler_150_b,Kepler-150 b,Kepler_150,0.044,0,89.57,3.42805,1.25,2.1,1131,2014
Kepler_150_c,Kepler-150 c,Kepler_150,0.073,0,89.71,7.382,3.69,13.2,876,2014
Kepler_150_d,Kepler-150 d,Kepler_150,0.104,0,89.95,12.5609,2.79,8.2,734,2014
Kepler_150_e,Kepler-150 e,Kepler_150,0.189,0,86.76,30.8266,3.12,9.91,544,2014
Kepler_150_f,Kepler-150 f,Kepler_150,1.24,0,90,637.209,3.64,12.9,227.77,2017
Kepler_1500_b,Kepler-1500 b,Kepler_1500,0.1236,0,84.02,15.033,1.2,1.87,928,2016
Kepler_1501_b,Kepler-1501 b,Kepler_1501,0.11592,0,89.93,14.5565,1.56,3.05,787,2016
Kepler_1502_b,Kepler-1502 b,Kepler_1502,0.2482,0,88.65,41.7084,3.18,10.2,608,2016
Kepler_1503_b,Kepler-1503 b,Kepler_1503,0.3771,0,89.97,96.1699,2.27,5.77,321,2016
Kepler_1504_b,Kepler-1504 b,Kepler_1504,0.3704,0,87.87,82.304,2.13,5.18,485,2016
Kepler_1505_b,Kepler-1505 b,Kepler_1505,0.18298,0,88.4,30.8609,0.93,0.749,525,2016
Kepler_1506_b,Kepler-1506 b,Kepler_1506,0.1168,0,89.85,14.0329,1.32,2.3,783,2016
Kepler_1507_b,Kepler-1507 b,Kepler_1507,0.11946,0,89.8,16.0506,0.84,0.52,630,2016
Kepler_1508_b,Kepler-1508 b,Kepler_1508,0.1629,0,82.32,20.7057,1.33,2.33,967,2016
Kepler_1509_b,Kepler-1509 b,Kepler_1509,0.1707,0,89.55,25.4338,1.85,4.08,667,2016
Kepler_151_b,Kepler-151 b,Kepler_151,0.116,0,88.54,15.229,3.06,9.59,639,2014
Kepler_151_c,Kepler-151 c,Kepler_151,0.16,0,88.69,24.6746,2.09,5.02,544,2014
Kepler_1510_b,Kepler-1510 b,Kepler_1510,0.4089,0,89.99,84.7039,3.36,11.2,537,2016
Kepler_1511_b,Kepler-1511 b,Kepler_1511,0.1753,0,88.98,23.2383,1.68,3.46,903,2016
Kepler_1512_b,Kepler-1512 b,Kepler_1512,0.13693,0,89.45,20.3597,1.18,1.76,322,2016
Kepler_1513_b,Kepler-1513 b,Kepler_1513,0.56971,0.306,89.86,160.884,8.594,48.3099,346,2016
Kepler_1513_c,Kepler-1513 c,Kepler_1513,-1,0.125,90,841.4,11,84.5424,-1,2023
Kepler_1514_c,Kepler-1514 c,Kepler_1514,0.0997,0.32,87.98,10.5142,1.17582,1.74,1066,2020
Kepler_1514_b,Kepler-1514 b,Kepler_1514,0.753,0.401,89.944,217.832,12.4196,1678.14,387.9,2016
Kepler_1515_b,Kepler-1515 b,Kepler_1515,0.75235,0,89.99,214.311,9.55,66.2,380,2016
Kepler_1516_b,Kepler-1516 b,Kepler_1516,0.0718,0,87.55,7.25932,1.75,3.71,967,2016
Kepler_1517_b,Kepler-1517 b,Kepler_1517,0.078,0,83.88,5.54608,9.76,68.7,2336,2016
Kepler_1518_b,Kepler-1518 b,Kepler_1518,0.0593,0,76.53,5.11178,3.05,9.53,1351,2016
Kepler_1518_c,Kepler-1518 c,Kepler_1518,0.0905,0,79.56,9.63103,2.9,8.75,1094,2023
Kepler_1519_b,Kepler-1519 b,Kepler_1519,0.7655,0,89.6,240.799,7.06,39.6,342,2016
Kepler_152_b,Kepler-152 b,Kepler_152,0.124,0,88.77,18.208,2.79,8.2,551,2014
Kepler_152_c,Kepler-152 c,Kepler_152,0.356,0,89.37,88.2551,2.39,6.3,326,2014
Kepler_1520_b,Kepler-1520 b,Kepler_1520,0.0129,0,50.98,0.653554,5.77,28.1,1437,2016
Kepler_1521_b,Kepler-1521 b,Kepler_1521,0.23476,0,89.58,47.1484,2.5,6.8,391,2016
Kepler_1522_b,Kepler-1522 b,Kepler_1522,0.0288,0,89.73,1.84789,1.73,3.64,1374,2016
Kepler_1523_b,Kepler-1523 b,Kepler_1523,0.01867,0,89.86,0.938751,1.58,3.12,1676,2016
Kepler_1524_b,Kepler-1524 b,Kepler_1524,0.3392,0,89.54,70.9675,3.54,12.3,438,2016
Kepler_1525_b,Kepler-1525 b,Kepler_1525,0.03557,0,89.79,2.4166,0.91,0.693,1343,2016
Kepler_1526_b,Kepler-1526 b,Kepler_1526,0.0418,0,89.63,3.90863,2.43,6.48,787,2016
Kepler_1527_b,Kepler-1527 b,Kepler_1527,0.6276,0,89.24,160.13,4.77,20.4,450,2016
Kepler_1528_b,Kepler-1528 b,Kepler_1528,0.0296,0,89.76,1.79111,1.46,2.73,1549,2016
Kepler_1529_b,Kepler-1529 b,Kepler_1529,0.0525,0,89.96,5.33906,2.1,5.06,817,2016
Kepler_153_b,Kepler-153 b,Kepler_153,0.129,0,89.98,18.8702,2.92,8.85,621,2014
Kepler_153_c,Kepler-153 c,Kepler_153,0.237,0,89.49,46.9023,2.53,6.94,458,2014
Kepler_1530_b,Kepler-1530 b,Kepler_1530,0.03553,0,83.9,2.59044,1.64,3.33,1484,2016
Kepler_1530_c,Kepler-1530 c,Kepler_1530,0.05744,0,85.11,5.32274,1.65,3.36,1167,2016
Kepler_1530_d,Kepler-1530 d,Kepler_1530,0.08276,0,85.3,9.20761,3.2787,10.8,972,2021
Kepler_1531_b,Kepler-1531 b,Kepler_1531,0.02204,0,81.07,1.13854,1.11,1.41,2537,2016
Kepler_1532_b,Kepler-1532 b,Kepler_1532,0.0206,0,88.29,1.09366,1.35,2.39,1681,2016
Kepler_1533_b,Kepler-1533 b,Kepler_1533,0.93416,0,89.99,308.547,3.46,11.8,330,2016
Kepler_1534_b,Kepler-1534 b,Kepler_1534,0.0599,0,88.04,5.71669,1.89,4.23,955,2016
Kepler_1535_b,Kepler-1535 b,Kepler_1535,0.5329,0,89.89,138.944,2.55,7.04,384,2016
Kepler_1536_b,Kepler-1536 b,Kepler_1536,0.8507,0,89.59,364.758,3.14,10,166,2016
Kepler_1537_b,Kepler-1537 b,Kepler_1537,0.0245,0,89.18,1.44445,1.18,1.76,1800,2016
Kepler_1538_b,Kepler-1538 b,Kepler_1538,0.6095,0,89.97,175.139,2.82,8.35,346,2016
Kepler_1539_b,Kepler-1539 b,Kepler_1539,0.4765,0,89.97,133.304,2.7,7.75,301,2016
Kepler_154_e,Kepler-154 e,Kepler_154,0.04766,0,87.81,3.93276,1.5,2.86,1140,2016
Kepler_154_f,Kepler-154 f,Kepler_154,0.08832,0,89.47,9.91936,1.5,2.86,838,2016
Kepler_154_d,Kepler-154 d,Kepler_154,0.14354,0,88.38,20.5498,3.84,14.1,657,2016
Kepler_154_b,Kepler-154 b,Kepler_154,0.198,0,89.65,33.0405,2.26,5.73,561,2014
Kepler_154_c,Kepler-154 c,Kepler_154,0.303,0,89.13,62.3033,2.95,9.01,454,2014
Kepler_1540_b,Kepler-1540 b,Kepler_1540,0.4426,0,89.82,125.413,2.49,6.76,266,2016
Kepler_1541_b,Kepler-1541 b,Kepler_1541,0.07555,0,89.97,8.40691,1.16,1.65,1048,2016
Kepler_1542_c,Kepler-1542 c,Kepler_1542,0.0387,0,89.89,2.89223,0.65,0.208,1287,2016
Kepler_1542_b,Kepler-1542 b,Kepler_1542,0.04765,0,88.05,3.95117,0.76,0.363,1160,2016
Kepler_1542_e,Kepler-1542 e,Kepler_1542,0.05649,0,89.68,5.10116,0.76,0.363,1065,2016
Kepler_1542_d,Kepler-1542 d,Kepler_1542,0.0629,0,88.08,5.99274,0.87,0.59,1010,2016
Kepler_1543_b,Kepler-1543 b,Kepler_1543,0.0867,0,82.12,6.9671,2.71,7.8,1774,2016
Kepler_1544_b,Kepler-1544 b,Kepler_1544,0.54465,0,89.797,168.811,1.78,3.82,269,2016
Kepler_1545_b,Kepler-1545 b,Kepler_1545,0.5442,0,89.99,163.692,2.7,7.75,274,2016
Kepler_1546_b,Kepler-1546 b,Kepler_1546,0.1366,0,87.32,19.5975,3.13,9.96,671,2016
Kepler_1547_b,Kepler-1547 b,Kepler_1547,0.01556,0,61.66,0.69298,0.9,0.666,3186,2016
Kepler_1548_b,Kepler-1548 b,Kepler_1548,0.4679,0,89.96,124.829,2.64,7.46,350,2016
Kepler_1549_b,Kepler-1549 b,Kepler_1549,0.6687,0,89.99,214.887,2.57,7.13,286,2016
Kepler_155_b,Kepler-155 b,Kepler_155,0.056,0,89.88,5.93119,2.09,5.02,614,2014
Kepler_155_c,Kepler-155 c,Kepler_155,0.242,0,89.495,52.6618,2.24,5.65,286,2014
Kepler_1550_b,Kepler-1550 b,Kepler_1550,0.7681,0,89.98,225.583,3.02,9.38,348,2016
Kepler_1551_b,Kepler-1551 b,Kepler_1551,0.1772,0,87.79,24.4974,2.66,7.56,722,2016
Kepler_1552_b,Kepler-1552 b,Kepler_1552,0.6011,0,89.98,184.772,2.47,6.66,268,2016
Kepler_1553_b,Kepler-1553 b,Kepler_1553,0.0481,0,89.08,4.24262,1.15,1.6,926,2016
Kepler_1554_b,Kepler-1554 b,Kepler_1554,0.59527,0,89.77,198.089,2.9,8.75,288,2016
Kepler_1555_b,Kepler-1555 b,Kepler_1555,0.0805,0,88.47,8.10502,1.61,3.22,959,2016
Kepler_1556_b,Kepler-1556 b,Kepler_1556,0.0829,0,89.57,8.82713,1.96,4.5,797,2016
Kepler_1557_b,Kepler-1557 b,Kepler_1557,0.049,0,88.63,3.74032,1.53,2.96,1287,2016
Kepler_1558_b,Kepler-1558 b,Kepler_1558,0.04278,0,88.66,3.5047,0.68,0.244,1019,2016
Kepler_1559_b,Kepler-1559 b,Kepler_1559,0.01835,0,81.16,0.971915,0.72,0.299,1609,2016
Kepler_156_b,Kepler-156 b,Kepler_156,0.054,0,86.75,4.97346,2.3,5.9,867,2014
Kepler_156_c,Kepler-156 c,Kepler_156,0.117,0,89.97,15.9068,2.55,7.04,588,2014
Kepler_1560_b,Kepler-1560 b,Kepler_1560,0.04175,0,88.74,3.03196,0.89,0.64,1269,2016
Kepler_1561_b,Kepler-1561 b,Kepler_1561,0.0194,0,88.34,1.00521,1.09,1.32,1682,2016
Kepler_1562_b,Kepler-1562 b,Kepler_1562,0.3308,0,87.44,64.2738,3.55,12.3,554,2016
Kepler_1563_b,Kepler-1563 b,Kepler_1563,0.0442,0,81.58,3.43277,0.75,0.347,1134,2016
Kepler_1564_b,Kepler-1564 b,Kepler_1564,0.1327,0,89.67,18.054,1.47,2.76,635,2016
Kepler_1565_b,Kepler-1565 b,Kepler_1565,0.0241,0,82.28,1.53819,1.19,1.81,1234,2016
Kepler_1566_b,Kepler-1566 b,Kepler_1566,0.01198,0,85.27,0.539915,0.79,0.418,1871,2016
Kepler_1567_b,Kepler-1567 b,Kepler_1567,0.552,0,89.98,153.98,2.73,7.9,330,2016
Kepler_1568_b,Kepler-1568 b,Kepler_1568,0.15157,0,89.51,20.9254,1.3,2.24,729,2016
Kepler_1569_b,Kepler-1569 b,Kepler_1569,0.06669,0,81.51,5.7918,1.68,3.46,1222,2016
Kepler_157_b,Kepler-157 b,Kepler_157,0.028,0,88.24,1.73234,1.32,2.3,1546,2014
Kepler_157_d,Kepler-157 d,Kepler_157,0.0706,0,86.8,7.02573,1.46,2.73,969,2016
Kepler_157_c,Kepler-157 c,Kepler_157,0.11,0,89.56,13.5405,2.24,5.65,779,2014
Kepler_1570_b,Kepler-1570 b,Kepler_1570,0.16699,0,89.52,26.549,1.07,1.24,836,2016
Kepler_1571_b,Kepler-1571 b,Kepler_1571,0.04287,0,89.47,3.38555,1.52,2.92,1476,2016
Kepler_1572_b,Kepler-1572 b,Kepler_1572,0.05838,0,89.31,5.49549,0.94,0.779,1293,2016
Kepler_1573_b,Kepler-1573 b,Kepler_1573,0.0364,0,87.98,2.61576,1.2,1.87,1379,2016
Kepler_1574_b,Kepler-1574 b,Kepler_1574,0.0743,0,87.95,6.94243,1.29,2.21,1003,2016
Kepler_1575_b,Kepler-1575 b,Kepler_1575,0.0366,0,88.19,2.55314,1.31,2.27,1312,2016
Kepler_1576_b,Kepler-1576 b,Kepler_1576,0.07211,0,88.54,6.98472,1.04,1.12,1059,2016
Kepler_1577_b,Kepler-1577 b,Kepler_1577,0.0657,0,87.71,6.3056,1.13,1.51,1125,2016
Kepler_1578_b,Kepler-1578 b,Kepler_1578,0.0252,0,86.85,1.45089,1.04,1.12,1700,2016
Kepler_1579_b,Kepler-1579 b,Kepler_1579,0.014,0,81.86,0.849908,0.84,0.52,1139,2016
Kepler_158_b,Kepler-158 b,Kepler_158,0.111,0,88.2,16.7092,2.12,5.14,500,2014
Kepler_158_c,Kepler-158 c,Kepler_158,0.158,0,89.17,28.5514,1.9,4.27,418,2014
Kepler_158_d,Kepler-158 d,Kepler_158,-1,0,90,0.645088,0.43,0.0472,-1,2024
Kepler_1580_b,Kepler-1580 b,Kepler_1580,0.33571,0,88.47,56.6449,2.11,5.1,733,2016
Kepler_1581_b,Kepler-1581 b,Kepler_1581,0.06865,0,89.49,6.28385,0.8,0.437,1108,2016
Kepler_1582_b,Kepler-1582 b,Kepler_1582,0.0316,0,89.98,4.83818,1.49,2.83,354,2016
Kepler_1583_b,Kepler-1583 b,Kepler_1583,0.08307,0,89.86,9.32807,0.6,0.156,788,2016
Kepler_1584_b,Kepler-1584 b,Kepler_1584,0.1168,0,89.21,13.3997,1.61,3.22,886,2016
Kepler_1585_b,Kepler-1585 b,Kepler_1585,0.0445,0,89.55,3.58275,1.79,3.86,1064,2016
Kepler_1586_b,Kepler-1586 b,Kepler_1586,0.12208,0,87.81,15.6049,1.52,2.92,1013,2016
Kepler_1587_b,Kepler-1587 b,Kepler_1587,0.08747,0,88.33,9.40605,1.33,2.33,981,2016
Kepler_1588_b,Kepler-1588 b,Kepler_1588,0.07419,0,89.62,7.84932,0.76,0.363,925,2016
Kepler_1589_b,Kepler-1589 b,Kepler_1589,0.0205,0,71.48,0.991665,1.09,1.32,2102,2016
Kepler_159_b,Kepler-159 b,Kepler_159,0.082,0,89.85,10.1396,2.38,6.26,447,2014
Kepler_159_c,Kepler-159 c,Kepler_159,0.218,0,89.99,43.5958,3.41,11.5,275,2014
Kepler_1590_b,Kepler-1590 b,Kepler_1590,0.07116,0,89.17,7.61761,1.14,1.55,1020,2016
Kepler_1591_b,Kepler-1591 b,Kepler_1591,0.0794,0,86.83,8.18505,1.27,2.15,892,2016
Kepler_1592_b,Kepler-1592 b,Kepler_1592,0.04,0,89.1,3.0571,1.54,2.99,1202,2016
Kepler_1593_b,Kepler-1593 b,Kepler_1593,0.55494,0,89.847,174.51,3.17,10.2,260,2016
Kepler_1594_b,Kepler-1594 b,Kepler_1594,0.0396,0,87.67,2.71604,1.06,1.2,1360,2016
Kepler_1595_b,Kepler-1595 b,Kepler_1595,0.051,0,88.56,4.5638,1.23,2.04,980,2016
Kepler_1596_b,Kepler-1596 b,Kepler_1596,0.3237,0,89.98,66.3734,1.9,4.27,471,2016
Kepler_1597_b,Kepler-1597 b,Kepler_1597,0.04136,0,89.92,2.94654,1.06,1.2,1497,2016
Kepler_1598_b,Kepler-1598 b,Kepler_1598,0.05207,0,89.47,4.34195,0.95,0.809,1236,2016
Kepler_1599_b,Kepler-1599 b,Kepler_1599,0.4823,0,89.83,122.364,1.62,3.26,407,2016
Kepler_16_b,Kepler-16 b,Kepler_16,0.7048,0.0069,90.0322,228.776,8.4493,105.833,205.9,2011
Kepler_160_b,Kepler-160 b,Kepler_160,0.05511,0,89.83,4.3094,1.715,3.59,1134,2014
Kepler_160_c,Kepler-160 c,Kepler_160,0.1192,0,89.93,13.6994,3.76,13.6,771,2014
Kepler_160_d,Kepler-160 d,Kepler_160,0.17,0,86.9,30,-1,100,676.54,2020
Kepler_1600_c,Kepler-1600 c,Kepler_1600,0.06961,0,88.63,7.29805,1.94207,4.43,786,2021
Kepler_1600_b,Kepler-1600 b,Kepler_1600,0.98141,0,90,386.371,3.13,9.96,209,2016
Kepler_1601_b,Kepler-1601 b,Kepler_1601,0.03281,0,89.11,2.20922,0.82,0.477,1507,2016
Kepler_1602_b,Kepler-1602 b,Kepler_1602,0.09744,0,89.15,11.1793,1.34,2.36,1159,2016
Kepler_1603_b,Kepler-1603 b,Kepler_1603,0.0351,0,89.87,2.27164,1.29,2.21,1522,2016
Kepler_1604_b,Kepler-1604 b,Kepler_1604,0.01406,0,40.98,0.683684,1.41,2.57,2023,2016
Kepler_1605_b,Kepler-1605 b,Kepler_1605,0.36567,0,89.51,85.7565,1.08,1.28,528,2016
Kepler_1606_b,Kepler-1606 b,Kepler_1606,0.6421,0,89.814,196.435,2.07,4.94,324,2016
Kepler_1607_b,Kepler-1607 b,Kepler_1607,0.11978,0,86.47,13.6474,0.92,0.721,913,2016
Kepler_1608_b,Kepler-1608 b,Kepler_1608,0.1126,0,89.97,16.4736,1.73,3.64,612,2016
Kepler_1609_b,Kepler-1609 b,Kepler_1609,0.4679,0,89.44,114.342,2.22,5.56,429,2016
Kepler_161_b,Kepler-161 b,Kepler_161,0.054,0,89.93,4.92136,2.12,2.63,868,2014
Kepler_161_c,Kepler-161 c,Kepler_161,0.068,0,88.42,7.06424,2.05,3.61,769,2014
Kepler_1610_b,Kepler-1610 b,Kepler_1610,0.0777,0,89.88,8.70182,1.61,3.22,750,2016
Kepler_1610_c,Kepler-1610 c,Kepler_1610,0.2323,0,89.41,44.9852,2.09,5.02,433,2023
Kepler_1611_b,Kepler-1611 b,Kepler_1611,0.0586,0,89.26,5.17624,0.81,0.457,1243,2016
Kepler_1612_b,Kepler-1612 b,Kepler_1612,0.0482,0,88.27,3.91795,1.03,1.08,1030,2016
Kepler_1613_b,Kepler-1613 b,Kepler_1613,0.02755,0,80.83,1.51843,2.08,4.98,1926,2016
Kepler_1614_b,Kepler-1614 b,Kepler_1614,0.0471,0,88.54,3.94661,1.49,2.83,981,2016
Kepler_1615_b,Kepler-1615 b,Kepler_1615,0.2788,0,84.51,47.3126,2.06,4.9,658,2016
Kepler_1616_b,Kepler-1616 b,Kepler_1616,0.07318,0,85.5,6.76284,1.02,1.04,1337,2016
Kepler_1617_b,Kepler-1617 b,Kepler_1617,0.17707,0,89.98,27.4786,1.2,1.87,736,2016
Kepler_1618_b,Kepler-1618 b,Kepler_1618,0.07109,0,86.57,6.10826,1.26,2.13,1267,2016
Kepler_1619_b,Kepler-1619 b,Kepler_1619,0.15413,0,89.14,23.6226,0.76,0.363,797,2016
Kepler_162_b,Kepler-162 b,Kepler_162,0.069,0,84.93,6.9198,1.26,2.13,961,2014
Kepler_162_c,Kepler-162 c,Kepler_162,0.137,0,88.21,19.4464,3.03,9.43,681,2014
Kepler_1620_b,Kepler-1620 b,Kepler_1620,0.4322,0,89.96,101.952,1.61,3.22,428,2016
Kepler_1621_b,Kepler-1621 b,Kepler_1621,0.4204,0,89.81,92.2637,2.16,5.31,469,2016
Kepler_1622_b,Kepler-1622 b,Kepler_1622,0.10136,0,86.49,10.8119,1.47,2.76,922,2016
Kepler_1623_b,Kepler-1623 b,Kepler_1623,0.0518,0,88.52,4.36128,1.31,2.27,1000,2016
Kepler_1624_b,Kepler-1624 b,Kepler_1624,0.0327,0,89.68,3.29031,6.59,35.3,540,2016
Kepler_1625_b,Kepler-1625 b,Kepler_1625,0.87762,0,89.99,287.379,6.06,30.6,350,2016
Kepler_1626_b,Kepler-1626 b,Kepler_1626,0.0537,0,87.83,4.13963,2.02,4.74,1352,2016
Kepler_1627_b,Kepler-1627 b,Kepler_1627,0.0643,0,89.92,7.20284,3.69,13.2,794,2016
Kepler_1628_b,Kepler-1628 b,Kepler_1628,0.2952,0,89.71,76.378,6.43,33.8,240,2016
Kepler_1629_b,Kepler-1629 b,Kepler_1629,0.0485,0,89.89,3.87596,0.77,0.381,1081,2016
Kepler_163_b,Kepler-163 b,Kepler_163,0.078,0,85.78,7.81094,1.05,1.16,906,2014
Kepler_163_c,Kepler-163 c,Kepler_163,0.152,0,87.5,21.3473,2.26,5.73,648,2014
Kepler_1630_b,Kepler-1630 b,Kepler_1630,1.1218,0,89.95,509.997,2.19,5.43,182,2016
Kepler_1631_b,Kepler-1631 b,Kepler_1631,0.0511,0,75.96,4.09514,1.35,2.39,1122,2016
Kepler_1632_b,Kepler-1632 b,Kepler_1632,0.6762,0,89.99,448.304,2.47,6.66,369,2016
Kepler_1633_b,Kepler-1633 b,Kepler_1633,0.3875,0,88.51,186.404,1.58,3.12,925,2016
Kepler_1634_b,Kepler-1634 b,Kepler_1634,1.0525,0,89.84,374.876,3.19,10.3,282,2016
Kepler_1635_b,Kepler-1635 b,Kepler_1635,1.12664,0,89.61,469.631,3.64,12.9,200,2016
Kepler_1636_b,Kepler-1636 b,Kepler_1636,1.12191,0,89.99,425.478,3.23,10.5,248,2016
Kepler_1637_b,Kepler-1637 b,Kepler_1637,0.0596,0,89.24,6.1096,0.89,0.64,1093,2016
Kepler_1638_b,Kepler-1638 b,Kepler_1638,0.745,0,89.9954,259.337,1.87,4.16,304,2016
Kepler_1639_b,Kepler-1639 b,Kepler_1639,0.0932,0,87.7,9.87848,2.58,7.18,1003,2016
Kepler_164_b,Kepler-164 b,Kepler_164,0.058,0,84.49,5.03503,1.41,2.57,1141,2014
Kepler_164_c,Kepler-164 c,Kepler_164,0.097,0,87.17,10.9457,2.73,7.9,881,2014
Kepler_164_d,Kepler-164 d,Kepler_164,0.187,0,88.64,28.9868,2.45,6.57,637,2014
Kepler_164_e,Kepler-164 e,Kepler_164,0.4025,0,88.37,94.8869,4.24,16.7,429,2023
Kepler_1640_b,Kepler-1640 b,Kepler_1640,0.0836,0,85.04,7.58441,4.82,20.7,1228,2016
Kepler_1641_b,Kepler-1641 b,Kepler_1641,0.1473,0,88.19,19.6723,3.11,9.85,908,2016
Kepler_1641_c,Kepler-1641 c,Kepler_1641,0.2065,0,89.99,32.6572,2.95,9.01,767,2016
Kepler_1642_c,Kepler-1642 c,Kepler_1642,0.0678,0,89.85,6.65138,2.66,7.56,1095,2016
Kepler_1642_b,Kepler-1642 b,Kepler_1642,0.1016,0,89.85,12.2058,3.2,10.3,895,2016
Kepler_1643_b,Kepler-1643 b,Kepler_1643,0.0531,0,89.93,5.34266,2.32,5.99,799,2016
Kepler_1644_b,Kepler-1644 b,Kepler_1644,0.142,0,87.63,21.0908,1.88,4.19,606,2016
Kepler_1645_b,Kepler-1645 b,Kepler_1645,0.1285,0,89.81,16.178,1.78,3.82,754,2016
Kepler_1646_b,Kepler-1646 b,Kepler_1646,0.0295,0,89.36,4.48558,1.23,2.04,365,2016
Kepler_1647_b,Kepler-1647 b,Kepler_1647,2.7205,0.0581,90.0972,1107.59,11.8739,483,242.92,2016
Kepler_1649_b,Kepler-1649 b,Kepler_1649,0.0514,0,89.15,8.6891,1.017,1.03,307,2017
Kepler_1649_c,Kepler-1649 c,Kepler_1649,0.0649,0,89.339,19.5353,1.06,1.2,234,2020
Kepler_165_b,Kepler-165 b,Kepler_165,0.072,0,88.51,8.18085,2.32,5.99,716,2014
Kepler_165_c,Kepler-165 c,Kepler_165,0.11,0,88.89,15.313,2.23,5.6,581,2014
Kepler_1650_b,Kepler-1650 b,Kepler_1650,0.0167,0.01,77.38,1.53818,0.96,0.84,602,2017
Kepler_1651_b,Kepler-1651 b,Kepler_1651,0.0692,0.13,89.97,9.87864,1.84,4.04,393,2017
Kepler_1652_b,Kepler-1652 b,Kepler_1652,0.1654,0,89.9927,38.0972,1.6,3.19,268,2017
Kepler_1653_b,Kepler-1653 b,Kepler_1653,0.4706,0,89.788,140.252,2.17,5.35,284,2017
Kepler_1654_b,Kepler-1654 b,Kepler_1654,2.026,0.26,89.982,1047.84,9.18017,158.915,206,2018
Kepler_1655_b,Kepler-1655 b,Kepler_1655,0.1029,0.19,87.62,11.8729,2.213,5.4,938,2018
Kepler_1656_b,Kepler-1656 b,Kepler_1656,0.1974,0.838,89.31,31.562,4.574,47.8,651,2018
Kepler_1656_c,Kepler-1656 c,Kepler_1656,3.053,0.527,90,1919,14,126.4,161.19,2022
Kepler_166_d,Kepler-166 d,Kepler_166,0.02449,0,89.87,1.554,1.73,3.64,1313,2016
Kepler_166_b,Kepler-166 b,Kepler_166,0.072,0,89.96,7.65025,2.27,5.77,772,2014
Kepler_166_c,Kepler-166 c,Kepler_166,0.195,0,89.99,34.2603,2.38,6.26,468,2014
Kepler_1660_AB_b,Kepler-1660 AB b,Kepler_1660_A,0.8,0.05541,86.31,239.504,12.9,1586.6,415.08,2023
Kepler_1661_b,Kepler-1661 b,Kepler_1661,0.633,0.057,89.46,175.06,3.87,17,243,2020
Kepler_1663_b,Kepler-1663 b,Kepler_1663,0.1072,0,88.52,17.6046,3.30396,10.9,362,2020
Kepler_1664_b,Kepler-1664 b,Kepler_1664,0.1137,0,89.98,14.3868,3.03321,9.45,776,2020
Kepler_1665_b,Kepler-1665 b,Kepler_1665,0.096,0,89.03,11.9548,2.83911,8.44,906,2020
Kepler_1666_b,Kepler-1666 b,Kepler_1666,0.1761,0,89.91,25.8476,2.88274,8.66,672,2020
Kepler_1666_c,Kepler-1666 c,Kepler_1666,0.2383,0,89.99,40.7157,3.23565,10.5,578,2020
Kepler_1667_b,Kepler-1667 b,Kepler_1667,0.35905,0,89.59,83.5781,2.98385,9.19,655,2020
Kepler_1668_b,Kepler-1668 b,Kepler_1668,0.124,0,88.09,15.434,4.34764,17.4,721,2020
Kepler_1669_c,Kepler-1669 c,Kepler_1669,0.0228,0,89.89,1.60932,1.90121,4.27,958,2021
Kepler_1669_d,Kepler-1669 d,Kepler_1669,0.0468,0,89.16,4.72941,1.22,1.98,669,2023
Kepler_1669_b,Kepler-1669 b,Kepler_1669,0.0745,0,89.7,9.51216,2.78044,8.15,530,2020
Kepler_167_b,Kepler-167 b,Kepler_167,0.04825,0,88.3,4.39315,1.718,3.6,918,2014
Kepler_167_c,Kepler-167 c,Kepler_167,0.0684,0,88.48,7.40611,1.674,3.44,771,2014
Kepler_167_d,Kepler-167 d,Kepler_167,0.1404,0,89.26,21.8038,1.238,2.06,538,2016
Kepler_167_e,Kepler-167 e,Kepler_167,1.883,0.29,89.972,1071.23,10.16,321.007,134.4,2016
Kepler_1670_b,Kepler-1670 b,Kepler_1670,0.1528,0,84.41,20.4998,3.35648,11.2,731,2020
Kepler_1671_b,Kepler-1671 b,Kepler_1671,0.04946,0,89.33,4.16787,1.32557,2.32,962,2020
Kepler_1672_b,Kepler-1672 b,Kepler_1672,0.55374,0,89.99,150.878,2.97023,9.11,423,2020
Kepler_1673_b,Kepler-1673 b,Kepler_1673,0.21363,0,89.91,33.7888,2.93552,8.93,611,2020
Kepler_1674_b,Kepler-1674 b,Kepler_1674,0.3017,0,89.02,62.5611,3.20577,10.4,417,2020
Kepler_1675_b,Kepler-1675 b,Kepler_1675,0.32185,0,89.98,63.0382,3.12483,9.93,465,2020
Kepler_1676_b,Kepler-1676 b,Kepler_1676,0.1954,0,89.72,29.9221,3.37696,11.3,782,2020
Kepler_1677_b,Kepler-1677 b,Kepler_1677,0.1599,0,86.73,22.064,2.70216,7.76,712,2020
Kepler_1678_b,Kepler-1678 b,Kepler_1678,0.5302,0,89.99,147.974,3.30422,10.9,329,2020
Kepler_1679_b,Kepler-1679 b,Kepler_1679,0.0892,0,89.45,9.75376,2.0692,4.93,813,2020
Kepler_168_b,Kepler-168 b,Kepler_168,0.056,0,88.95,4.42539,1.46,2.73,1240,2014
Kepler_168_c,Kepler-168 c,Kepler_168,0.116,0,89.99,13.1932,2.69,7.7,862,2014
Kepler_1680_b,Kepler-1680 b,Kepler_1680,0.07642,0,86.06,8.77424,1.35955,2.42,771,2020
Kepler_1681_b,Kepler-1681 b,Kepler_1681,0.32,0,89.08,69.8956,2.55322,7.05,442,2020
Kepler_1682_b,Kepler-1682 b,Kepler_1682,0.1134,0,89.16,14.8334,2.88941,8.7,694,2020
Kepler_1683_b,Kepler-1683 b,Kepler_1683,0.1182,0,89.98,15.0337,1.87478,4.17,669,2020
Kepler_1684_b,Kepler-1684 b,Kepler_1684,0.2253,0,88.24,47.7055,2.87085,8.6,347,2020
Kepler_1685_b,Kepler-1685 b,Kepler_1685,0.1485,0,89.98,20.4905,2.57674,7.16,625,2020
Kepler_1686_b,Kepler-1686 b,Kepler_1686,0.08827,0,88.19,9.30987,1.42553,2.62,913,2020
Kepler_1687_b,Kepler-1687 b,Kepler_1687,0.0532,0,82.13,5.77954,1.65624,3.38,598,2020
Kepler_1688_b,Kepler-1688 b,Kepler_1688,0.0577,0,78.72,5.62012,1.26175,2.13,772,2020
Kepler_1689_b,Kepler-1689 b,Kepler_1689,0.0784,0,88.5,8.483,0.946786,0.799,879,2020
Kepler_169_b,Kepler-169 b,Kepler_169,0.04,0,85.27,3.25062,1.13,1.51,962,2014
Kepler_169_c,Kepler-169 c,Kepler_169,0.062,0,87.06,6.19547,1.21,1.92,776,2014
Kepler_169_d,Kepler-169 d,Kepler_169,0.075,0,86.78,8.34812,1.25,2.1,702,2014
Kepler_169_e,Kepler-169 e,Kepler_169,0.105,0,87.99,13.7671,2.2,5.48,595,2014
Kepler_169_f,Kepler-169 f,Kepler_169,0.359,0,89.15,87.0902,2.58,7.18,321,2014
Kepler_1690_b,Kepler-1690 b,Kepler_1690,0.7097,0,89.99,234.636,2.81109,8.3,267,2020
Kepler_1691_b,Kepler-1691 b,Kepler_1691,0.0495,0,88.47,3.8482,1.83471,4.02,1283,2020
Kepler_1692_b,Kepler-1692 b,Kepler_1692,0.0646,0,89.03,5.95966,1.11177,1.42,897,2020
Kepler_1693_c,Kepler-1693 c,Kepler_1693,0.0588,0,89.97,5.36371,0.976983,0.894,1059,2021
Kepler_1693_b,Kepler-1693 b,Kepler_1693,0.1011,0,89.69,12.0999,1.28938,2.21,807,2020
Kepler_1694_b,Kepler-1694 b,Kepler_1694,0.0449,0,89.26,3.89526,1.17986,1.76,956,2020
Kepler_1695_b,Kepler-1695 b,Kepler_1695,0.0529,0,89.67,4.7329,1.11949,1.46,957,2020
Kepler_1696_b,Kepler-1696 b,Kepler_1696,0.3244,0,89.7,65.9409,2.80982,8.29,454,2020
Kepler_1697_b,Kepler-1697 b,Kepler_1697,0.2008,0,86.86,33.4969,1.25955,2.12,630,2020
Kepler_1698_b,Kepler-1698 b,Kepler_1698,0.02065,0,83.56,1.2107,1.07316,1.25,1351,2020
Kepler_1699_b,Kepler-1699 b,Kepler_1699,0.0418,0,89.64,3.49082,1.56671,3.08,1010,2020
Kepler_17_b,Kepler-17 b,Kepler_17,0.02591,0.011,87.2,1.48571,14.68,778.65,1570,2011
Kepler_170_b,Kepler-170 b,Kepler_170,0.08,0,87.79,7.93059,3.2,82.6,899,2014
Kepler_170_c,Kepler-170 c,Kepler_170,0.131,0,89.13,16.6659,2.86,8.55,702,2014
Kepler_1700_b,Kepler-1700 b,Kepler_1700,0.76094,0,89.02,234.239,2.9013,8.76,329,2020
Kepler_1701_b,Kepler-1701 b,Kepler_1701,0.5738,0,89.57,169.134,2.22186,5.57,273,2020
Kepler_1702_b,Kepler-1702 b,Kepler_1702,0.1275,0,88.72,18.5012,1.60191,3.2,555,2020
Kepler_1704_b,Kepler-1704 b,Kepler_1704,2.027,0.92,89,988.881,11.9488,1322.17,253.8,2021
Kepler_1705_b,Kepler-1705 b,Kepler_1705,0.08,0.033,88.79,9.03502,2.03,4.47,789,2021
Kepler_1705_c,Kepler-1705 c,Kepler_1705,-1,0.028,88.89,11.28,2.05,5.42,-1,2021
Kepler_1708_b,Kepler-1708 b,Kepler_1708,1.64,0.4,90,737.113,9.96,1462.01,245.02,2021
Kepler_1709_b,Kepler-1709 b,Kepler_1709,0.32704,0,89.68,65.7046,3.12425,9.93,472,2021
Kepler_171_b,Kepler-171 b,Kepler_171,0.05,0,89.89,4.16697,2.34,6.08,1053,2014
Kepler_171_c,Kepler-171 c,Kepler_171,0.098,0,89.83,11.4635,2.56,7.08,752,2014
Kepler_171_d,Kepler-171 d,Kepler_171,0.223,0,89.8,39.5955,1.89,4.23,497,2014
Kepler_1710_b,Kepler-1710 b,Kepler_1710,0.11583,0,89.98,14.9111,3.19744,3.49494,694,2021
Kepler_1711_b,Kepler-1711 b,Kepler_1711,0.1463,0,89.67,21.0608,1.923,4.36,669,2021
Kepler_1712_b,Kepler-1712 b,Kepler_1712,0.0903,0,88.06,13.815,2.28373,5.83,391,2021
Kepler_1713_b,Kepler-1713 b,Kepler_1713,0.14185,0,83.74,18.0116,1.71674,3.59,900,2021
Kepler_1714_b,Kepler-1714 b,Kepler_1714,0.10549,0,88.49,10.2753,3.26437,10.7,1211,2021
Kepler_1715_b,Kepler-1715 b,Kepler_1715,0.22429,0,87.51,35.5973,4.14042,16,646,2021
Kepler_1716_b,Kepler-1716 b,Kepler_1716,0.18836,0,90,35.581,2.42477,6.46,408,2021
Kepler_1717_b,Kepler-1717 b,Kepler_1717,0.2014,0,88.89,30.6528,2.9893,9.21,780,2021
Kepler_1718_b,Kepler-1718 b,Kepler_1718,0.48418,0,89.99,135.188,2.56852,7.12,345,2021
Kepler_1719_b,Kepler-1719 b,Kepler_1719,0.06868,0,87.37,6.14956,3.95001,14.8,1287,2021
Kepler_172_b,Kepler-172 b,Kepler_172,0.04,0,80.64,2.94031,2.35,6.12,1256,2014
Kepler_172_c,Kepler-172 c,Kepler_172,0.068,0,83.26,6.389,2.86,8.55,970,2014
Kepler_172_d,Kepler-172 d,Kepler_172,0.118,0,84.97,14.6271,2.25,5.69,736,2014
Kepler_172_e,Kepler-172 e,Kepler_172,0.211,0,87.49,35.1187,2.76,8.05,550,2014
Kepler_1720_b,Kepler-1720 b,Kepler_1720,0.1043,0,88.29,12.7064,3.21585,10.4,697,2021
Kepler_1721_b,Kepler-1721 b,Kepler_1721,0.0519,0,89.93,4.59238,3.11857,9.9,924,2021
Kepler_1722_b,Kepler-1722 b,Kepler_1722,0.0819,0,88.77,9.17857,2.86719,8.58,753,2021
Kepler_1723_b,Kepler-1723 b,Kepler_1723,0.2249,0,89.96,39.7529,2.88047,8.65,568,2021
Kepler_1724_b,Kepler-1724 b,Kepler_1724,0.0683,0,86.67,6.45442,2.83677,8.43,999,2021
Kepler_1725_b,Kepler-1725 b,Kepler_1725,0.13263,0,89.3,16.7199,2.81252,8.31,767,2021
Kepler_1726_b,Kepler-1726 b,Kepler_1726,0.12794,0,88.18,18.3963,2.50862,6.84,582,2021
Kepler_1727_b,Kepler-1727 b,Kepler_1727,0.0796,0,89.94,9.0293,3.17322,10.2,757,2021
Kepler_1728_b,Kepler-1728 b,Kepler_1728,0.0535,0,89.99,4.783,2.95502,9.04,886,2021
Kepler_1729_b,Kepler-1729 b,Kepler_1729,0.0418,0,85.03,4.22097,3.89404,14.4,595,2021
Kepler_173_b,Kepler-173 b,Kepler_173,0.048,0,88.44,4.26374,1.29,2.21,1179,2014
Kepler_173_c,Kepler-173 c,Kepler_173,0.074,0,89.74,8.00578,2.43,6.48,956,2014
Kepler_1730_b,Kepler-1730 b,Kepler_1730,0.1131,0,88.04,13.8102,4.48525,18.4,833,2021
Kepler_1731_b,Kepler-1731 b,Kepler_1731,0.1399,0,89.95,21.7613,2.93296,8.92,486,2021
Kepler_1732_b,Kepler-1732 b,Kepler_1732,0.2015,0,86.72,32.3124,4.09903,15.7,699,2021
Kepler_1733_b,Kepler-1733 b,Kepler_1733,0.0933,0,89.88,9.22958,3.63582,12.8,1021,2021
Kepler_1734_b,Kepler-1734 b,Kepler_1734,0.0714,0,87.32,6.79685,3.08851,9.74,985,2021
Kepler_1735_b,Kepler-1735 b,Kepler_1735,0.0621,0,89.8,7.71793,1.19429,1.84,502,2021
Kepler_1736_b,Kepler-1736 b,Kepler_1736,0.2188,0,89.9,37.8103,3.87659,14.3,566,2021
Kepler_1737_b,Kepler-1737 b,Kepler_1737,0.297,0,88.9,64.6175,5.395,25.1,383,2021
Kepler_1738_b,Kepler-1738 b,Kepler_1738,0.0781,0,85.69,7.67463,2.82473,8.37,957,2021
Kepler_1739_b,Kepler-1739 b,Kepler_1739,0.0697,0,89.78,7.34371,2.43057,6.48,839,2021
Kepler_174_b,Kepler-174 b,Kepler_174,0.1,0,89.24,13.9818,1.96,4.5,553,2014
Kepler_174_c,Kepler-174 c,Kepler_174,0.214,0,89.97,44.0005,1.49,2.83,377,2014
Kepler_174_d,Kepler-174 d,Kepler_174,0.677,0,89.99,247.354,2.19,5.43,212,2014
Kepler_1740_b,Kepler-1740 b,Kepler_1740,0.0779,0,82.8,8.1724,3.32321,11,858,2021
Kepler_1741_b,Kepler-1741 b,Kepler_1741,0.0296,0,89.77,2.75759,1.273,2.16,615,2021
Kepler_1742_b,Kepler-1742 b,Kepler_1742,0.2587,0,89.98,49.4782,2.17824,5.38,462,2021
Kepler_1743_b,Kepler-1743 b,Kepler_1743,0.084,0,77.52,7.64971,1.59887,3.18,1144,2021
Kepler_1744_b,Kepler-1744 b,Kepler_1744,0.20945,0,89.52,37.1011,3.76754,13.6,532,2021
Kepler_1745_b,Kepler-1745 b,Kepler_1745,0.0408,0,82.72,3.01619,1.92873,4.38,1449,2021
Kepler_1746_b,Kepler-1746 b,Kepler_1746,0.94082,0,89.86,321.212,8.93504,59.1,310,2021
Kepler_1747_b,Kepler-1747 b,Kepler_1747,0.066,0,87.55,6.23032,4.26508,16.8,875,2021
Kepler_1748_b,Kepler-1748 b,Kepler_1748,0.0615,0,85.35,5.82352,2.71275,7.81,955,2021
Kepler_1749_b,Kepler-1749 b,Kepler_1749,0.0956,0,88.07,14.5341,1.61302,3.23,420,2021
Kepler_175_b,Kepler-175 b,Kepler_175,0.105,0,88.78,11.9035,2.56,7.08,827,2014
Kepler_175_c,Kepler-175 c,Kepler_175,0.213,0,89.23,34.0353,3.1,9.8,583,2014
Kepler_1750_b,Kepler-1750 b,Kepler_1750,0.6785,0,89.93,205.912,6.00435,30.1,298,2021
Kepler_1751_b,Kepler-1751 b,Kepler_1751,0.0712,0,87.34,7.01731,1.82417,3.98,984,2021
Kepler_1752_b,Kepler-1752 b,Kepler_1752,0.2698,0,88.46,56.3585,4.5406,18.7,419,2021
Kepler_1753_b,Kepler-1753 b,Kepler_1753,0.1179,0,89,16.0046,2.22678,5.59,583,2021
Kepler_1754_b,Kepler-1754 b,Kepler_1754,0.0718,0,89.34,8.19595,2.43997,6.53,672,2021
Kepler_1755_b,Kepler-1755 b,Kepler_1755,0.1668,0,89.96,24.8121,5.91688,29.4,631,2021
Kepler_1756_b,Kepler-1756 b,Kepler_1756,0.0319,0,86.77,2.35575,1.472,2.77,1093,2021
Kepler_1757_b,Kepler-1757 b,Kepler_1757,0.1335,0,87.07,19.6564,2.9466,8.99,549,2021
Kepler_1758_b,Kepler-1758 b,Kepler_1758,0.0919,0,89.99,9.97721,2.5706,7.13,1028,2021
Kepler_1759_b,Kepler-1759 b,Kepler_1759,0.0429,0,88.63,3.72023,0.903779,0.676,954,2021
Kepler_176_b,Kepler-176 b,Kepler_176,0.058,0,86.69,5.43307,1.43,290.537,841,2014
Kepler_176_c,Kepler-176 c,Kepler_176,0.102,0,88.25,12.7597,2.6,1.33,633,2014
Kepler_176_d,Kepler-176 d,Kepler_176,0.163,0,89.53,25.752,2.51,1.72,501,2014
Kepler_176_e,Kepler-176 e,Kepler_176,0.25654,0,89.08,51.1658,1.45,0.52075,398,2016
Kepler_1760_b,Kepler-1760 b,Kepler_1760,0.2084,0,88.34,38.3261,2.28996,5.86,480,2021
Kepler_1761_b,Kepler-1761 b,Kepler_1761,0.0413,0,78.42,4.04354,1.3911,2.51,613,2021
Kepler_1762_b,Kepler-1762 b,Kepler_1762,0.204,0,89.78,29.5391,2.76023,8.05,714,2021
Kepler_1763_b,Kepler-1763 b,Kepler_1763,0.0257,0,89.28,1.48028,1.14651,1.59,1822,2021
Kepler_1764_b,Kepler-1764 b,Kepler_1764,0.3512,0,89.98,70.4683,4.55528,18.8,511,2021
Kepler_1765_b,Kepler-1765 b,Kepler_1765,0.0917,0,86.74,10.4189,2.49509,6.78,855,2021
Kepler_1766_b,Kepler-1766 b,Kepler_1766,0.4161,0,88.6,105.015,2.27905,5.81,406,2021
Kepler_1767_b,Kepler-1767 b,Kepler_1767,0.2873,0,88.38,59.6583,3.01299,9.34,393,2021
Kepler_1768_b,Kepler-1768 b,Kepler_1768,0.1286,0,89.44,15.1359,2.23346,5.62,933,2021
Kepler_1769_b,Kepler-1769 b,Kepler_1769,0.40598,0,89.99,89.1935,4.465,18.2,483,2021
Kepler_177_b,Kepler-177 b,Kepler_177,0.21101,0,89.93,36.8601,3.5,5.84,549,2013
Kepler_177_c,Kepler-177 c,Kepler_177,0.25655,0,88.795,49.4093,8.73,14.7,497,2013
Kepler_1770_b,Kepler-1770 b,Kepler_1770,0.1261,0,88.95,16.8419,2.84142,8.45,699,2021
Kepler_1771_b,Kepler-1771 b,Kepler_1771,0.3815,0,89.34,88.644,4.05537,15.5,391,2021
Kepler_1772_b,Kepler-1772 b,Kepler_1772,0.04391,0,63.99,3.21509,2.6861,7.68,1155,2021
Kepler_1773_b,Kepler-1773 b,Kepler_1773,0.24831,0,88.57,40.8097,3.50469,12.1,623,2021
Kepler_1774_b,Kepler-1774 b,Kepler_1774,0.29496,0,88.9,59.7708,3.1818,10.2,522,2021
Kepler_1775_b,Kepler-1775 b,Kepler_1775,0.39565,0,89.99,85.654,3.64762,12.9,522,2021
Kepler_1776_b,Kepler-1776 b,Kepler_1776,0.2093,0,88.69,35.0119,2.61157,7.33,603,2021
Kepler_1777_b,Kepler-1777 b,Kepler_1777,0.10301,0,88.36,12.1842,2.1319,5.19,819,2021
Kepler_1778_b,Kepler-1778 b,Kepler_1778,0.0956,0,85.49,10.0874,3.01666,9.36,942,2021
Kepler_1779_b,Kepler-1779 b,Kepler_1779,0.1264,0,87.56,16.3436,3.03296,9.44,730,2021
Kepler_178_b,Kepler-178 b,Kepler_178,0.085,0,89.89,9.57669,2.9,8.75,846,2014
Kepler_178_c,Kepler-178 c,Kepler_178,0.142,0,89.47,20.5528,2.88,8.65,656,2014
Kepler_178_d,Kepler-178 d,Kepler_178,0.397,0,89.85,96.679,3.95,14.8,392,2014
Kepler_1780_b,Kepler-1780 b,Kepler_1780,0.4276,0,89.96,109.445,3.60601,12.7,340,2021
Kepler_1781_b,Kepler-1781 b,Kepler_1781,0.0574,0,89.55,4.88753,2.38091,6.26,1003,2021
Kepler_1782_b,Kepler-1782 b,Kepler_1782,0.05825,0,87.61,5.75623,2.22927,5.6,773,2021
Kepler_1783_b,Kepler-1783 b,Kepler_1783,0.07595,0,89.35,8.27744,1.31947,2.3,1088,2021
Kepler_1784_b,Kepler-1784 b,Kepler_1784,0.1072,0,89.51,13.5905,2.79936,8.24,724,2021
Kepler_1785_b,Kepler-1785 b,Kepler_1785,0.13917,0,88.19,19.5855,2.70422,7.77,666,2021
Kepler_1786_b,Kepler-1786 b,Kepler_1786,0.35722,0,89.96,78.5461,3.16306,10.1,501,2021
Kepler_1787_b,Kepler-1787 b,Kepler_1787,0.227,0,89.99,39.3137,2.31898,5.99,540,2021
Kepler_1788_b,Kepler-1788 b,Kepler_1788,0.0343,0,86.54,2.80012,2.3785,6.25,956,2021
Kepler_1789_b,Kepler-1789 b,Kepler_1789,0.3543,0,89.19,80.2319,2.83138,8.4,380,2021
Kepler_179_b,Kepler-179 b,Kepler_179,0.036,0,89,2.73593,1.64,3.33,1075,2014
Kepler_179_c,Kepler-179 c,Kepler_179,0.064,0,85.83,6.40013,2,4.66,810,2014
Kepler_1790_b,Kepler-1790 b,Kepler_1790,0.20989,0,89.84,31.5889,3.14461,10,682,2021
Kepler_1791_b,Kepler-1791 b,Kepler_1791,0.0761,0,84.91,7.72086,3.12103,9.91,1021,2021
Kepler_1792_b,Kepler-1792 b,Kepler_1792,0.0488,0,87.73,4.19578,2.51991,6.89,1047,2021
Kepler_1793_b,Kepler-1793 b,Kepler_1793,0.0787,0,88.54,8.78,3.79038,13.8,713,2021
Kepler_1794_b,Kepler-1794 b,Kepler_1794,0.0821,0,88.68,9.76298,1.79426,3.87,703,2021
Kepler_1795_b,Kepler-1795 b,Kepler_1795,0.1002,0,89.04,13.3602,1.66302,3.4,520,2021
Kepler_1796_b,Kepler-1796 b,Kepler_1796,0.1879,0,89.98,29.4558,2.75048,8,598,2021
Kepler_1797_b,Kepler-1797 b,Kepler_1797,0.1637,0,86.07,23.3594,3.05774,9.58,684,2021
Kepler_1798_b,Kepler-1798 b,Kepler_1798,0.1082,0,89.96,16.8559,2.30911,5.94,408,2021
Kepler_1799_b,Kepler-1799 b,Kepler_1799,0.1028,0,89.99,11.9297,4.12801,15.9,770,2021
Kepler_18_b,Kepler-18 b,Kepler_18,0.0447,0,84.92,3.50473,2,6.9,1165,2011
Kepler_18_c,Kepler-18 c,Kepler_18,0.0752,0,87.68,7.64159,5.49,17.3,899,2011
Kepler_18_d,Kepler-18 d,Kepler_18,0.1172,0,88.07,14.8589,6.98,16.4,720,2011
Kepler_180_b,Kepler-180 b,Kepler_180,0.109,0,83.04,13.8171,1.5,2.86,781,2014
Kepler_180_c,Kepler-180 c,Kepler_180,0.229,0,87.62,41.8858,3.01,9.32,540,2014
Kepler_1800_b,Kepler-1800 b,Kepler_1800,0.05098,0,79.48,4.56203,0.996797,0.961,1533,2021
Kepler_1801_b,Kepler-1801 b,Kepler_1801,0.0915,0,84.89,10.4409,2.70926,7.8,829,2021
Kepler_1801_c,Kepler-1801 c,Kepler_1801,0.4572,0,89.74,116.583,2.91,8.8,371,2023
Kepler_1802_b,Kepler-1802 b,Kepler_1802,0.0662,0,84.97,15.4502,1.671,3.43,581,2021
Kepler_1802_c,Kepler-1802 c,Kepler_1802,0.1748,0,88.87,33.1361,2.322,6,357,2021
Kepler_1804_b,Kepler-1804 b,Kepler_1804,0.1017,0,88.64,12.2885,1.59616,3.18,913,2021
Kepler_1805_b,Kepler-1805 b,Kepler_1805,0.0699,0,89.92,8.84794,1.54503,3,479,2021
Kepler_1806_b,Kepler-1806 b,Kepler_1806,0.0813,0,88.82,9.03332,2.3556,6.15,729,2021
Kepler_1807_b,Kepler-1807 b,Kepler_1807,0.0988,0,89.58,10.8606,2.70393,7.77,1108,2021
Kepler_1808_b,Kepler-1808 b,Kepler_1808,0.1467,0,89.83,23.3404,3.02511,9.4,601,2021
Kepler_1809_b,Kepler-1809 b,Kepler_1809,0.04444,0,88.7,3.7573,1.513,2.9,877,2021
Kepler_181_b,Kepler-181 b,Kepler_181,0.04,0,87.72,3.13787,1.27,2.15,1041,2014
Kepler_181_c,Kepler-181 c,Kepler_181,0.049,0,87.09,4.30215,1.99,4.62,937,2014
Kepler_1810_b,Kepler-1810 b,Kepler_1810,0.4137,0,89.98,101.133,3.91815,14.6,380,2021
Kepler_1811_b,Kepler-1811 b,Kepler_1811,0.3462,0,89.99,76.4223,3.8483,14.1,455,2021
Kepler_1812_b,Kepler-1812 b,Kepler_1812,0.0765,0,89.75,7.16522,2.32494,6.01,1034,2021
Kepler_1813_b,Kepler-1813 b,Kepler_1813,0.0364,0,88.52,2.81816,1.413,2.58,1059,2021
Kepler_1814_c,Kepler-1814 c,Kepler_1814,0.0133,0,81.02,0.626282,1.76,3.75,1711,2023
Kepler_1814_b,Kepler-1814 b,Kepler_1814,0.03765,0,84.29,2.93536,2.36961,6.21,1022,2021
Kepler_1815_b,Kepler-1815 b,Kepler_1815,0.0984,0,89.9,12.1914,2.74893,7.99,763,2021
Kepler_1816_b,Kepler-1816 b,Kepler_1816,0.35647,0,89.99,91.501,1.96794,4.53,310,2021
Kepler_1817_b,Kepler-1817 b,Kepler_1817,0.2348,0,89.46,44.2992,2.27349,5.79,463,2021
Kepler_1818_b,Kepler-1818 b,Kepler_1818,0.055,0,88.31,4.64491,1.71361,3.58,1209,2021
Kepler_1819_b,Kepler-1819 b,Kepler_1819,0.1337,0,87.38,16.4869,3.90351,14.5,760,2021
Kepler_182_b,Kepler-182 b,Kepler_182,0.096,0,83.03,9.82579,2.58,7.18,935,2014
Kepler_182_c,Kepler-182 c,Kepler_182,0.157,0,88.74,20.6843,3.43,11.6,729,2014
Kepler_1820_b,Kepler-1820 b,Kepler_1820,0.1964,0,89.38,31.0325,3.11883,9.9,561,2021
Kepler_1821_b,Kepler-1821 b,Kepler_1821,0.1244,0,89.9,16.4581,2.59248,7.24,644,2021
Kepler_1822_b,Kepler-1822 b,Kepler_1822,0.1416,0,89.98,22.1334,2.64756,7.5,507,2021
Kepler_1823_b,Kepler-1823 b,Kepler_1823,0.15332,0,89.91,21.1034,2.08613,5,718,2021
Kepler_1824_b,Kepler-1824 b,Kepler_1824,0.4267,0,89.97,95.611,2.38128,6.26,421,2021
Kepler_1825_b,Kepler-1825 b,Kepler_1825,0.0187,0,83.02,1.02587,1.42201,2.61,1520,2021
Kepler_1826_b,Kepler-1826 b,Kepler_1826,0.0213,0,78.69,1.61536,1.47519,2.78,806,2021
Kepler_1827_b,Kepler-1827 b,Kepler_1827,0.04647,0,79.31,3.70062,1.85644,4.1,1329,2021
Kepler_1828_b,Kepler-1828 b,Kepler_1828,0.0924,0,89.71,10.2738,2.11599,5.13,799,2021
Kepler_1829_b,Kepler-1829 b,Kepler_1829,0.0559,0,88.44,5.18672,2.47887,6.71,860,2021
Kepler_183_b,Kepler-183 b,Kepler_183,0.064,0,87.45,5.68795,2.06,4.9,1088,2014
Kepler_183_c,Kepler-183 c,Kepler_183,0.103,0,89.86,11.6371,2.27,35.7,857,2014
Kepler_1830_b,Kepler-1830 b,Kepler_1830,0.31769,0,88.89,56.4933,3.32993,11.1,681,2021
Kepler_1831_b,Kepler-1831 b,Kepler_1831,0.0655,0,89.59,5.78387,1.9702,4.54,1051,2021
Kepler_1832_b,Kepler-1832 b,Kepler_1832,0.037,0,88.1,3.13879,1.2272,2.02,1022,2021
Kepler_1833_b,Kepler-1833 b,Kepler_1833,0.07545,0,88.81,6.89213,1.30027,2.24,1177,2021
Kepler_1834_c,Kepler-1834 c,Kepler_1834,0.015,0,84.94,0.766692,1.22,1.98,1541,2023
Kepler_1834_b,Kepler-1834 b,Kepler_1834,0.04911,0,89.69,4.60301,1.45938,2.73,848,2021
Kepler_1835_b,Kepler-1835 b,Kepler_1835,0.0997,0,84.85,11.9641,3.53388,12.2,808,2021
Kepler_1836_b,Kepler-1836 b,Kepler_1836,0.0602,0,89.97,5.25417,2.55303,7.05,1093,2021
Kepler_1837_b,Kepler-1837 b,Kepler_1837,0.065,0,89.93,5.90609,2.06674,4.92,1012,2021
Kepler_1838_b,Kepler-1838 b,Kepler_1838,0.11082,0,86.45,12.1468,1.66049,3.4,1097,2021
Kepler_1839_b,Kepler-1839 b,Kepler_1839,0.0583,0,85.55,5.05676,1.94938,4.46,1049,2021
Kepler_184_b,Kepler-184 b,Kepler_184,0.092,0,86.89,10.6876,2.36,6.17,780,2014
Kepler_184_c,Kepler-184 c,Kepler_184,0.141,0,87.96,20.303,1.97,8.8,630,2014
Kepler_184_d,Kepler-184 d,Kepler_184,0.179,0,88.09,29.0224,2.49,6.76,559,2014
Kepler_1840_b,Kepler-1840 b,Kepler_1840,0.46206,0,89.97,131.19,2.77771,8.13,284,2021
Kepler_1841_b,Kepler-1841 b,Kepler_1841,0.1606,0,87.16,25.886,1.48913,2.82,542,2021
Kepler_1842_b,Kepler-1842 b,Kepler_1842,0.116,0,88.86,14.0264,2.35389,6.14,822,2021
Kepler_1843_b,Kepler-1843 b,Kepler_1843,0.17871,0,88.78,25.5434,2.7091,7.8,772,2021
Kepler_1844_b,Kepler-1844 b,Kepler_1844,0.0478,0,89.22,3.92451,3.03648,9.46,1074,2021
Kepler_1845_b,Kepler-1845 b,Kepler_1845,0.0885,0,89.97,11.6065,2.43837,6.52,584,2021
Kepler_1846_b,Kepler-1846 b,Kepler_1846,0.11054,0,89.88,14.8201,1.76379,3.76,552,2021
Kepler_1847_b,Kepler-1847 b,Kepler_1847,0.0989,0,88.66,11.1297,2.74517,7.97,843,2021
Kepler_1848_b,Kepler-1848 b,Kepler_1848,0.05835,0,88.25,5.60402,1.40885,2.57,774,2021
Kepler_1849_b,Kepler-1849 b,Kepler_1849,0.2597,0,89.99,57.2929,2.38685,6.29,355,2021
Kepler_185_b,Kepler-185 b,Kepler_185,0.026,0,89.04,1.6329,1.17,1.71,1237,2014
Kepler_185_c,Kepler-185 c,Kepler_185,0.139,0,89.34,20.729,2.02,4.74,530,2014
Kepler_1850_b,Kepler-1850 b,Kepler_1850,0.0206,0,86.72,1.3858,0.729097,0.313,1008,2021
Kepler_1851_b,Kepler-1851 b,Kepler_1851,0.1016,0,87.95,12.0229,3.90012,14.5,776,2021
Kepler_1852_b,Kepler-1852 b,Kepler_1852,0.0762,0,87.65,7.97094,1.88611,4.22,760,2021
Kepler_1853_b,Kepler-1853 b,Kepler_1853,0.2395,0,86.81,48.8882,1.51862,2.92,386,2021
Kepler_1854_b,Kepler-1854 b,Kepler_1854,0.20894,0,89.89,39.8311,2.58746,7.21,420,2021
Kepler_1855_b,Kepler-1855 b,Kepler_1855,0.0115,0,88.7,0.727331,1.2162,1.96,849,2021
Kepler_1856_b,Kepler-1856 b,Kepler_1856,0.0215,0,87.69,1.302,1.73448,3.66,1344,2021
Kepler_1857_b,Kepler-1857 b,Kepler_1857,0.08308,0,89.66,8.94341,1.96065,4.5,946,2021
Kepler_1858_b,Kepler-1858 b,Kepler_1858,0.3575,0,89.79,88.0716,2.42168,6.44,330,2021
Kepler_1859_b,Kepler-1859 b,Kepler_1859,0.0394,0,85.66,2.7296,1.58314,3.13,1455,2021
Kepler_1859_c,Kepler-1859 c,Kepler_1859,0.0473,0,83.31,3.59645,1.66,3.39,1327,2023
Kepler_186_b,Kepler-186 b,Kepler_186,0.0343,0,89.6,3.88679,1.07,1.24,571,2014
Kepler_186_c,Kepler-186 c,Kepler_186,0.0451,0,89.9,7.2673,1.25,2.1,464,2014
Kepler_186_d,Kepler-186 d,Kepler_186,0.0781,0,89.1,13.343,1.4,2.54,379,2014
Kepler_186_e,Kepler-186 e,Kepler_186,0.11,0,89.84,22.4077,1.27,2.15,319,2014
Kepler_186_f,Kepler-186 f,Kepler_186,0.432,0.04,89.96,129.944,1.17,1.71,177,2014
Kepler_1860_b,Kepler-1860 b,Kepler_1860,0.10625,0,89.24,12.7372,1.13864,1.55,697,2021
Kepler_1861_b,Kepler-1861 b,Kepler_1861,0.24082,0,89.7,40.0306,2.20677,5.5,617,2021
Kepler_1862_b,Kepler-1862 b,Kepler_1862,0.1199,0,87.2,16.0573,2.203,5.49,645,2021
Kepler_1863_b,Kepler-1863 b,Kepler_1863,0.23678,0,86.35,44.9976,2.26309,5.74,508,2021
Kepler_1864_b,Kepler-1864 b,Kepler_1864,0.049,0,88.66,3.88151,0.754084,0.353,1156,2021
Kepler_1865_b,Kepler-1865 b,Kepler_1865,0.0344,0,89.73,2.52401,1.57686,3.11,1203,2021
Kepler_1866_b,Kepler-1866 b,Kepler_1866,0.1016,0,76.07,11.6601,2.08215,4.99,834,2021
Kepler_1867_b,Kepler-1867 b,Kepler_1867,0.0872,0,88.68,9.88736,1.15986,1.65,768,2021
Kepler_1868_b,Kepler-1868 b,Kepler_1868,0.62348,0,89.69,211.034,3.1495,10.1,215,2021
Kepler_1869_c,Kepler-1869 c,Kepler_1869,0.028,0,81.38,1.71683,0.74,0.33,1455,2023
Kepler_1869_b,Kepler-1869 b,Kepler_1869,0.07976,0,86.03,8.16736,1.11955,1.46,865,2021
Kepler_187_b,Kepler-187 b,Kepler_187,0.059,0,84.67,4.93886,1.41,2.57,1244,2014
Kepler_187_c,Kepler-187 c,Kepler_187,0.099,0,85.61,10.6403,2.67,7.61,963,2014
Kepler_1870_b,Kepler-1870 b,Kepler_1870,0.0452,0,86.68,3.60694,2.10144,5.07,1046,2021
Kepler_1871_b,Kepler-1871 b,Kepler_1871,0.0308,0,80.96,1.9527,2.42173,6.44,1403,2021
Kepler_1872_b,Kepler-1872 b,Kepler_1872,0.0465,0,81.86,3.82591,2.38421,6.28,1005,2021
Kepler_1873_b,Kepler-1873 b,Kepler_1873,0.0128,0,86.65,0.558842,1.62574,3.28,1787,2021
Kepler_1874_b,Kepler-1874 b,Kepler_1874,0.2633,0,88.76,56.5732,2.21111,5.52,356,2021
Kepler_1875_b,Kepler-1875 b,Kepler_1875,0.2039,0,88.74,34.4586,3.22687,10.5,559,2021
Kepler_1876_b,Kepler-1876 b,Kepler_1876,0.0758,0.098,89.13,6.99205,0.853,2.4,1299,2021
Kepler_1877_b,Kepler-1877 b,Kepler_1877,0.03472,0,88.09,2.37757,0.624086,0.179,1278,2021
Kepler_1878_b,Kepler-1878 b,Kepler_1878,0.0521,0,86.18,4.44588,2.9202,8.86,1063,2021
Kepler_1879_b,Kepler-1879 b,Kepler_1879,0.0957,0,89.57,10.6134,2.06512,4.92,987,2021
Kepler_188_b,Kepler-188 b,Kepler_188,0.032,0,85.54,2.0619,1.68,3.46,1463,2014
Kepler_188_c,Kepler-188 c,Kepler_188,0.066,0,87.63,5.99655,3.19,10.3,1025,2014
Kepler_1880_b,Kepler-1880 b,Kepler_1880,0.054,0,89.82,6.30922,2.11686,5.13,606,2021
Kepler_1881_b,Kepler-1881 b,Kepler_1881,0.53325,0,89.96,159.394,2.98104,9.17,289,2021
Kepler_1882_b,Kepler-1882 b,Kepler_1882,0.11636,0,83.09,13.7873,1.48674,2.81,894,2021
Kepler_1883_b,Kepler-1883 b,Kepler_1883,0.4438,0,90,103.427,3.25107,10.6,416,2021
Kepler_1884_b,Kepler-1884 b,Kepler_1884,0.0845,0,81.14,8.98832,1.81407,3.95,864,2021
Kepler_1885_b,Kepler-1885 b,Kepler_1885,0.036,0,63.8,2.52256,1.51111,2.89,1205,2021
Kepler_1886_b,Kepler-1886 b,Kepler_1886,0.16,0,89.32,24.2758,2.58158,7.18,580,2021
Kepler_1887_b,Kepler-1887 b,Kepler_1887,0.1421,0,89.94,19.9475,2.92454,8.88,625,2021
Kepler_1888_b,Kepler-1888 b,Kepler_1888,0.0956,0,84.87,11.3917,1.32579,2.32,886,2021
Kepler_1889_b,Kepler-1889 b,Kepler_1889,0.2082,0,87.03,37.3037,2.94361,8.98,493,2021
Kepler_189_b,Kepler-189 b,Kepler_189,0.088,0,87.28,10.3999,1.21,1.92,678,2014
Kepler_189_c,Kepler-189 c,Kepler_189,0.137,0,88.28,20.1349,2.38,22.7,544,2014
Kepler_1890_b,Kepler-1890 b,Kepler_1890,0.05712,0,77.54,4.82059,0.868674,0.587,1328,2021
Kepler_1891_b,Kepler-1891 b,Kepler_1891,0.0473,0,88.3,4.02229,1.52139,2.93,1017,2021
Kepler_1892_b,Kepler-1892 b,Kepler_1892,0.0633,0,89.7,6.33123,1.83708,4.03,822,2021
Kepler_1893_b,Kepler-1893 b,Kepler_1893,0.0504,0,88.44,4.17937,1.70557,3.55,1194,2021
Kepler_1894_b,Kepler-1894 b,Kepler_1894,0.0385,0,87.48,2.76266,1.20118,1.87,1231,2021
Kepler_1894_c,Kepler-1894 c,Kepler_1894,0.0576,0,87.71,5.05369,1.21,1.92,1007,2023
Kepler_1895_b,Kepler-1895 b,Kepler_1895,0.0615,0,89.17,6.07029,2.11935,5.14,789,2021
Kepler_1896_b,Kepler-1896 b,Kepler_1896,0.2529,0,89.67,44.8702,3.09936,9.8,536,2021
Kepler_1897_b,Kepler-1897 b,Kepler_1897,0.1546,0,89.97,24.2203,2.81408,8.32,505,2021
Kepler_1898_b,Kepler-1898 b,Kepler_1898,0.05063,0,89.51,4.76562,0.933535,0.76,1167,2021
Kepler_1899_b,Kepler-1899 b,Kepler_1899,0.0457,0,86.6,4.09578,1.55098,3.02,851,2021
Kepler_19_b,Kepler-19 b,Kepler_19,0.0846,0.41,89.94,9.28699,2.209,6.1,851,2011
Kepler_19_c,Kepler-19 c,Kepler_19,0.176574,0.21,90,28.731,3.68,13.1,589.64,2011
Kepler_19_d,Kepler-19 d,Kepler_19,-1,0.05,90,62.95,5.06,22.5,-1,2017
Kepler_190_b,Kepler-190 b,Kepler_190,0.03,0,86.2,2.02,1.56,3.05,1166,2014
Kepler_190_c,Kepler-190 c,Kepler_190,0.045,0,86.43,3.76302,1.46,2.73,948,2014
Kepler_1900_b,Kepler-1900 b,Kepler_1900,0.042,0,88.11,2.98623,1.62315,3.27,1356,2021
Kepler_1901_b,Kepler-1901 b,Kepler_1901,0.0453,0,89.68,3.48413,1.47419,2.77,1132,2021
Kepler_1902_b,Kepler-1902 b,Kepler_1902,0.0385,0,86.19,3.82222,1.17564,1.74,601,2021
Kepler_1903_b,Kepler-1903 b,Kepler_1903,0.1321,0,89.72,17.0679,2.28642,5.85,769,2021
Kepler_1904_b,Kepler-1904 b,Kepler_1904,0.0436,0,89.48,4.57702,1.3905,2.51,567,2021
Kepler_1905_b,Kepler-1905 b,Kepler_1905,0.0451,0,89.16,3.42393,1.44607,2.69,1212,2021
Kepler_1906_b,Kepler-1906 b,Kepler_1906,0.0738,0,89.65,7.36269,2.77616,8.13,901,2021
Kepler_1907_b,Kepler-1907 b,Kepler_1907,0.05444,0,85,5.65245,0.86973,0.589,856,2021
Kepler_1907_c,Kepler-1907 c,Kepler_1907,0.10371,0,84.23,14.8639,1.15547,1.63,620,2021
Kepler_1909_b,Kepler-1909 b,Kepler_1909,0.0306,0,88.15,2.39161,1.09217,1.33,1031,2021
Kepler_191_d,Kepler-191 d,Kepler_191,0.06104,0,86.24,5.94504,2.28,5.82,857,2016
Kepler_191_b,Kepler-191 b,Kepler_191,0.087,0,84.14,9.93963,1.34,2.36,722,2014
Kepler_191_c,Kepler-191 c,Kepler_191,0.128,0,88.16,17.7385,1.86,4.12,596,2014
Kepler_1910_b,Kepler-1910 b,Kepler_1910,0.0536,0,88.6,5.68877,1.184,1.78,645,2021
Kepler_1911_b,Kepler-1911 b,Kepler_1911,0.0636,0,84.42,5.9908,1.011,1.01,987,2021
Kepler_1912_b,Kepler-1912 b,Kepler_1912,0.06489,0,89.19,6.05922,1.35671,2.41,976,2021
Kepler_1913_b,Kepler-1913 b,Kepler_1913,0.1209,0,87.66,14.196,1.51852,2.92,818,2021
Kepler_1914_b,Kepler-1914 b,Kepler_1914,0.1954,0,89.98,30.8279,2.94298,8.97,585,2021
Kepler_1915_b,Kepler-1915 b,Kepler_1915,0.114,0,84.1,13.8354,3.21798,10.4,809,2021
Kepler_1916_b,Kepler-1916 b,Kepler_1916,0.2053,0,89.98,31.2543,2.61757,7.35,635,2021
Kepler_1917_b,Kepler-1917 b,Kepler_1917,0.103,0,89.42,12.9024,1.88971,4.23,675,2021
Kepler_1918_b,Kepler-1918 b,Kepler_1918,0.2524,0,89.71,47.0564,2.29763,5.89,497,2021
Kepler_1919_b,Kepler-1919 b,Kepler_1919,0.2107,0,89.97,37.8866,2.62391,7.38,479,2021
Kepler_192_d,Kepler-192 d,Kepler_192,0.0686,0,85.94,6.47028,1.02,1.04,926,2016
Kepler_192_b,Kepler-192 b,Kepler_192,0.09,0,87.77,9.92675,2.74,7.95,803,2014
Kepler_192_c,Kepler-192 c,Kepler_192,0.15,0,87.86,21.2234,2.79,8.2,623,2014
Kepler_1920_b,Kepler-1920 b,Kepler_1920,0.2043,0,89.94,30.2541,2.95416,9.03,660,2021
Kepler_1921_c,Kepler-1921 c,Kepler_1921,0.0454,0,89.99,3.15722,1.41,2.57,1791,2023
Kepler_1921_b,Kepler-1921 b,Kepler_1921,0.15865,0,89.53,20.0348,2.89459,8.72,967,2021
Kepler_1922_b,Kepler-1922 b,Kepler_1922,0.1077,0,83.99,13.2226,2.29065,5.86,740,2021
Kepler_1923_b,Kepler-1923 b,Kepler_1923,0.2846,0,89.88,52.6097,1.95958,4.5,553,2021
Kepler_1924_b,Kepler-1924 b,Kepler_1924,0.1216,0,86.55,15.3317,2.65447,7.53,821,2021
Kepler_1925_b,Kepler-1925 b,Kepler_1925,0.2588,0,89.68,46.7164,3.00178,9.28,531,2021
Kepler_1926_b,Kepler-1926 b,Kepler_1926,0.2197,0,89.99,42.8777,2.31496,5.97,451,2021
Kepler_1927_b,Kepler-1927 b,Kepler_1927,0.38733,0,89.83,73.7504,3.40627,11.5,677,2021
Kepler_1928_b,Kepler-1928 b,Kepler_1928,0.194,0.43,88.92,19.5778,1.992,4.63,621,2021
Kepler_1929_b,Kepler-1929 b,Kepler_1929,0.30883,0,90,59.3625,3.07251,9.65,566,2021
Kepler_193_b,Kepler-193 b,Kepler_193,0.106,0,89.4,11.3885,2.39,6.3,979,2014
Kepler_193_c,Kepler-193 c,Kepler_193,0.286,0,89.88,50.6975,2.75,8,595,2014
Kepler_1930_b,Kepler-1930 b,Kepler_1930,0.10233,0,89.01,13.0268,1.52956,2.95,643,2021
Kepler_1931_b,Kepler-1931 b,Kepler_1931,0.23329,0,89.94,38.5761,2.65324,7.53,619,2021
Kepler_1932_b,Kepler-1932 b,Kepler_1932,0.0123,0,86.42,0.524177,1.51482,2.91,1891,2021
Kepler_1933_b,Kepler-1933 b,Kepler_1933,0.05605,0,79.91,4.94329,1.17984,1.76,1058,2021
Kepler_1934_b,Kepler-1934 b,Kepler_1934,0.02466,0,83.77,1.41976,0.913077,0.702,1700,2021
Kepler_1935_b,Kepler-1935 b,Kepler_1935,0.0463,0,79.61,3.9514,2.50272,6.82,1083,2021
Kepler_1936_b,Kepler-1936 b,Kepler_1936,0.52662,0,88.63,126.557,3.16616,10.2,524,2021
Kepler_1937_b,Kepler-1937 b,Kepler_1937,0.0915,0,89.82,9.6886,3.02291,9.39,1014,2021
Kepler_1938_b,Kepler-1938 b,Kepler_1938,0.0938,0,89.76,13.0626,1.82829,4,527,2021
Kepler_1939_b,Kepler-1939 b,Kepler_1939,0.0334,0,87.73,2.79066,1.16481,1.68,816,2021
Kepler_194_b,Kepler-194 b,Kepler_194,0.032,0,87.62,2.09228,1.51,2.89,1648,2014
Kepler_194_c,Kepler-194 c,Kepler_194,0.131,0,90,17.308,2.59,7.22,815,2014
Kepler_194_d,Kepler-194 d,Kepler_194,0.275,0,90,52.815,2.4,6.35,562,2014
Kepler_1940_b,Kepler-1940 b,Kepler_1940,0.0525,0,88.69,4.95061,1.54732,3.01,885,2021
Kepler_1941_b,Kepler-1941 b,Kepler_1941,0.2054,0,88.6,31.3351,2.64977,7.51,666,2021
Kepler_1942_b,Kepler-1942 b,Kepler_1942,0.0516,0,88.9,4.62605,2.11703,5.13,1012,2021
Kepler_1943_b,Kepler-1943 b,Kepler_1943,0.05975,0,56.15,4.85018,1.54869,3.02,1098,2021
Kepler_1944_b,Kepler-1944 b,Kepler_1944,0.0918,0,89.71,9.84258,2.75971,8.05,801,2021
Kepler_1945_b,Kepler-1945 b,Kepler_1945,0.0597,0,89.58,6.08004,1.289,2.21,808,2021
Kepler_1946_b,Kepler-1946 b,Kepler_1946,0.0394,0,86.14,3.03519,2.48813,6.75,1143,2021
Kepler_1947_b,Kepler-1947 b,Kepler_1947,0.07375,0,89.69,6.96363,1.01017,1.01,1298,2021
Kepler_1948_b,Kepler-1948 b,Kepler_1948,0.1022,0,89.64,15.5713,1.03283,1.09,399,2021
Kepler_1949_b,Kepler-1949 b,Kepler_1949,0.0352,0,88,2.20828,2.21965,5.56,1709,2021
Kepler_195_b,Kepler-195 b,Kepler_195,0.077,0,89.95,8.30787,2.03,4.78,751,2014
Kepler_195_c,Kepler-195 c,Kepler_195,0.197,0,89.65,34.0969,1.55,3.02,469,2014
Kepler_1950_b,Kepler-1950 b,Kepler_1950,0.0871,0,89.87,10.7769,1.52696,2.95,752,2021
Kepler_1951_b,Kepler-1951 b,Kepler_1951,0.1435,0,89.39,20.6578,2.32107,6,728,2021
Kepler_1952_b,Kepler-1952 b,Kepler_1952,0.1724,0,80.02,27.2108,1.23923,2.07,725,2021
Kepler_1953_b,Kepler-1953 b,Kepler_1953,0.0607,0,87.87,6.24566,1.28575,2.2,731,2021
Kepler_1954_b,Kepler-1954 b,Kepler_1954,0.0625,0,88.75,5.88343,1.80236,3.9,949,2021
Kepler_1955_b,Kepler-1955 b,Kepler_1955,0.11959,0,89.29,14.2652,1.16655,1.69,853,2021
Kepler_1956_b,Kepler-1956 b,Kepler_1956,0.0563,0,89.54,5.94372,1.0894,1.32,674,2021
Kepler_1957_b,Kepler-1957 b,Kepler_1957,0.0299,0,82.31,2.18662,0.943749,0.79,1099,2021
Kepler_1958_b,Kepler-1958 b,Kepler_1958,0.0856,0,89.96,9.32862,2.05124,4.86,806,2021
Kepler_1959_b,Kepler-1959 b,Kepler_1959,0.0617,0,89.98,6.38669,1.14316,1.57,811,2021
Kepler_196_b,Kepler-196 b,Kepler_196,0.138,0,88.68,20.7399,1.9,4.27,536,2014
Kepler_196_c,Kepler-196 c,Kepler_196,0.24,0,89.27,47.4277,2.24,5.65,407,2014
Kepler_196_d,Kepler-196 d,Kepler_196,0.4545,0,89.4,122.08,2.66066,7.56,297,2021
Kepler_1960_b,Kepler-1960 b,Kepler_1960,0.0354,0,89.01,2.29794,1.3075,2.26,1547,2021
Kepler_1961_b,Kepler-1961 b,Kepler_1961,0.0588,0,89.14,5.60471,1.61878,3.25,866,2021
Kepler_1962_b,Kepler-1962 b,Kepler_1962,0.0783,0,81.62,7.99146,1.21464,1.95,901,2021
Kepler_1963_b,Kepler-1963 b,Kepler_1963,0.02915,0,89.06,1.96226,0.74437,0.337,1448,2021
Kepler_1964_b,Kepler-1964 b,Kepler_1964,0.0322,0,75.89,2.44083,1.78106,3.83,986,2021
Kepler_1965_b,Kepler-1965 b,Kepler_1965,0.22971,0,87.73,41.8687,1.35415,2.4,492,2021
Kepler_1966_b,Kepler-1966 b,Kepler_1966,0.0763,0,89.86,8.61743,1.10479,1.39,733,2021
Kepler_1967_b,Kepler-1967 b,Kepler_1967,0.06686,0,84.96,7.28169,0.730226,0.315,1086,2021
Kepler_1968_b,Kepler-1968 b,Kepler_1968,0.0696,0,89.72,7.2811,1.50004,2.86,744,2021
Kepler_1969_b,Kepler-1969 b,Kepler_1969,0.0717,0,89.47,6.64752,1.68161,3.47,999,2021
Kepler_197_b,Kepler-197 b,Kepler_197,0.06,0.02,79.07,5.59931,1.02,1.04,1142,2014
Kepler_197_c,Kepler-197 c,Kepler_197,0.09,0.08,83.51,10.3497,1.23,5.3,930,2014
Kepler_197_d,Kepler-197 d,Kepler_197,0.119,0.03,84.55,15.6776,1.22,1.98,810,2014
Kepler_197_e,Kepler-197 e,Kepler_197,0.164,0.38,87.69,25.2097,0.91,0.693,691,2014
Kepler_1972_b,Kepler-1972 b,Kepler_1972,0.08006,0.067,87.62,7.54425,0.802,2.02,1084,2022
Kepler_1972_c,Kepler-1972 c,Kepler_1972,0.10493,0.043,87.13,11.3295,0.868,2.11,1215,2022
Kepler_1976_b,Kepler-1976 b,Kepler_1976,0.0565,0,86.15,4.95932,12.21,-1,1103,2023
Kepler_1977_b,Kepler-1977 b,Kepler_1977,0.0486,0,87.14,4.53702,1.66,3.39,798,2023
Kepler_1978_b,Kepler-1978 b,Kepler_1978,0.0914,0,88.49,10.8497,2.67,7.61,676,2023
Kepler_1979_b,Kepler-1979 b,Kepler_1979,0.1383,0,77.63,18.5085,29.33,-1,683,2023
Kepler_198_d,Kepler-198 d,Kepler_198,0.02342,0,88.78,1.31184,1.53,2.96,1562,2016
Kepler_198_b,Kepler-198 b,Kepler_198,0.131,0,89.66,17.79,2.82,8.35,655,2014
Kepler_198_c,Kepler-198 c,Kepler_198,0.259,0,89.06,49.5674,2.47,6.66,465,2014
Kepler_1980_b,Kepler-1980 b,Kepler_1980,0.2049,0,89.94,33.0257,2.21,5.52,564,2023
Kepler_1981_b,Kepler-1981 b,Kepler_1981,1.3292,0,89.78,453.542,9.23,62.5,390,2023
Kepler_1982_b,Kepler-1982 b,Kepler_1982,0.0511,0,89.7,3.82316,0.77,0.381,1282,2023
Kepler_1983_b,Kepler-1983 b,Kepler_1983,0.0689,0,85.76,7.32852,2.33,6.04,807,2023
Kepler_1984_b,Kepler-1984 b,Kepler_1984,0.0238,0,55.11,1.99281,6.81,37.3,675,2023
Kepler_1985_b,Kepler-1985 b,Kepler_1985,0.0426,0,82.03,3.42065,2.27,5.77,1129,2023
Kepler_1986_b,Kepler-1986 b,Kepler_1986,0.1307,0,89.05,19.549,1.89,4.23,579,2023
Kepler_1987_b,Kepler-1987 b,Kepler_1987,0.0318,0,89.81,2.34586,1.23,2.04,997,2023
Kepler_1987_c,Kepler-1987 c,Kepler_1987,0.0427,0,89.75,3.6483,1.33,2.33,860,2023
Kepler_1987_d,Kepler-1987 d,Kepler_1987,0.0571,0,88.57,5.64491,2.66,7.56,744,2023
Kepler_1987_e,Kepler-1987 e,Kepler_1987,0.0765,0,89.95,8.74292,1.92,4.35,643,2023
Kepler_1988_b,Kepler-1988 b,Kepler_1988,0.1038,0,79.67,11.495,1.53,2.96,1105,2023
Kepler_1989_b,Kepler-1989 b,Kepler_1989,0.0918,0,87.78,10.161,4.62,19.3,904,2023
Kepler_199_b,Kepler-199 b,Kepler_199,0.158,0,89.97,23.6376,3.11,9.85,595,2014
Kepler_199_c,Kepler-199 c,Kepler_199,0.316,0,88.93,67.0934,3.25,10.6,420,2014
Kepler_1990_b,Kepler-1990 b,Kepler_1990,0.0286,0,89.57,1.73514,3.27,10.7,1554,2023
Kepler_1990_c,Kepler-1990 c,Kepler_1990,0.0504,0,86.61,4.06845,0.98,0.904,1170,2023
Kepler_1991_b,Kepler-1991 b,Kepler_1991,0.1065,0,89.51,13.2608,1.47,2.76,760,2023
Kepler_1991_c,Kepler-1991 c,Kepler_1991,0.1528,0,89.94,22.7902,2.57,7.13,634,2023
Kepler_1992_b,Kepler-1992 b,Kepler_1992,0.1169,0,89.03,15.6112,0.91,0.693,637,2023
Kepler_1993_b,Kepler-1993 b,Kepler_1993,0.1943,0,88.72,26.6566,4.15,16.1,903,2023
Kepler_1994_b,Kepler-1994 b,Kepler_1994,0.053,0,89.95,4.61225,0.51,0.087,1032,2023
Kepler_1995_b,Kepler-1995 b,Kepler_1995,0.3259,0,89.74,73.7579,4.28,16.9,375,2023
Kepler_1996_b,Kepler-1996 b,Kepler_1996,0.1789,0,88.18,32.3762,2.26,5.73,392,2023
Kepler_1996_c,Kepler-1996 c,Kepler_1996,0.3608,0,89.19,92.7297,2.81,8.3,276,2023
Kepler_1997_b,Kepler-1997 b,Kepler_1997,0.1815,0,89.29,26.7576,2.28,5.82,660,2023
Kepler_1998_b,Kepler-1998 b,Kepler_1998,0.0405,0,88.93,3.03267,0.6,0.156,1187,2023
Kepler_1999_b,Kepler-1999 b,Kepler_1999,0.0713,0,82.59,8.73968,3.29,10.8,577,2023
Kepler_20_b,Kepler-20 b,Kepler_20,0.04565,0.083,87.36,3.6961,1.773,9.7,1187,2011
Kepler_20_e,Kepler-20 e,Kepler_20,0.0637,0.092,87.63,6.09849,0.821,0.76,1004,2011
Kepler_20_c,Kepler-20 c,Kepler_20,0.0936,0.076,89.815,10.8541,2.894,11.1,828,2011
Kepler_20_f,Kepler-20 f,Kepler_20,0.1387,0.094,88.788,19.5783,0.952,1.4,681,2011
Kepler_20_g,Kepler-20 g,Kepler_20,0.2055,0.15,90,34.94,4.71,19.96,524,2016
Kepler_20_d,Kepler-20 d,Kepler_20,0.3474,0.082,89.708,77.6115,2.606,13.4,430,2011
Kepler_200_b,Kepler-200 b,Kepler_200,0.08,0,87.84,8.5948,2.13,5.18,854,2014
Kepler_200_c,Kepler-200 c,Kepler_200,0.09,0,88.23,10.2222,1.59,3.15,806,2014
Kepler_2000_b,Kepler-2000 b,Kepler_2000,0.0562,0,89.61,6.38316,2.73,7.9,530,2023
Kepler_2000_c,Kepler-2000 c,Kepler_2000,0.1228,0,89.82,20.618,1.57,3.09,359,2023
Kepler_2001_b,Kepler-2001 b,Kepler_2001,0.0197,0,83.71,1.09001,1.04,1.12,1402,2023
Kepler_2001_c,Kepler-2001 c,Kepler_2001,0.1084,0,88.45,14.0926,1.82,3.97,597,2023
Kepler_201_b,Kepler-201 b,Kepler_201,0.175,0,87.2,25.6721,2.46,6.62,683,2014
Kepler_201_c,Kepler-201 c,Kepler_201,0.573,0,89.27,151.884,2.85,8.5,378,2014
Kepler_202_b,Kepler-202 b,Kepler_202,0.045,0,89.62,4.06943,1.63,3.29,802,2014
Kepler_202_c,Kepler-202 c,Kepler_202,0.113,0,89.46,16.2825,1.85,4.08,505,2014
Kepler_203_b,Kepler-203 b,Kepler_203,0.043,0,85.47,3.1627,2.57,7.13,1308,2014
Kepler_203_c,Kepler-203 c,Kepler_203,0.061,0,87.46,5.37065,2.47,749.9,1096,2014
Kepler_203_d,Kepler-203 d,Kepler_203,0.1,0,89.91,11.3297,1.44,33.9,855,2014
Kepler_204_b,Kepler-204 b,Kepler_204,0.117,0,86.44,14.401,2.53,6.94,828,2014
Kepler_204_c,Kepler-204 c,Kepler_204,0.173,0,87.88,25.6606,1.79,3.86,683,2014
Kepler_205_b,Kepler-205 b,Kepler_205,0.032,0,85.06,2.75564,1.51,2.89,757,2014
Kepler_205_c,Kepler-205 c,Kepler_205,0.122,0,89,20.3065,1.64,3.33,389,2014
Kepler_206_b,Kepler-206 b,Kepler_206,0.078,0,84.82,7.78199,1.2,1.87,983,2014
Kepler_206_c,Kepler-206 c,Kepler_206,0.111,0,86.45,13.1375,1.77,3.78,825,2014
Kepler_206_d,Kepler-206 d,Kepler_206,0.163,0,85.83,23.4428,1.19,1.81,681,2014
Kepler_207_b,Kepler-207 b,Kepler_207,0.029,0,73.17,1.61187,1.57,3.09,1930,2014
Kepler_207_c,Kepler-207 c,Kepler_207,0.044,0,74.56,3.07157,1.5,2.86,1556,2014
Kepler_207_d,Kepler-207 d,Kepler_207,0.068,0,83.38,5.86808,3.31,11,1254,2014
Kepler_208_b,Kepler-208 b,Kepler_208,0.054,0,89.94,4.22864,1.63,3.29,1379,2014
Kepler_208_c,Kepler-208 c,Kepler_208,0.079,0,88.98,7.46662,1.39,2.51,1141,2014
Kepler_208_d,Kepler-208 d,Kepler_208,0.103,0,89.02,11.1318,1.2,1.87,999,2014
Kepler_208_e,Kepler-208 e,Kepler_208,0.132,0,89.29,16.2595,1.48,2.79,880,2014
Kepler_209_b,Kepler-209 b,Kepler_209,0.122,0,88.05,16.0878,2.26,5.73,668,2014
Kepler_209_c,Kepler-209 c,Kepler_209,0.231,0,89.77,41.7499,3.1,9.8,486,2014
Kepler_21_b,Kepler-21 b,Kepler_21,0.0434,0,83.2,2.78582,1.639,7.5,2015,2012
Kepler_210_b,Kepler-210 b,Kepler_210,0.032,0,77.86,2.45323,2.94,8.96,737,2014
Kepler_210_c,Kepler-210 c,Kepler_210,0.07,0,85.73,7.97251,3.62,12.8,497,2014
Kepler_211_b,Kepler-211 b,Kepler_211,0.048,0,89.23,4.13858,1.26,2.13,954,2014
Kepler_211_c,Kepler-211 c,Kepler_211,0.062,0,88.58,6.04045,1.29,18.3,841,2014
Kepler_212_b,Kepler-212 b,Kepler_212,0.133,0,89.61,16.2576,1.09,1.32,830,2014
Kepler_212_c,Kepler-212 c,Kepler_212,0.207,0,86.65,31.8052,2.74,7.95,664,2014
Kepler_213_b,Kepler-213 b,Kepler_213,0.036,0,89.72,2.46236,1.62,3.26,1326,2014
Kepler_213_c,Kepler-213 c,Kepler_213,0.057,0,87.56,4.82296,2.34,6.08,1060,2014
Kepler_214_b,Kepler-214 b,Kepler_214,0.13,0,89.17,15.6605,2.61,7.32,758,2014
Kepler_214_c,Kepler-214 c,Kepler_214,0.194,0,86.15,28.7798,2.13,5.18,619,2014
Kepler_215_b,Kepler-215 b,Kepler_215,0.084,0,86.69,9.36067,1.62,3.26,784,2014
Kepler_215_c,Kepler-215 c,Kepler_215,0.113,0,88.61,14.6671,1.77,3.78,675,2014
Kepler_215_d,Kepler-215 d,Kepler_215,0.185,0,88.93,30.8644,2.39,23.6,527,2014
Kepler_215_e,Kepler-215 e,Kepler_215,0.314,0,89.68,68.161,1.75,3.71,405,2014
Kepler_216_b,Kepler-216 b,Kepler_216,0.079,0,88.11,7.69364,2.35,6.12,1069,2014
Kepler_216_c,Kepler-216 c,Kepler_216,0.136,0,89.94,17.4067,3.04,9.48,814,2014
Kepler_217_d,Kepler-217 d,Kepler_217,0.0534,0,89.75,3.8869,1.32,2.3,1574,2016
Kepler_217_b,Kepler-217 b,Kepler_217,0.065,0,88.73,5.37494,2.23,5.6,1413,2014
Kepler_217_c,Kepler-217 c,Kepler_217,0.089,0,86.96,8.586,1.85,4.08,1208,2014
Kepler_218_b,Kepler-218 b,Kepler_218,0.046,0,89.27,3.61934,1.48,2.79,1156,2014
Kepler_218_c,Kepler-218 c,Kepler_218,0.248,0,89.46,44.6996,3.14,10,500,2014
Kepler_218_d,Kepler-218 d,Kepler_218,0.49884,0,90,124.524,2.66,7.56,356,2016
Kepler_219_b,Kepler-219 b,Kepler_219,0.057,0,82.38,4.58551,2.95,9.01,1307,2014
Kepler_219_c,Kepler-219 c,Kepler_219,0.165,0,87.36,22.7146,3.58,12.5,766,2014
Kepler_219_d,Kepler-219 d,Kepler_219,0.272,0,88.02,47.9036,2.81,19.1,598,2014
Kepler_22_b,Kepler-22 b,Kepler_22,0.812,0.72,89.764,289.864,2.1,9.1,279,2011
Kepler_220_b,Kepler-220 b,Kepler_220,0.046,0,87.37,4.15981,0.81,0.457,759,2014
Kepler_220_c,Kepler-220 c,Kepler_220,0.076,0,88.12,9.0342,1.57,3.09,586,2014
Kepler_220_d,Kepler-220 d,Kepler_220,0.163,0,89.34,28.1224,0.98,0.904,401,2014
Kepler_220_e,Kepler-220 e,Kepler_220,0.226,0,89.74,45.9027,1.33,2.33,341,2014
Kepler_221_b,Kepler-221 b,Kepler_221,0.037,0,85.58,2.79591,1.71,5.95575,1090,2014
Kepler_221_c,Kepler-221 c,Kepler_221,0.059,0,87.76,5.69059,2.93,9.3,860,2014
Kepler_221_d,Kepler-221 d,Kepler_221,0.087,0,87.8,10.0416,2.73,3.61,712,2014
Kepler_221_e,Kepler-221 e,Kepler_221,0.13,0,87.37,18.3699,2.63,7.86706,582,2014
Kepler_222_b,Kepler-222 b,Kepler_222,0.048,0,85.63,3.93698,3.16,10.1,1004,2014
Kepler_222_c,Kepler-222 c,Kepler_222,0.091,0,87.6,10.0888,4.64,19.4,734,2014
Kepler_222_d,Kepler-222 d,Kepler_222,0.18,0,89.46,28.0819,3.69,13.2,522,2014
Kepler_223_b,Kepler-223 b,Kepler_223,0.07525,0.078,90,7.38449,2.99,7.4,1042,2014
Kepler_223_c,Kepler-223 c,Kepler_223,0.09117,0.15,90,9.84564,3.44,5.1,947,2014
Kepler_223_d,Kepler-223 d,Kepler_223,0.11956,0.037,87.94,14.7887,5.24,8,827,2014
Kepler_223_e,Kepler-223 e,Kepler_223,0.14481,0.051,88,19.7257,4.6,4.8,751,2014
Kepler_224_b,Kepler-224 b,Kepler_224,0.038,0,89.29,3.13292,1.39,2.51,937,2014
Kepler_224_c,Kepler-224 c,Kepler_224,0.058,0,84.9,5.925,3.12,9.91,758,2014
Kepler_224_d,Kepler-224 d,Kepler_224,0.089,0,89.14,11.3494,2.3,5.9,610,2014
Kepler_224_e,Kepler-224 e,Kepler_224,0.124,0,89.15,18.6436,1.97,4.54,517,2014
Kepler_225_b,Kepler-225 b,Kepler_225,0.056,0,89.87,6.73897,1.2,1.87,579,2014
Kepler_225_c,Kepler-225 c,Kepler_225,0.111,0,89.52,18.7942,1.84,4.04,412,2014
Kepler_226_b,Kepler-226 b,Kepler_226,0.047,0,88.88,3.941,1.55,24,1018,2014
Kepler_226_c,Kepler-226 c,Kepler_226,0.058,0,89.62,5.34955,2.27,45.2,919,2014
Kepler_226_d,Kepler-226 d,Kepler_226,0.076,0,89.92,8.10904,1.22,1.98,800,2014
Kepler_227_b,Kepler-227 b,Kepler_227,0.09,0,89.66,9.48802,3.11,9.85,793,2014
Kepler_227_c,Kepler-227 c,Kepler_227,0.29,0,89.57,54.4187,3.04,9.48,443,2014
Kepler_228_b,Kepler-228 b,Kepler_228,0.038,0,82.17,2.56655,1.53,2.96,1360,2014
Kepler_228_c,Kepler-228 c,Kepler_228,0.052,0,83.72,4.13444,2.7,7.75,1160,2014
Kepler_228_d,Kepler-228 d,Kepler_228,0.101,0,88.11,11.0943,4.04,15.4,835,2014
Kepler_229_b,Kepler-229 b,Kepler_229,0.062,0,89.68,6.25297,2.2,5.48,823,2014
Kepler_229_c,Kepler-229 c,Kepler_229,0.117,0,89.92,16.0686,4.92,21.5,600,2014
Kepler_229_d,Kepler-229 d,Kepler_229,0.22,0,89.96,41.1949,3.85,14.2,439,2014
Kepler_23_b,Kepler-23 b,Kepler_23,0.07212,0.017,89.57,7.1,1.638,2.56,1157,2011
Kepler_23_c,Kepler-23 c,Kepler_23,0.09501,0.021,89.86,10.74,3.005,7.81,1008,2011
Kepler_23_d,Kepler-23 d,Kepler_23,0.12012,0.01,89.54,15.27,2.206,4.44,896,2014
Kepler_230_b,Kepler-230 b,Kepler_230,0.191,0,89.98,32.6256,4.26,16.8,506,2014
Kepler_230_c,Kepler-230 c,Kepler_230,0.38,0,89.61,91.7732,2.04,4.82,359,2014
Kepler_231_b,Kepler-231 b,Kepler_231,0.074,0,89.22,10.0653,1.73,35.4,488,2014
Kepler_231_c,Kepler-231 c,Kepler_231,0.114,0,89.97,19.2716,1.93,24.1,393,2014
Kepler_232_b,Kepler-232 b,Kepler_232,0.054,0,87.72,4.43122,3.08,9.69,1104,2014
Kepler_232_c,Kepler-232 c,Kepler_232,0.101,0,86.8,11.3793,3.83,14,806,2014
Kepler_233_b,Kepler-233 b,Kepler_233,0.077,0,89.95,8.47238,2.43,6.48,751,2014
Kepler_233_c,Kepler-233 c,Kepler_233,0.287,0,89.94,60.419,2.71,7.8,390,2014
Kepler_234_b,Kepler-234 b,Kepler_234,0.04,0,89.81,2.71151,3.7,13.2,1420,2014
Kepler_234_c,Kepler-234 c,Kepler_234,0.077,0,89.95,7.21205,3.51,12.1,1025,2014
Kepler_235_b,Kepler-235 b,Kepler_235,0.037,0,89.47,3.34022,2.23,5.6,731,2014
Kepler_235_c,Kepler-235 c,Kepler_235,0.065,0,89.16,7.8249,1.28,2.18,555,2014
Kepler_235_d,Kepler-235 d,Kepler_235,0.122,0,89.576,20.0605,2.05,4.86,401,2014
Kepler_235_e,Kepler-235 e,Kepler_235,0.213,0,89.9971,46.1837,2.22,5.56,306,2014
Kepler_236_b,Kepler-236 b,Kepler_236,0.065,0,87.95,8.29561,1.57,3.09,469,2014
Kepler_236_c,Kepler-236 c,Kepler_236,0.132,0,89.47,23.9681,2,4.66,329,2014
Kepler_237_b,Kepler-237 b,Kepler_237,0.05,0,88.96,4.71511,1.41,2.57,823,2014
Kepler_237_c,Kepler-237 c,Kepler_237,0.071,0,89.87,8.10364,2.08,4.98,687,2014
Kepler_238_b,Kepler-238 b,Kepler_238,0.034,0,77.03,2.09088,1.73,3305.02,1642,2014
Kepler_238_c,Kepler-238 c,Kepler_238,0.069,0,88.56,6.15556,2.39,152.522,1146,2014
Kepler_238_d,Kepler-238 d,Kepler_238,0.115,0,89.95,13.2335,3.07,23.1,888,2014
Kepler_238_e,Kepler-238 e,Kepler_238,0.17286,0,89.98,23.654,5.6,169.7,731,2013
Kepler_238_f,Kepler-238 f,Kepler_238,0.28635,0,89.57,50.447,2,13.5,568,2013
Kepler_239_b,Kepler-239 b,Kepler_239,0.095,0,89.91,11.7631,2.33,6.04,616,2014
Kepler_239_c,Kepler-239 c,Kepler_239,0.268,0,89.56,56.2281,2.51,6.85,366,2014
Kepler_24_d,Kepler-24 d,Kepler_24,0.051,0,75.07,4.24438,1.67,293.959,1305,2014
Kepler_24_b,Kepler-24 b,Kepler_24,0.08045,0.023,77.26,8.14,2.348,11.14,1050,2011
Kepler_24_c,Kepler-24 c,Kepler_24,0.10612,0.014,78.63,12.33,2.514,9.99,915,2011
Kepler_24_e,Kepler-24 e,Kepler_24,0.138,0,79.72,18.9984,2.78,26.2118,792,2014
Kepler_240_b,Kepler-240 b,Kepler_240,0.048,0,89.99,4.1445,1.37,2.45,864,2014
Kepler_240_c,Kepler-240 c,Kepler_240,0.074,0,89.24,7.95353,2.2,102.3,696,2014
Kepler_241_b,Kepler-241 b,Kepler_241,0.094,0,89.17,12.7181,2.33,6.04,562,2014
Kepler_241_c,Kepler-241 c,Kepler_241,0.189,0,89.77,36.066,2.57,7.13,397,2014
Kepler_242_b,Kepler-242 b,Kepler_242,0.075,0,86.43,8.20395,2.61,7.32,742,2014
Kepler_242_c,Kepler-242 c,Kepler_242,0.109,0,84.34,14.4965,2,4.66,613,2014
Kepler_243_b,Kepler-243 b,Kepler_243,0.062,0,88.81,5.71544,2.45,6.57,850,2014
Kepler_243_c,Kepler-243 c,Kepler_243,0.142,0,88.43,20.0262,1.99,4.62,559,2014
Kepler_244_b,Kepler-244 b,Kepler_244,0.05,0,89.08,4.31179,2.76,8.05,1038,2014
Kepler_244_c,Kepler-244 c,Kepler_244,0.087,0,87.68,9.76729,2.05,4.86,791,2014
Kepler_244_d,Kepler-244 d,Kepler_244,0.14,0,89.31,20.0504,2.31,15.2,622,2014
Kepler_245_e,Kepler-245 e,Kepler_245,0.04053,0,89.72,3.21982,1.75,1806.36,998,2016
Kepler_245_b,Kepler-245 b,Kepler_245,0.071,0,89.95,7.49019,2.57,146.78,753,2014
Kepler_245_c,Kepler-245 c,Kepler_245,0.124,0,89.31,17.4608,2.18,26.7,568,2014
Kepler_245_d,Kepler-245 d,Kepler_245,0.202,0,89.97,36.2771,3.03,21.6,445,2014
Kepler_246_b,Kepler-246 b,Kepler_246,0.052,0,87.56,4.60182,2.34,6.08,896,2014
Kepler_246_c,Kepler-246 c,Kepler_246,0.095,0,89.1,11.1872,1.5,2.86,667,2014
Kepler_247_b,Kepler-247 b,Kepler_247,0.042,0,88.88,3.33616,1.64,3.33,970,2014
Kepler_247_c,Kepler-247 c,Kepler_247,0.084,0,89.89,9.43945,4.09,15.7,686,2014
Kepler_247_d,Kepler-247 d,Kepler_247,0.14081,0.102,88.934,20.4737,4.5,50,530,2014
KOI_884_e,KOI-884 e,Kepler_247,-1,0.0415,88.7389,31.1017,9.54,66.0541,-1,2014
Kepler_248_b,Kepler-248 b,Kepler_248,0.066,0,89.9,6.30821,3.02,9.38,819,2014
Kepler_248_c,Kepler-248 c,Kepler_248,0.123,0,89.92,16.2395,4.07,15.6,598,2014
Kepler_249_b,Kepler-249 b,Kepler_249,0.035,0,90,3.30654,1.09,1.32,554,2014
Kepler_249_c,Kepler-249 c,Kepler_249,0.058,0,89.21,7.1137,1.51,2.89,429,2014
Kepler_249_d,Kepler-249 d,Kepler_249,0.097,0,89.86,15.3685,1.57,3.09,332,2014
Kepler_25_b,Kepler-25 b,Kepler_25,0.0695,0.0029,92.827,6.2383,2.748,8.7,1185,2011
Kepler_25_c,Kepler-25 c,Kepler_25,0.1117,0.0061,92.764,12.7207,5.217,15.2,934,2011
Kepler_25_d,Kepler-25 d,Kepler_25,0.416422,0.13,90,122.4,10,71.9,544.68,2014
Kepler_250_b,Kepler-250 b,Kepler_250,0.048,0,89.58,4.14814,1.13,1.51,938,2014
Kepler_250_c,Kepler-250 c,Kepler_250,0.069,0,88.68,7.1568,2.28,5.82,782,2014
Kepler_250_d,Kepler-250 d,Kepler_250,0.127,0,89.27,17.6483,2.18,5.39,579,2014
Kepler_251_b,Kepler-251 b,Kepler_251,0.053,0,89.55,4.79094,1.33,2.33,990,2014
Kepler_251_c,Kepler-251 c,Kepler_251,0.122,0,89.22,16.514,2.77,8.1,655,2014
Kepler_251_d,Kepler-251 d,Kepler_251,0.182,0,88.21,30.133,2.77,8.1,536,2014
Kepler_251_e,Kepler-251 e,Kepler_251,0.404,0,89.99,99.6402,2.77,8.1,360,2014
Kepler_252_b,Kepler-252 b,Kepler_252,0.058,0,88.24,6.66839,1.23,2.04,587,2014
Kepler_252_c,Kepler-252 c,Kepler_252,0.08,0,89.57,10.8485,2.15,5.27,499,2014
Kepler_253_b,Kepler-253 b,Kepler_253,0.046,0,86.54,3.78399,1.63,3.29,949,2014
Kepler_253_c,Kepler-253 c,Kepler_253,0.089,0,89.59,10.282,2.65,7.51,680,2014
Kepler_253_d,Kepler-253 d,Kepler_253,0.13,0,89.64,18.1199,3.17,10.2,563,2014
Kepler_254_b,Kepler-254 b,Kepler_254,0.064,0,89.88,5.82666,3.87,14.3,1013,2014
Kepler_254_c,Kepler-254 c,Kepler_254,0.105,0,89.95,12.4122,2.15,3.2,787,2014
Kepler_254_d,Kepler-254 d,Kepler_254,0.139,0,89.11,18.7465,2.5,6.8,686,2014
Kepler_255_d,Kepler-255 d,Kepler_255,0.0192,0,89.51,1.04562,1.32,2.3,1710,2016
Kepler_255_b,Kepler-255 b,Kepler_255,0.063,0,88.25,5.71461,1.55,3.02,971,2014
Kepler_255_c,Kepler-255 c,Kepler_255,0.092,0,89.91,9.94605,2.99,9.22,807,2014
Kepler_256_b,Kepler-256 b,Kepler_256,0.027,0,87.2,1.62049,1.59,3.15,1681,2014
Kepler_256_c,Kepler-256 c,Kepler_256,0.045,0,87.2,3.38802,2.15,5.27,1315,2014
Kepler_256_d,Kepler-256 d,Kepler_256,0.064,0,88.54,5.83917,2.48,6.71,1097,2014
Kepler_256_e,Kepler-256 e,Kepler_256,0.096,0,87.92,10.6816,2.35,6.12,897,2014
Kepler_257_b,Kepler-257 b,Kepler_257,0.034,0,84.74,2.38267,2.61,7.32,1237,2014
Kepler_257_c,Kepler-257 c,Kepler_257,0.066,0,89.53,6.58148,5.41,25.2,881,2014
Kepler_257_d,Kepler-257 d,Kepler_257,0.16,0,88.98,24.6646,4.95,21.7,567,2014
Kepler_258_b,Kepler-258 b,Kepler_258,0.103,0,88.71,13.1972,4.06,15.5,642,2014
Kepler_258_c,Kepler-258 c,Kepler_258,0.193,0,89.42,33.6531,3.61,12.7,470,2014
Kepler_259_b,Kepler-259 b,Kepler_259,0.079,0,84.3,8.11532,2.8,8.25,879,2014
Kepler_259_c,Kepler-259 c,Kepler_259,0.217,0,88.6,36.9249,2.7,7.75,530,2014
Kepler_26_d,Kepler-26 d,Kepler_26,0.039,0,89.91,3.54392,1.07,1.24,652,2014
Kepler_26_b,Kepler-26 b,Kepler_26,0.08551,0.021,89.93,12.28,2.78,5.12,431,2011
Kepler_26_c,Kepler-26 c,Kepler_26,0.10725,0.013,89.09,17.2559,2.72,6.2,385,2011
Kepler_26_e,Kepler-26 e,Kepler_26,0.22,0,89.87,46.8279,2.41,6.39,276,2014
Kepler_260_b,Kepler-260 b,Kepler_260,0.075,0,88.89,8.1874,2.01,4.7,782,2014
Kepler_260_c,Kepler-260 c,Kepler_260,0.332,0,89.99,76.0502,1.74,3.68,372,2014
Kepler_261_b,Kepler-261 b,Kepler_261,0.088,0,89.36,10.3812,2.18,5.39,672,2014
Kepler_261_c,Kepler-261 c,Kepler_261,0.156,0,87.52,24.5709,2,4.66,505,2014
Kepler_262_b,Kepler-262 b,Kepler_262,0.108,0,88.16,13.0609,1.36,2.42,734,2014
Kepler_262_c,Kepler-262 c,Kepler_262,0.152,0,88.95,21.8537,1.64,3.33,618,2014
Kepler_263_b,Kepler-263 b,Kepler_263,0.12,0,89.69,16.5681,2.67,7.61,548,2014
Kepler_263_c,Kepler-263 c,Kepler_263,0.242,0,89.8,47.3328,2.47,6.66,386,2014
Kepler_264_b,Kepler-264 b,Kepler_264,0.249,0,89.96,40.8062,3.33,11.1,772,2014
Kepler_264_c,Kepler-264 c,Kepler_264,0.566,0,89.98,140.101,2.83,8.4,511,2014
Kepler_265_b,Kepler-265 b,Kepler_265,0.069,0,89.71,6.84626,1.86,4.12,1022,2014
Kepler_265_c,Kepler-265 c,Kepler_265,0.127,0,89.59,17.0289,2.63,7.41,755,2014
Kepler_265_d,Kepler-265 d,Kepler_265,0.236,0,89.52,43.1306,2.49,6.76,554,2014
Kepler_265_e,Kepler-265 e,Kepler_265,0.319,0,89.98,67.831,2.59,7.22,476,2014
Kepler_266_b,Kepler-266 b,Kepler_266,0.071,0,89.82,6.61833,2.48,6.71,1066,2014
Kepler_266_c,Kepler-266 c,Kepler_266,0.457,0,90,107.724,3.89,14.4,421,2014
Kepler_267_b,Kepler-267 b,Kepler_267,0.037,0,89.84,3.35373,1.98,37.9,615,2014
Kepler_267_c,Kepler-267 c,Kepler_267,0.06,0,88.26,6.87745,2.13,5.18,484,2014
Kepler_267_d,Kepler-267 d,Kepler_267,0.154,0,89.98,28.4645,2.27,5.77,301,2014
Kepler_268_b,Kepler-268 b,Kepler_268,0.18,0,89.98,25.9341,2.55,7.04,695,2014
Kepler_268_c,Kepler-268 c,Kepler_268,0.391,0,89.97,83.4464,3.38,11.4,471,2014
Kepler_269_b,Kepler-269 b,Kepler_269,0.061,0,89.8,5.32672,2.47,6.66,1007,2014
Kepler_269_c,Kepler-269 c,Kepler_269,0.081,0,88.71,8.1279,1.69,3.5,875,2014
Kepler_27_d,Kepler-27 d,Kepler_27,0.06578,0,87.46,6.54629,2.70619,7.78,810,2021
Kepler_27_b,Kepler-27 b,Kepler_27,0.118,0,87.95,15.3348,4,2895.31,610,2011
Kepler_27_c,Kepler-27 c,Kepler_27,0.191,0,88.62,31.3309,4.9,4385.87,481,2011
Kepler_270_b,Kepler-270 b,Kepler_270,0.107,0,86.33,11.4761,2.01,4.7,984,2014
Kepler_270_c,Kepler-270 c,Kepler_270,0.18,0,88,25.2629,1.77,3.78,756,2014
Kepler_271_d,Kepler-271 d,Kepler_271,0.05554,0,89.01,5.24973,0.66,0.219,954,2016
Kepler_271_c,Kepler-271 c,Kepler_271,0.06993,0,89.79,7.41086,0.95,0.809,850,2014
Kepler_271_b,Kepler-271 b,Kepler_271,0.08784,0,89.57,10.4355,1.23,2.04,759,2014
Kepler_272_b,Kepler-272 b,Kepler_272,0.038,0,87.49,2.97135,1.43,78,1200,2014
Kepler_272_c,Kepler-272 c,Kepler_272,0.061,0,88.98,6.05734,1.79,97.8,947,2014
Kepler_272_d,Kepler-272 d,Kepler_272,0.091,0,86.63,10.9373,2.25,5.69,777,2014
Kepler_273_b,Kepler-273 b,Kepler_273,0.037,0,87.29,2.93653,1.5,2.86,1209,2014
Kepler_273_c,Kepler-273 c,Kepler_273,0.073,0,87.69,8.01493,1.98,4.58,865,2014
Kepler_274_b,Kepler-274 b,Kepler_274,0.101,0,89.82,11.6348,1.54,2.99,961,2014
Kepler_274_c,Kepler-274 c,Kepler_274,0.204,0,88.53,33.1979,1.84,4.04,678,2014
Kepler_275_b,Kepler-275 b,Kepler_275,0.098,0,89.99,10.3007,2.34,6.08,1015,2014
Kepler_275_c,Kepler-275 c,Kepler_275,0.132,0,87.82,16.0881,3.38,11.4,875,2014
Kepler_275_d,Kepler-275 d,Kepler_275,0.224,0,88.84,35.6761,3.33,11.1,671,2014
Kepler_276_b,Kepler-276 b,Kepler_276,0.119,0,87.47,14.1284,2.87,731.209,739,2014
Kepler_276_c,Kepler-276 c,Kepler_276,0.18619,0,86.92,31.884,2.9,16.6,563,2013
Kepler_276_d,Kepler-276 d,Kepler_276,0.24666,0,87.42,48.648,2.8,16.3,489,2013
Kepler_277_b,Kepler-277 b,Kepler_277,0.14168,0,86.03,17.324,2.92,87.3,964,2013
Kepler_277_c,Kepler-277 c,Kepler_277,0.21781,0,89.33,33.006,3.36,64.2,778,2013
Kepler_278_b,Kepler-278 b,Kepler_278,0.202,0.696,85.11,30.1556,3.955,56,586,2014
Kepler_278_c,Kepler-278 c,Kepler_278,0.287,0.616,88.58,51.111,3.268,34.9,492,2014
Kepler_279_b,Kepler-279 b,Kepler_279,0.112,0,83.92,12.3097,3.62,4180.93,1104,2014
Kepler_279_c,Kepler-279 c,Kepler_279,0.2236,0,87.09,35.736,4.3,49.4,774,2013
Kepler_279_d,Kepler-279 d,Kepler_279,0.2901,0,87.09,54.414,3.1,37.5,574,2013
Kepler_279_e,Kepler-279 e,Kepler_279,0.439,0,86.4,98.3531,4.13,56,552,2025
Kepler_28_b,Kepler-28 b,Kepler_28,0.05687,0,89.51,5.91,1.959,1.63,585,2011
Kepler_28_c,Kepler-28 c,Kepler_28,0.07519,0.017,89.98,8.99,1.857,2.06,509,2011
Kepler_280_b,Kepler-280 b,Kepler_280,0.032,0,87.19,2.13954,1.45,2.7,1425,2014
Kepler_280_c,Kepler-280 c,Kepler_280,0.056,0,86.65,4.80709,2.01,4.7,1088,2014
Kepler_281_b,Kepler-281 b,Kepler_281,0.117,0,88.09,14.646,2.82,324,694,2014
Kepler_281_c,Kepler-281 c,Kepler_281,0.215,0,88.17,36.3374,5.31,161.124,513,2014
Kepler_281_d,Kepler-281 d,Kepler_281,0.5456,0,89.66,148.272,5.93748,654,321,2021
Kepler_282_b,Kepler-282 b,Kepler_282,0.082,0,89.85,9.22052,1.01,1.01,817,2014
Kepler_282_c,Kepler-282 c,Kepler_282,0.106,0,89.69,13.6387,1.2,1.87,717,2014
Kepler_282_d,Kepler-282 d,Kepler_282,0.15837,0,89.99,24.806,2.46,61,588,2013
Kepler_282_e,Kepler-282 e,Kepler_282,0.23332,0,89.7,44.347,3.1,56.2,484,2013
Kepler_283_b,Kepler-283 b,Kepler_283,0.082,0,89.97,11.0082,2.13,5.18,488,2014
Kepler_283_c,Kepler-283 c,Kepler_283,0.341,0,89.99,92.7437,1.82,3.97,240,2014
Kepler_284_b,Kepler-284 b,Kepler_284,0.104,0,88.51,12.6991,2.24,5.65,686,2014
Kepler_284_c,Kepler-284 c,Kepler_284,0.213,0,89.6,37.5145,2.61,7.32,478,2014
Kepler_285_b,Kepler-285 b,Kepler_285,0.036,0,88.82,2.63387,1.34,2.36,1131,2014
Kepler_285_c,Kepler-285 c,Kepler_285,0.064,0,89.95,6.18668,1.12,1.46,851,2014
Kepler_286_b,Kepler-286 b,Kepler_286,0.027,0,89.88,1.7963,1.24,2.07,1367,2014
Kepler_286_c,Kepler-286 c,Kepler_286,0.042,0,89.28,3.46809,1.37,2.45,1098,2014
Kepler_286_d,Kepler-286 d,Kepler_286,0.061,0,89.87,5.91432,1.33,2.33,919,2014
Kepler_286_e,Kepler-286 e,Kepler_286,0.176,0,88.78,29.2213,1.77,3.78,539,2014
Kepler_287_b,Kepler-287 b,Kepler_287,0.145,0,88.83,20.3422,2.33,83,667,2014
Kepler_287_c,Kepler-287 c,Kepler_287,0.246,0,89.24,44.8519,3.26,66,513,2014
Kepler_288_b,Kepler-288 b,Kepler_288,0.065,0,89.95,6.09733,1.67,3.43,1197,2014
Kepler_288_c,Kepler-288 c,Kepler_288,0.14,0,90,19.3058,2.85,8.5,815,2014
Kepler_288_d,Kepler-288 d,Kepler_288,0.287,0,89.75,56.6337,2.67,7.61,570,2014
Kepler_289_b,Kepler-289 b,Kepler_289,0.21183,0,88.98,34.5383,2.49,3.7,607,2014
Kepler_289_d,Kepler-289 d,Kepler_289,0.33,0,89.31,66.0282,3.03,5.33,502.81,2014
Kepler_289_c,Kepler-289 c,Kepler_289,0.50155,0,89.78,125.872,11.23,157.18,394,2014
Kepler_289_e,Kepler-289 e,Kepler_289,0.9342,0,89.91,330.072,2.94,17.4,286,2025
Kepler_29_b,Kepler-29 b,Kepler_29,0.08482,0,89.13,10.3397,2.55,5,777,2011
Kepler_29_c,Kepler-29 c,Kepler_29,0.10027,0,89.97,13.2861,2.34,4.5,715,2011
Kepler_290_d,Kepler-290 d,Kepler_290,0.0154,0,84.79,0.764018,0.86,0.566,1589,2023
Kepler_290_b,Kepler-290 b,Kepler_290,0.11,0,88.86,14.5893,2.25,5.69,594,2014
Kepler_290_c,Kepler-290 c,Kepler_290,0.205,0,89.44,36.7703,2.7,7.75,437,2014
Kepler_291_b,Kepler-291 b,Kepler_291,0.047,0,86.2,3.54651,2.16,5.31,1212,2014
Kepler_291_c,Kepler-291 c,Kepler_291,0.065,0,88.15,5.70079,1.88,4.19,1035,2014
Kepler_292_b,Kepler-292 b,Kepler_292,0.035,0,89,2.58083,1.32,2.3,1130,2014
Kepler_292_c,Kepler-292 c,Kepler_292,0.045,0,88.25,3.71534,1.47,2.76,1001,2014
Kepler_292_d,Kepler-292 d,Kepler_292,0.068,0,89,7.05568,2.23,5.6,808,2014
Kepler_292_e,Kepler-292 e,Kepler_292,0.097,0,89.83,11.979,2.67,7.61,678,2014
Kepler_292_f,Kepler-292 f,Kepler_292,0.141,0,89.56,20.8342,2.35,6.12,563,2014
Kepler_293_b,Kepler-293 b,Kepler_293,0.144,0,88.86,19.2542,3.07,9.64,657,2014
Kepler_293_c,Kepler-293 c,Kepler_293,0.286,0,88.78,54.1557,3.83,14,466,2014
Kepler_294_b,Kepler-294 b,Kepler_294,0.048,0,89.09,3.70121,1.77,3.78,1087,2014
Kepler_294_c,Kepler-294 c,Kepler_294,0.071,0,89.61,6.6264,2.71,7.8,895,2014
Kepler_295_b,Kepler-295 b,Kepler_295,0.099,0,77.82,12.6452,1.22,1.98,741,2014
Kepler_295_c,Kepler-295 c,Kepler_295,0.142,0,86.2,21.5263,1.17,1.71,621,2014
Kepler_295_d,Kepler-295 d,Kepler_295,0.192,0,85.87,33.8841,1.36,2.42,533,2014
Kepler_296_c,Kepler-296 c,Kepler_296,0.0521,0.33,89.94,5.84164,2,4.66,606,2014
Kepler_296_b,Kepler-296 b,Kepler_296,0.079,0.33,88.58,10.8644,1.61,3.22,495,2014
Kepler_296_d,Kepler-296 d,Kepler_296,0.118,0.33,89.77,19.8503,2.09,5.02,403,2014
Kepler_296_e,Kepler-296 e,Kepler_296,0.169,0.33,89.89,34.1421,1.53,2.96,337,2014
Kepler_296_f,Kepler-296 f,Kepler_296,0.255,0.33,89.95,63.3363,1.8,3.89,274,2014
Kepler_297_b,Kepler-297 b,Kepler_297,0.217,0,89.97,38.8718,2.87,48.5,509,2014
Kepler_297_c,Kepler-297 c,Kepler_297,0.336,0,89.47,74.9201,6.54,42.1,409,2014
Kepler_297_d,Kepler-297 d,Kepler_297,0.523,0,89.4,150.019,32.6,-1,325,2023
Kepler_298_b,Kepler-298 b,Kepler_298,0.08,0,88.61,10.4755,1.96,4.5,540,2014
Kepler_298_c,Kepler-298 c,Kepler_298,0.136,0,89.15,22.9288,1.93,4.38,416,2014
Kepler_298_d,Kepler-298 d,Kepler_298,0.305,0,89.57,77.4736,2.5,6.8,277,2014
Kepler_299_b,Kepler-299 b,Kepler_299,0.04,0,89.72,2.92713,1.32,2.3,1258,2014
Kepler_299_c,Kepler-299 c,Kepler_299,0.07,0,78.69,6.88588,2.65,7.51,946,2014
Kepler_299_d,Kepler-299 d,Kepler_299,0.118,0,89.2,15.0548,1.86,4.12,729,2014
Kepler_299_e,Kepler-299 e,Kepler_299,0.22,0,89.85,38.2855,1.87,4.16,534,2014
Kepler_30_b,Kepler-30 b,Kepler_30,0.18,0.042,90.179,29.3343,3.9,11.3,524,2012
Kepler_30_c,Kepler-30 c,Kepler_30,0.3,0.0111,90.3227,60.3231,12.3,640,411,2012
Kepler_30_d,Kepler-30 d,Kepler_30,0.5,0.022,89.8406,143.344,8.8,23.1,308,2012
Kepler_300_b,Kepler-300 b,Kepler_300,0.094,0,84.3,10.4463,1.67,3.43,812,2014
Kepler_300_c,Kepler-300 c,Kepler_300,0.232,0,88.74,40.715,2.25,5.69,516,2014
Kepler_301_b,Kepler-301 b,Kepler_301,0.036,0,89.94,2.50855,1.35,2.39,1278,2014
Kepler_301_c,Kepler-301 c,Kepler_301,0.06,0,87.99,5.41903,1.35,2.39,989,2014
Kepler_301_d,Kepler-301 d,Kepler_301,0.112,0,89.21,13.7512,1.75,3.71,725,2014
Kepler_302_b,Kepler-302 b,Kepler_302,0.193,0,89.98,30.1841,4.06,15.5,634,2014
Kepler_302_c,Kepler-302 c,Kepler_302,0.503,0,89.51,127.282,12.45,-1,392,2014
Kepler_303_b,Kepler-303 b,Kepler_303,0.024,0,89.41,1.93705,0.89,0.64,802,2014
Kepler_303_c,Kepler-303 c,Kepler_303,0.057,0,88.38,7.06115,1.14,1.55,521,2014
Kepler_304_e,Kepler-304 e,Kepler_304,0.02317,0,87.54,1.49915,1.2,1.87,1137,2016
Kepler_304_b,Kepler-304 b,Kepler_304,0.039,0,88.89,3.29571,2.86,8.55,875,2014
Kepler_304_c,Kepler-304 c,Kepler_304,0.054,0,88.47,5.31595,2.17,5.35,746,2014
Kepler_304_d,Kepler-304 d,Kepler_304,0.08,0,89.67,9.65347,2.75,8,611,2014
Kepler_305_e,Kepler-305 e,Kepler_305,0.04017,0,87.1,3.20538,1.79382,3.87,1000,2020
Kepler_305_b,Kepler-305 b,Kepler_305,0.05746,0.005,84.98,5.487,3.6,10.5,836,2013
Kepler_305_c,Kepler-305 c,Kepler_305,0.07568,0,83.45,8.291,3.3,6,728,2013
Kepler_305_d,Kepler-305 d,Kepler_305,0.12091,0,89.27,16.74,2.76,6.2,576,2014
Kepler_306_b,Kepler-306 b,Kepler_306,0.05,0,83.18,4.64619,1.52,2.92,830,2014
Kepler_306_c,Kepler-306 c,Kepler_306,0.067,0,88.29,7.24019,2.35,6.12,716,2014
Kepler_306_d,Kepler-306 d,Kepler_306,0.12,0,88,17.3266,2.47,6.66,535,2014
Kepler_306_e,Kepler-306 e,Kepler_306,0.227,0,88.5,44.841,2.27,5.77,390,2014
Kepler_307_b,Kepler-307 b,Kepler_307,0.09359,0,88.23,10.4208,2.43,7.44,797,2013
Kepler_307_c,Kepler-307 c,Kepler_307,0.10896,0,88.37,13.0729,2.2,3.64,739,2013
Kepler_308_b,Kepler-308 b,Kepler_308,0.09,0,89.36,9.69493,2.12,5.14,833,2014
Kepler_308_c,Kepler-308 c,Kepler_308,0.123,0,89.97,15.3823,2.16,5.31,714,2014
Kepler_309_b,Kepler-309 b,Kepler_309,0.059,0,89.85,5.92365,1.56,3.05,531,2014
Kepler_309_c,Kepler-309 c,Kepler_309,0.401,0,89.71,105.356,2.51,6.85,204,2014
Kepler_31_b,Kepler-31 b,Kepler_31,0.16,0,89.88,20.8613,5.5,36.7418,781,2011
Kepler_31_c,Kepler-31 c,Kepler_31,0.26,0,89.85,42.6318,5.3,1493.7,615,2011
Kepler_31_d,Kepler-31 d,Kepler_31,0.4,0,89.89,87.6451,3.9,2161.24,484,2014
Kepler_310_b,Kepler-310 b,Kepler_310,0.111,0,87.46,13.9307,1.19,1.81,665,2014
Kepler_310_c,Kepler-310 c,Kepler_310,0.281,0,88.81,56.4754,3.38,11.4,417,2014
Kepler_310_d,Kepler-310 d,Kepler_310,0.392,0,88.82,92.8761,2.47,7,353,2014
Kepler_311_b,Kepler-311 b,Kepler_311,0.087,0,89.63,9.17609,1.7,3.53,960,2014
Kepler_311_c,Kepler-311 c,Kepler_311,0.145,0,88.06,19.7383,1.43,2.63,744,2014
Kepler_311_d,Kepler-311 d,Kepler_311,0.7326,0,89.7,232.04,2.05,4.86,327,2023
Kepler_312_b,Kepler-312 b,Kepler_312,0.031,0,89.94,1.77242,1.29,2.21,1685,2014
Kepler_312_c,Kepler-312 c,Kepler_312,0.153,0,89.06,19.7474,3.15,10.1,754,2014
Kepler_313_b,Kepler-313 b,Kepler_313,0.125,0,88.91,14.9704,2.53,6.94,883,2014
Kepler_313_c,Kepler-313 c,Kepler_313,0.208,0,88.5,32.2733,2.57,7.13,683,2014
Kepler_314_b,Kepler-314 b,Kepler_314,0.035,0,85.4,2.46107,0.83,0.498,1195,2014
Kepler_314_c,Kepler-314 c,Kepler_314,0.064,0,85.57,5.96039,2.9,8.75,890,2014
Kepler_315_b,Kepler-315 b,Kepler_315,0.402,0,88.26,96.1011,3.77,13.7,409,2014
Kepler_315_c,Kepler-315 c,Kepler_315,0.791,0,89.31,265.469,4.15,16.1,291,2014
Kepler_316_b,Kepler-316 b,Kepler_316,0.027,0,87.63,2.24051,1.06,1.2,837,2014
Kepler_316_c,Kepler-316 c,Kepler_316,0.058,0,89.09,6.82777,1.16,1.65,577,2014
Kepler_317_b,Kepler-317 b,Kepler_317,0.061,0,87.89,5.52424,2.09,109.8,976,2014
Kepler_317_c,Kepler-317 c,Kepler_317,0.083,0,88.45,8.77501,1.72,3.61,837,2014
Kepler_318_b,Kepler-318 b,Kepler_318,0.056,0,87.66,4.66272,4.71,19.9,1039,2014
Kepler_318_c,Kepler-318 c,Kepler_318,0.105,0,87.15,11.815,3.68,13.1,762,2014
Kepler_319_b,Kepler-319 b,Kepler_319,0.051,0,86.03,4.36271,1.63,3.29,1023,2014
Kepler_319_c,Kepler-319 c,Kepler_319,0.069,0,86.78,6.94136,2.63,7.41,876,2014
Kepler_319_d,Kepler-319 d,Kepler_319,0.191,0,89.85,31.7819,2.29,5.86,528,2014
Kepler_32_f,Kepler-32 f,Kepler_32,0.013,0,88.93,0.74296,0.82,1862.11,1026,2012
Kepler_32_e,Kepler-32 e,Kepler_32,0.033,0,89.65,2.896,1.5,4.08181,652,2012
Kepler_32_b,Kepler-32 b,Kepler_32,0.05,0,89.92,5.90124,2.2,1303,514,2011
Kepler_32_c,Kepler-32 c,Kepler_32,0.09,0,89.97,8.7522,2,158.9,451,2011
Kepler_32_d,Kepler-32 d,Kepler_32,0.13,0,89.99,22.7802,2.7,39.9089,328,2012
Kepler_320_b,Kepler-320 b,Kepler_320,0.085,0,71.53,8.37155,1.14,1.55,1292,2014
Kepler_320_c,Kepler-320 c,Kepler_320,0.142,0,80.93,17.9349,1.37,2.45,1002,2014
Kepler_321_b,Kepler-321 b,Kepler_321,0.057,0,87.7,4.91538,1.77,3.78,1042,2014
Kepler_321_c,Kepler-321 c,Kepler_321,0.11,0,87.96,13.0939,2.32,5.99,752,2014
Kepler_322_b,Kepler-322 b,Kepler_322,0.027,0,88.21,1.65389,1.01,1.01,1373,2014
Kepler_322_c,Kepler-322 c,Kepler_322,0.051,0,89.77,4.33723,1.67,3.43,996,2014
Kepler_323_b,Kepler-323 b,Kepler_323,0.02778,0.095,88.3,1.67833,1.381,3.9,1838,2014
Kepler_323_c,Kepler-323 c,Kepler_323,0.0458,0.095,88.7,3.55382,1.57,6.8,1431,2014
Kepler_324_b,Kepler-324 b,Kepler_324,0.05,0,88.5,4.38532,1.14,2414.4,935,2014
Kepler_324_e,Kepler-324 e,Kepler_324,0.10972,0,88.6,13.9794,2.03862,235.014,635,2021
KOI_1831_d,KOI-1831 d,Kepler_324,0.19924,0,89.62,34.169,1.13,2.23,475,2018
Kepler_324_c,Kepler-324 c,Kepler_324,0.26,0,89.75,51.8056,3.15,6.2,410,2014
Kepler_325_b,Kepler-325 b,Kepler_325,0.053,0,86.99,4.54444,2.91,8.8,1017,2014
Kepler_325_c,Kepler-325 c,Kepler_325,0.105,0,87.01,12.7622,2.54,6.99,721,2014
Kepler_325_d,Kepler-325 d,Kepler_325,0.22,0,89.39,38.7152,2.79,8.2,498,2014
Kepler_326_b,Kepler-326 b,Kepler_326,0.032,0,89.97,2.24833,1.52,44.6,1127,2014
Kepler_326_c,Kepler-326 c,Kepler_326,0.051,0,88.6,4.58036,1.4,17.4,889,2014
Kepler_326_d,Kepler-326 d,Kepler_326,0.066,0,88.43,6.76689,1.21,6.9,781,2014
Kepler_327_b,Kepler-327 b,Kepler_327,0.029,0,89.77,2.54957,1.11,1.41,682,2014
Kepler_327_c,Kepler-327 c,Kepler_327,0.047,0,89.44,5.21233,1.03,20.3,537,2014
Kepler_327_d,Kepler-327 d,Kepler_327,0.09,0,88.5,13.9695,1.73,3.64,387,2014
Kepler_328_b,Kepler-328 b,Kepler_328,0.2199,0,89.96,34.921,2.3,28.5,602,2013
Kepler_328_c,Kepler-328 c,Kepler_328,0.354,0,89.97,71.312,5.4,39.4,475,2013
Kepler_329_b,Kepler-329 b,Kepler_329,0.061,0,88.86,7.4164,1.4,2.54,547,2014
Kepler_329_c,Kepler-329 c,Kepler_329,0.113,0,89.35,18.6847,1.93,4.38,402,2014
Kepler_33_b,Kepler-33 b,Kepler_33,0.0677,0,86.39,5.66793,1.74,3.68,1336,2011
Kepler_33_c,Kepler-33 c,Kepler_33,0.1189,0,88.19,13.1756,3.2,0.39,1009,2011
Kepler_33_d,Kepler-33 d,Kepler_33,0.1662,0,88.71,21.776,5.35,3.91,853,2011
Kepler_33_e,Kepler-33 e,Kepler_33,0.2138,0,88.94,31.7844,4.02,5.57,752,2011
Kepler_33_f,Kepler-33 f,Kepler_33,0.2535,0,89.17,41.029,4.46,9.6,691,2011
Kepler_330_b,Kepler-330 b,Kepler_330,0.075,0,89.57,8.25978,1.35,2.39,714,2014
Kepler_330_c,Kepler-330 c,Kepler_330,0.116,0,89.4,15.9554,1.95,4.46,573,2014
Kepler_331_b,Kepler-331 b,Kepler_331,0.065,0,89.58,8.4575,1.82,3.97,540,2014
Kepler_331_c,Kepler-331 c,Kepler_331,0.105,0,89.75,17.2811,1.84,4.04,425,2014
Kepler_331_d,Kepler-331 d,Kepler_331,0.159,0,89.84,32.1343,1.64,3.33,346,2014
Kepler_332_b,Kepler-332 b,Kepler_332,0.07,0,89.43,7.62632,1.17,1.71,703,2014
Kepler_332_c,Kepler-332 c,Kepler_332,0.114,0,89.86,15.9956,1.09,1.32,550,2014
Kepler_332_d,Kepler-332 d,Kepler_332,0.189,0,89.96,34.2115,1.18,1.76,427,2014
Kepler_333_b,Kepler-333 b,Kepler_333,0.087,0,88.9,12.5512,1.32,28.2,480,2014
Kepler_333_c,Kepler-333 c,Kepler_333,0.135,0,89.51,24.0882,1.11,1.41,386,2014
Kepler_334_b,Kepler-334 b,Kepler_334,0.061,0,89.68,5.47032,1.12,1.46,1090,2014
Kepler_334_c,Kepler-334 c,Kepler_334,0.107,0,89.97,12.758,1.43,2.63,822,2014
Kepler_334_d,Kepler-334 d,Kepler_334,0.168,0,88.88,25.0985,1.41,2.57,656,2014
Kepler_335_b,Kepler-335 b,Kepler_335,0.075,0,86.26,6.56233,3.39,11.4,1290,2014
Kepler_335_c,Kepler-335 c,Kepler_335,0.356,0,89.49,67.8445,3.07,9.64,592,2014
Kepler_336_b,Kepler-336 b,Kepler_336,0.033,0,87.61,2.02482,1.02,1.04,1625,2014
Kepler_336_c,Kepler-336 c,Kepler_336,0.092,0,89.79,9.6,2.1,5.06,967,2014
Kepler_336_d,Kepler-336 d,Kepler_336,0.154,0,88.55,20.6788,2.37,6.21,749,2014
Kepler_337_b,Kepler-337 b,Kepler_337,0.045,0,80.59,3.29278,1.54,2.99,1458,2014
Kepler_337_c,Kepler-337 c,Kepler_337,0.093,0,85.39,9.6932,2.05,4.86,1017,2014
Kepler_338_e,Kepler-338 e,Kepler_338,0.08979,0.05,87.49,9.341,1.56,8.5,1143,2014
Kepler_338_b,Kepler-338 b,Kepler_338,0.117,0.04,89.9,13.727,2.44,30.6,1005,2014
Kepler_338_c,Kepler-338 c,Kepler_338,0.172,0.03,89.61,24.3109,2.34,6.08,831,2014
Kepler_338_d,Kepler-338 d,Kepler_338,0.257,0.03,89.96,44.431,3,9.27,680,2014
Kepler_339_b,Kepler-339 b,Kepler_339,0.055,0,87.96,4.97766,1.42,2.6,1023,2014
Kepler_339_c,Kepler-339 c,Kepler_339,0.069,0,89.92,6.98806,1.15,7.3,914,2014
Kepler_339_d,Kepler-339 d,Kepler_339,0.091,0,89.23,10.5583,1.17,14.7,796,2014
Kepler_34_b,Kepler-34 b,Kepler_34,1.0896,0.182,90.355,288.822,8.564,69.92,294.42,2011
Kepler_340_b,Kepler-340 b,Kepler_340,0.134,0,89.54,14.8444,2.53,6.94,1092,2014
Kepler_340_c,Kepler-340 c,Kepler_340,0.178,0,89.38,22.8247,3.37,11.3,946,2014
Kepler_341_b,Kepler-341 b,Kepler_341,0.06,0,89.71,5.19553,1.18,1.76,1085,2014
Kepler_341_c,Kepler-341 c,Kepler_341,0.08,0,89.82,8.01041,1.7,3.53,940,2014
Kepler_341_d,Kepler-341 d,Kepler_341,0.182,0,88.98,27.6663,1.85,4.08,622,2014
Kepler_341_e,Kepler-341 e,Kepler_341,0.242,0,89.51,42.4733,1.99,4.62,539,2014
Kepler_342_e,Kepler-342 e,Kepler_342,0.02909,0,58.94,1.64422,0.88,0.615,1897,2016
Kepler_342_b,Kepler-342 b,Kepler_342,0.128,0,85.52,15.1703,2.25,5.69,905,2014
Kepler_342_c,Kepler-342 c,Kepler_342,0.185,0,86.14,26.2341,1.96,4.5,754,2014
Kepler_342_d,Kepler-342 d,Kepler_342,0.242,0,84.57,39.4594,2.49,6.76,658,2014
Kepler_343_b,Kepler-343 b,Kepler_343,0.088,0,87.58,8.96855,2.41,6.39,1024,2014
Kepler_343_c,Kepler-343 c,Kepler_343,0.167,0,88.18,23.2218,2.02,4.74,746,2014
Kepler_344_b,Kepler-344 b,Kepler_344,0.153,0,89.5,21.9639,2.61,7.32,643,2014
Kepler_344_c,Kepler-344 c,Kepler_344,0.488,0,89.97,125.597,2.95,9.01,360,2014
Kepler_345_b,Kepler-345 b,Kepler_345,0.066,0,89.05,7.41556,0.74,0.48,622,2014
Kepler_345_c,Kepler-345 c,Kepler_345,0.077,0,86.89,9.38743,1.2,2.2,575,2014
Kepler_346_b,Kepler-346 b,Kepler_346,0.071,0,86.75,6.51113,2.66,7.56,1008,2014
Kepler_346_c,Kepler-346 c,Kepler_346,0.168,0,88.74,23.8515,3.07,9.64,654,2014
Kepler_347_b,Kepler-347 b,Kepler_347,0.11,0,86.06,12.7984,1.97,4.54,908,2014
Kepler_347_c,Kepler-347 c,Kepler_347,0.183,0,85.39,27.3209,1.75,3.71,705,2014
Kepler_347_d,Kepler-347 d,Kepler_347,0.3802,0,88,85.5173,3.04,9.48,482,2023
Kepler_348_b,Kepler-348 b,Kepler_348,0.076,0,88.28,7.05677,1.52,2.92,1196,2014
Kepler_348_c,Kepler-348 c,Kepler_348,0.138,0,89.99,17.2654,1.33,2.33,888,2014
Kepler_349_b,Kepler-349 b,Kepler_349,0.065,0,89.85,5.92978,1.9,94.5,972,2014
Kepler_349_c,Kepler-349 c,Kepler_349,0.105,0,89.77,12.2476,1.96,4.5,763,2014
Kepler_35_b,Kepler-35 b,Kepler_35,0.60347,0.042,90.76,131.458,8.16,40.363,352.89,2011
Kepler_350_b,Kepler-350 b,Kepler_350,0.104,0,87.76,11.1896,1.85,16.9,1037,2014
Kepler_350_c,Kepler-350 c,Kepler_350,0.1385,0,86.29,17.849,3.1,6.1,888,2013
Kepler_350_d,Kepler-350 d,Kepler_350,0.1786,0,89.65,26.136,2.8,14.9,782,2013
Kepler_351_b,Kepler-351 b,Kepler_351,0.214,0,88.19,37.0549,3.06,4.8,498,2014
Kepler_351_c,Kepler-351 c,Kepler_351,0.287,0,89.98,57.2481,3.19,11.1,431,2014
Kepler_351_d,Kepler-351 d,Kepler_351,0.5177,0,89.99,142.544,2.72,7.85,318,2016
Kepler_352_d,Kepler-352 d,Kepler_352,0.06574,0,88.66,6.88728,0.80628,0.449,788,2021
Kepler_352_b,Kepler-352 b,Kepler_352,0.085,0,89.87,10.0554,0.86,0.566,694,2014
Kepler_352_c,Kepler-352 c,Kepler_352,0.118,0,88.19,16.333,1.24,2.07,591,2014
Kepler_353_b,Kepler-353 b,Kepler_353,0.051,0,87.11,5.79528,0.89,0.64,534,2014
Kepler_353_c,Kepler-353 c,Kepler_353,0.065,0,85.99,8.41089,1.38,2.48,472,2014
Kepler_354_b,Kepler-354 b,Kepler_354,0.054,0,85.82,5.47666,1.84,4.04,741,2014
Kepler_354_c,Kepler-354 c,Kepler_354,0.115,0,89.21,16.9344,1.31,2.27,508,2014
Kepler_354_d,Kepler-354 d,Kepler_354,0.146,0,89.38,24.2098,1.24,2.07,451,2014
Kepler_355_b,Kepler-355 b,Kepler_355,0.102,0,88.59,11.0319,1.46,2.73,840,2014
Kepler_355_c,Kepler-355 c,Kepler_355,0.179,0,89.32,25.7623,2.71,7.8,633,2014
Kepler_356_b,Kepler-356 b,Kepler_356,0.057,0,84.44,4.6127,1.57,3.09,1294,2014
Kepler_356_c,Kepler-356 c,Kepler_356,0.115,0,87.29,13.1216,1.81,3.93,913,2014
Kepler_357_b,Kepler-357 b,Kepler_357,0.063,0,88.31,6.47543,1.84,4.04,793,2014
Kepler_357_c,Kepler-357 c,Kepler_357,0.12,0,88.98,16.8584,2.67,7.61,576,2014
Kepler_357_d,Kepler-357 d,Kepler_357,0.246,0,89.86,49.4999,3.43,11.6,402,2014
Kepler_358_b,Kepler-358 b,Kepler_358,0.21,0,89.36,34.0605,2.72,7.85,554,2014
Kepler_358_c,Kepler-358 c,Kepler_358,0.381,0,89.75,83.4884,2.85,8.5,411,2014
Kepler_359_b,Kepler-359 b,Kepler_359,0.178,0,88.02,25.5632,3.53,12.2,671,2014
Kepler_359_c,Kepler-359 c,Kepler_359,0.307,0,88.74,57.688,4.3,2.9,512,2014
Kepler_359_d,Kepler-359 d,Kepler_359,0.372,0,88,77.0957,4.01,2.7,464,2014
Kepler_36_b,Kepler-36 b,Kepler_36,0.11419,0,90.01,13.8682,1.498,3.83,978,2012
Kepler_36_c,Kepler-36 c,Kepler_36,0.12692,0,89.36,16.2187,3.679,7.13,928,2012
Kepler_360_b,Kepler-360 b,Kepler_360,0.044,0,89.73,3.28967,1.65,3.36,1116,2014
Kepler_360_c,Kepler-360 c,Kepler_360,0.075,0,87.2,7.18643,2.1,5.06,860,2014
Kepler_361_b,Kepler-361 b,Kepler_361,0.086,0,89.96,8.48662,1.45,2.7,1060,2014
Kepler_361_c,Kepler-361 c,Kepler_361,0.3,0,89.72,55.188,2.52,6.9,568,2014
Kepler_362_b,Kepler-362 b,Kepler_362,0.087,0,88.47,10.3272,0.88,0.615,838,2014
Kepler_362_c,Kepler-362 c,Kepler_362,0.207,0,89.83,37.8663,1.45,2.7,543,2014
Kepler_363_b,Kepler-363 b,Kepler_363,0.048,0,86.02,3.61457,1.16,1.65,1347,2014
Kepler_363_c,Kepler-363 c,Kepler_363,0.079,0,88.44,7.54243,1.69,66.4,1054,2014
Kepler_363_d,Kepler-363 d,Kepler_363,0.107,0,89.52,11.9321,2.05,4.86,905,2014
Kepler_364_b,Kepler-364 b,Kepler_364,0.178,0,88.22,25.7457,1.55,3.02,753,2014
Kepler_364_c,Kepler-364 c,Kepler_364,0.312,0,88.03,59.9806,2.15,5.27,568,2014
Kepler_365_b,Kepler-365 b,Kepler_365,0.098,0,89.29,10.6649,2.04,4.82,865,2014
Kepler_365_c,Kepler-365 c,Kepler_365,0.137,0,89.81,17.7841,1.64,3.33,729,2014
Kepler_366_b,Kepler-366 b,Kepler_366,0.045,0,88.5,3.28196,1.46,2.73,1326,2014
Kepler_366_c,Kepler-366 c,Kepler_366,0.11,0,89.93,12.5162,1.79,3.86,848,2014
Kepler_367_b,Kepler-367 b,Kepler_367,0.201,0,89.43,37.8157,1.3,2.24,401,2014
Kepler_367_c,Kepler-367 c,Kepler_367,0.253,0,89.16,53.5786,1.2,1.87,357,2014
Kepler_368_b,Kepler-368 b,Kepler_368,0.186,0,88.58,26.8477,3.26,10.7,800,2014
Kepler_368_c,Kepler-368 c,Kepler_368,0.36,0,88.95,72.3793,3.88,14.3,575,2014
Kepler_369_b,Kepler-369 b,Kepler_369,0.03,0,86.76,2.73276,1.13,1.51,687,2014
Kepler_369_c,Kepler-369 c,Kepler_369,0.094,0,89.98,14.8716,1.41,2.57,391,2014
Kepler_37_b,Kepler-37 b,Kepler_37,0.1019,0.098,88.63,13.367,0.3098,0.79,718,2013
Kepler_37_c,Kepler-37 c,Kepler_37,0.139,0.099,89.07,21.3018,0.755,1.3,615,2013
Kepler_37_d,Kepler-37 d,Kepler_37,0.2109,0.1,89.335,39.7923,2.03,2,499,2013
Kepler_37_e,Kepler-37 e,Kepler_37,0.25,0,89.95,51.196,0.37,8.1,401,2014
Kepler_370_b,Kepler-370 b,Kepler_370,0.054,0,89.72,4.57953,1.59,3.15,1040,2014
Kepler_370_c,Kepler-370 c,Kepler_370,0.14,0,88.73,19.0229,1.91,4.31,647,2014
Kepler_371_b,Kepler-371 b,Kepler_371,0.2,0,89.04,34.7633,1.89,4.23,554,2014
Kepler_371_c,Kepler-371 c,Kepler_371,0.313,0,89.71,67.968,1.78,3.82,443,2014
Kepler_372_b,Kepler-372 b,Kepler_372,0.075,0,75.35,6.84969,1.36,2.42,1081,2014
Kepler_372_c,Kepler-372 c,Kepler_372,0.154,0,83.71,20.0538,2.09,5.02,755,2014
Kepler_372_d,Kepler-372 d,Kepler_372,0.201,0,86.73,30.0926,1.69,3.5,660,2014
Kepler_373_b,Kepler-373 b,Kepler_373,0.06,0,89.81,5.53531,1.36,2.42,1054,2014
Kepler_373_c,Kepler-373 c,Kepler_373,0.126,0,89.32,16.7259,1.24,2.07,729,2014
Kepler_374_b,Kepler-374 b,Kepler_374,0.029,0,87.55,1.89781,1.03,1.08,1761,2014
Kepler_374_c,Kepler-374 c,Kepler_374,0.042,0,88.82,3.28281,1.1,1.37,1467,2014
Kepler_374_d,Kepler-374 d,Kepler_374,0.056,0,88.37,5.02822,1.31,2.27,1272,2014
Kepler_375_b,Kepler-375 b,Kepler_375,0.101,0,87.38,12.1259,1.45,2.7,851,2014
Kepler_375_c,Kepler-375 c,Kepler_375,0.141,0,85.75,19.9863,2.65,7.51,720,2014
Kepler_376_b,Kepler-376 b,Kepler_376,0.057,0,88.48,4.9202,1.07,1.24,1242,2014
Kepler_376_c,Kepler-376 c,Kepler_376,0.115,0,87.71,14.1723,1.79,3.86,873,2014
Kepler_377_b,Kepler-377 b,Kepler_377,0.109,0,88.36,12.5095,1.39,2.51,875,2014
Kepler_377_c,Kepler-377 c,Kepler_377,0.182,0,89.99,27.015,2.06,4.9,677,2014
Kepler_378_b,Kepler-378 b,Kepler_378,0.112,0,87.69,16.0924,0.75,0.347,503,2014
Kepler_378_c,Kepler-378 c,Kepler_378,0.166,0,88.68,28.906,0.7,0.271,414,2014
Kepler_379_b,Kepler-379 b,Kepler_379,0.152,0,89.96,20.0984,1.66,3.39,775,2014
Kepler_379_c,Kepler-379 c,Kepler_379,0.326,0,89.84,62.7847,2.29,5.86,530,2014
Kepler_38_b,Kepler-38 b,Kepler_38,0.4632,0.032,89.442,105.599,4.3,122,475,2012
Kepler_380_b,Kepler-380 b,Kepler_380,0.05,0,88.74,3.93082,1.19,1.81,1317,2014
Kepler_380_c,Kepler-380 c,Kepler_380,0.078,0,87.84,7.63,1.27,2.15,1056,2014
Kepler_381_b,Kepler-381 b,Kepler_381,0.066,0,88.8,5.62902,0.99,0.937,1576,2014
Kepler_381_d,Kepler-381 d,Kepler_381,0.08364,0,87.44,8.2563,1.06679,1.23,1387,2021
Kepler_381_c,Kepler-381 c,Kepler_381,0.117,0,88.8,13.3916,1.12,1.46,1180,2014
Kepler_382_b,Kepler-382 b,Kepler_382,0.055,0,85.48,5.26215,1.32,2.3,1166,2014
Kepler_382_c,Kepler-382 c,Kepler_382,0.097,0,85.65,12.1627,1.59,3.15,882,2014
Kepler_383_b,Kepler-383 b,Kepler_383,0.095,0,88.77,12.9045,1.32,2.3,545,2014
Kepler_383_c,Kepler-383 c,Kepler_383,0.172,0,89.04,31.2008,1.24,2.07,406,2014
Kepler_384_b,Kepler-384 b,Kepler_384,0.148,0,89.87,22.5971,1.12,1.46,670,2014
Kepler_384_c,Kepler-384 c,Kepler_384,0.236,0,88.78,45.3483,1.13,1.51,531,2014
Kepler_385_b,Kepler-385 b,Kepler_385,0.097,0,79.64,10.0437,2.73,12.8,951,2014
Kepler_385_c,Kepler-385 c,Kepler_385,0.127,0,80.54,15.1632,3.04,13.2,829,2014
Kepler_385_d,Kepler-385 d,Kepler_385,0.2872,0,87.94,56.4159,2.61864,7.36,535,2020
Kepler_386_b,Kepler-386 b,Kepler_386,0.096,0,87.21,12.3104,1.39,2.51,651,2014
Kepler_386_c,Kepler-386 c,Kepler_386,0.155,0,88.78,25.1935,1.58,3.12,513,2014
Kepler_387_b,Kepler-387 b,Kepler_387,0.068,0,89.55,6.79164,1.03,1.08,994,2014
Kepler_387_c,Kepler-387 c,Kepler_387,0.098,0,88.58,11.8375,0.89,0.64,826,2014
Kepler_388_b,Kepler-388 b,Kepler_388,0.036,0,89.62,3.17332,0.81,0.457,830,2014
Kepler_388_c,Kepler-388 c,Kepler_388,0.093,0,89.95,13.297,0.86,0.566,515,2014
Kepler_389_b,Kepler-389 b,Kepler_389,0.041,0,84.86,3.24411,1.51,2.89,1047,2014
Kepler_389_c,Kepler-389 c,Kepler_389,0.11,0,85.38,14.5114,1.46,2.73,636,2014
Kepler_39_b,Kepler-39 b,Kepler_39,0.164,0.112,89.07,21.0872,13.9,6388.1,897,2011
Kepler_390_b,Kepler-390 b,Kepler_390,0.065,0,89.57,6.73809,0.82,0.477,786,2014
Kepler_390_c,Kepler-390 c,Kepler_390,0.101,0,89.08,13.06,0.79,0.418,630,2014
Kepler_391_b,Kepler-391 b,Kepler_391,0.083,0.46,85.5,7.4175,2.5,1100,930,2014
Kepler_391_c,Kepler-391 c,Kepler_391,0.164,0.27,87.27,20.501,2.88,450,662,2014
Kepler_392_b,Kepler-392 b,Kepler_392,0.059,0,89.65,5.34185,1,0.972,1125,2014
Kepler_392_c,Kepler-392 c,Kepler_392,0.093,0,87.72,10.4231,1.1,1.37,901,2014
Kepler_393_b,Kepler-393 b,Kepler_393,0.091,0,89.07,9.18242,1.29,2.21,1052,2014
Kepler_393_c,Kepler-393 c,Kepler_393,0.124,0,89.77,14.6136,1.33,2.33,901,2014
Kepler_394_d,Kepler-394 d,Kepler_394,0.05904,0,89.54,5.61358,1.50067,2.86,1165,2021
Kepler_394_b,Kepler-394 b,Kepler_394,0.083,0,89.83,8.00501,1.6,3.19,1035,2014
Kepler_394_c,Kepler-394 c,Kepler_394,0.11,0,89.8,12.1307,1.66,3.39,901,2014
Kepler_395_b,Kepler-395 b,Kepler_395,0.061,0,88.36,7.05435,1.03,1.08,576,2014
Kepler_395_c,Kepler-395 c,Kepler_395,0.177,0,89.96,34.9893,1.32,2.3,341,2014
Kepler_396_b,Kepler-396 b,Kepler_396,0.24067,0,89.34,42.994,3.5,75.5,496,2013
Kepler_396_c,Kepler-396 c,Kepler_396,0.38946,0,90,88.505,5.3,17.9,390,2013
Kepler_397_b,Kepler-397 b,Kepler_397,0.144,0,89.33,22.2509,2.46,6.62,539,2014
Kepler_397_c,Kepler-397 c,Kepler_397,0.48,0,89.58,135.499,6.18,31.6,295,2014
Kepler_398_b,Kepler-398 b,Kepler_398,0.044,0,82.74,4.08142,0.93,0.749,755,2014
Kepler_398_d,Kepler-398 d,Kepler_398,0.0618,0,85.83,6.83437,0.88,0.615,636,2016
Kepler_398_c,Kepler-398 c,Kepler_398,0.087,0,85.38,11.4194,1.01,1.01,536,2014
Kepler_399_b,Kepler-399 b,Kepler_399,0.103,0,89.98,14.4253,0.96,0.84,773,2014
Kepler_399_c,Kepler-399 c,Kepler_399,0.155,0,89.26,26.6757,1.43,2.63,630,2014
Kepler_399_d,Kepler-399 d,Kepler_399,0.261,0,89.98,58.0346,1.89,4.23,486,2014
Kepler_4_b,Kepler-4 b,Kepler_4,0.0456,0,89.76,3.21346,4.002,24.472,1650,2009
Kepler_40_b,Kepler-40 b,Kepler_40,0.08,0,89.7,6.87349,13.11,699.2,1620,2010
Kepler_400_b,Kepler-400 b,Kepler_400,0.087,0,89.97,9.02439,1.65,3.36,939,2014
Kepler_400_c,Kepler-400 c,Kepler_400,0.134,0,89.19,17.3408,1.49,2.83,755,2014
Kepler_401_b,Kepler-401 b,Kepler_401,0.122,0,85.84,14.383,1.71,3.57,889,2014
Kepler_401_c,Kepler-401 c,Kepler_401,0.269,0,89.69,47.3182,2.15,5.27,598,2014
Kepler_401_d,Kepler-401 d,Kepler_401,0.66886,0,89.15,184.256,2.27,5.77,380,2016
Kepler_402_b,Kepler-402 b,Kepler_402,0.051,0,88.85,4.02875,1.22,1.98,1311,2014
Kepler_402_c,Kepler-402 c,Kepler_402,0.068,0,84.71,6.12482,1.56,3.05,1140,2014
Kepler_402_d,Kepler-402 d,Kepler_402,0.087,0,89.6,8.9211,1.38,2.48,1006,2014
Kepler_402_e,Kepler-402 e,Kepler_402,0.102,0,88.3,11.2429,1.46,2.73,931,2014
Kepler_403_b,Kepler-403 b,Kepler_403,0.076,0,89.91,7.03146,1.25,2.1,1194,2014
Kepler_403_d,Kepler-403 d,Kepler_403,0.12178,0,89.53,13.6116,1.42,2.6,958,2016
Kepler_403_c,Kepler-403 c,Kepler_403,0.297,0,88.82,54.2807,1.75,3.71,604,2014
Kepler_404_b,Kepler-404 b,Kepler_404,0.102,0,89.38,11.8299,1.27,2.15,730,2014
Kepler_404_c,Kepler-404 c,Kepler_404,0.118,0,88.81,14.7512,1.72,3.61,678,2014
Kepler_405_b,Kepler-405 b,Kepler_405,0.095,0,89.94,10.6138,2.08,4.98,785,2014
Kepler_405_c,Kepler-405 c,Kepler_405,0.188,0,89.09,29.7267,4.66,19.6,557,2014
Kepler_406_b,Kepler-406 b,Kepler_406,0.03599,0,82.34,2.42629,1.43,6.35,1302,2014
Kepler_406_c,Kepler-406 c,Kepler_406,0.05531,0,87.96,4.62332,0.85,2.71,1050,2014
Kepler_407_b,Kepler-407 b,Kepler_407,0.01531,0,87.19,0.669312,1.19,1.93,1983,2014
Kepler_407_c,Kepler-407 c,Kepler_407,3.2709,0.221479,90,3000,12.3,4000,146.73,2014
Kepler_408_b,Kepler-408 b,Kepler_408,0.03592,0,87.51,2.46502,0.82,5,1561,2014
Kepler_409_b,Kepler-409 b,Kepler_409,0.3192,0.69,86.3,68.9583,1.199,6,438,2014
Kepler_41_b,Kepler-41 b,Kepler_41,0.03101,0,82.51,1.85556,14.46,177.98,1790,2011
Kepler_410_A_b,Kepler-410 A b,Kepler_410_A,0.1226,0.17,87.72,17.8336,2.838,8.44,866,2013
Kepler_411_b,Kepler-411 b,Kepler_411,0.0375,0.146,87.4,3.00516,2.401,25.6,1138,2013
Kepler_411_c,Kepler-411 c,Kepler_411,0.0739,0.108,88.61,7.83444,4.421,26.4,838,2016
Kepler_411_e,Kepler-411 e,Kepler_411,0.186,0.016,88.04,31.5097,3.28,10.8,503,2018
Kepler_411_d,Kepler-411 d,Kepler_411,0.279,0.128,89.43,58.0204,3.319,15.2,410,2018
Kepler_412_b,Kepler-412 b,Kepler_412,0.02897,0.0038,80.559,1.72086,15.0313,299.078,1850,2014
Kepler_413_b,Kepler-413 b,Kepler_413,0.3553,0.1181,89.929,66.262,4.347,67,334.96,2014
Kepler_414_b,Kepler-414 b,Kepler_414,0.0543,0,89.45,4.7,1.71,3.5,1024,2014
Kepler_414_c,Kepler-414 c,Kepler_414,0.07195,0,89.43,7.171,3.01,29.9,890,2014
Kepler_415_b,Kepler-415 b,Kepler_415,0.0426,0,89.41,4.176,1.21,119.9,694,2014
Kepler_415_c,Kepler-415 c,Kepler_415,0.0695,0,89.87,8.708,2.01,4.7,543,2014
Kepler_416_d,Kepler-416 d,Kepler_416,0.0407,0,83.78,3.07645,1.61,3.22,1253,2023
Kepler_416_b,Kepler-416 b,Kepler_416,0.0674,0,85.42,6.319,2.48,58.2,986,2014
Kepler_416_c,Kepler-416 c,Kepler_416,0.10454,0,86.99,12.209,2.352,6.13,791,2014
Kepler_417_b,Kepler-417 b,Kepler_417,0.1006,0,89.98,12.331,2.31,11,671,2014
Kepler_417_c,Kepler-417 c,Kepler_417,0.1194,0,89.96,15.943,2.69,7.7,616,2014
Kepler_418_c,Kepler-418 c,Kepler_418,0.10632,0,88.15,12.2183,5.22109,23.7,835,2021
Kepler_418_b,Kepler-418 b,Kepler_418,0.39249,0.2,89.952,86.6786,13.45,349.611,434,2014
Kepler_419_b,Kepler-419 b,Kepler_419,0.37,0.833,88.95,69.7546,10.8,794.5,613,2014
Kepler_419_c,Kepler-419 c,Kepler_419,1.68,0.184,88,675.47,12.6,2320.1,315.55,2014
Kepler_42_c,Kepler-42 c,Kepler_42,0.006,0,81.11,0.453285,0.73,60.337,720,2011
Kepler_42_b,Kepler-42 b,Kepler_42,0.0116,0.04,85.57,1.21377,0.78,0.705944,519,2011
Kepler_42_d,Kepler-42 d,Kepler_42,0.0154,0.02,88.02,1.86517,0.57,0.357785,450,2011
Kepler_421_b,Kepler-421 b,Kepler_421,1.219,0.041,89.965,704.198,4.16,16.1,185,2014
Kepler_422_b,Kepler-422 b,Kepler_422,0.082,0,88.3,7.89145,12.89,136.66,1028,2014
Kepler_423_b,Kepler-423 b,Kepler_423,0.03585,0.019,87.828,2.68433,13.361,189.101,1605,2014
Kepler_424_b,Kepler-424 b,Kepler_424,0.044,0,84.68,3.31186,9.98,327.35,1116,2014
Kepler_424_c,Kepler-424 c,Kepler_424,0.73,0,90,223.3,12.7,2215.18,298.76,2014
Kepler_425_b,Kepler-425 b,Kepler_425,0.0464,0.33,87.02,3.79702,10.962,79.45,1070,2014
Kepler_426_b,Kepler-426 b,Kepler_426,0.0414,0.18,85.74,3.21752,12.22,108.06,1300,2014
Kepler_427_b,Kepler-427 b,Kepler_427,0.091,0.57,89.5,10.291,13.79,92.17,1100,2014
Kepler_428_b,Kepler-428 b,Kepler_428,0.0433,0.22,89.36,3.52563,12.11,403.63,1070,2014
Kepler_43_b,Kepler-43 b,Kepler_43,0.046,0.017,84.646,3.02409,13.6638,1026.59,1620,2011
Kepler_430_b,Kepler-430 b,Kepler_430,0.2244,0,88.97,35.968,3.25,10.6,667,2015
Kepler_430_c,Kepler-430 c,Kepler_430,0.4757,0,89.94,110.979,1.75,3.71,458,2015
Kepler_431_b,Kepler-431 b,Kepler_431,0.0719,0,80.51,6.803,0.764,0.37,1032,2015
Kepler_431_c,Kepler-431 c,Kepler_431,0.0847,0,82.35,8.703,0.668,0.229,951,2015
Kepler_431_d,Kepler-431 d,Kepler_431,0.1045,0,82.51,11.922,1.11,1.41,856,2015
Kepler_432_b,Kepler-432 b,Kepler_432,0.301,0.5134,88.17,52.5011,12.8343,1719.46,812,2015
Kepler_432_c,Kepler-432 c,Kepler_432,-1,0.498,90,406.2,13.3,772.327,-1,2015
Kepler_433_b,Kepler-433 b,Kepler_433,0.0679,0.119,89.21,5.33408,16.25,896.24,1776,2015
Kepler_434_b,Kepler-434 b,Kepler_434,0.1143,0.131,86.46,12.8747,12.67,908.96,1000,2015
Kepler_435_b,Kepler-435 b,Kepler_435,0.0948,0.114,85.51,8.60015,22.31,266.97,1729,2015
Kepler_436_c,Kepler-436 c,Kepler_436,0.11452,0,87.02,16.7971,2.33,6.04,503,2016
Kepler_436_b,Kepler-436 b,Kepler_436,0.339,0.19,89.93,64.002,2.73,7.9,322,2015
Kepler_437_b,Kepler-437 b,Kepler_437,0.288,0.02,89.9,66.6506,2.14,5.22,308,2015
Kepler_438_b,Kepler-438 b,Kepler_438,0.166,0.03,89.86,35.2332,1.12,1.46,288,2015
Kepler_439_b,Kepler-439 b,Kepler_439,0.563,0.03,89.95,178.14,2.24,5.65,291,2015
Kepler_44_b,Kepler-44 b,Kepler_44,0.0446,0.066,84.96,3.24673,12.22,317.82,1544,2011
Kepler_440_b,Kepler-440 b,Kepler_440,0.242,0.34,89.93,101.111,1.86,4.12,229,2015
Kepler_441_b,Kepler-441 b,Kepler_441,0.64,0.1,89.97,207.248,1.64,3.33,189,2015
Kepler_442_b,Kepler-442 b,Kepler_442,0.409,0.04,89.94,112.305,1.34,2.36,241,2015
Kepler_443_b,Kepler-443 b,Kepler_443,0.495,0.11,89.94,177.669,2.33,6.04,233,2015
Kepler_444_b,Kepler-444 b,Kepler_444,0.04178,0.16,88,3.60011,0.403,0.0374,938,2015
Kepler_444_c,Kepler-444 c,Kepler_444,0.04881,0.31,88.2,4.54588,0.497,0.0793,868,2015
Kepler_444_d,Kepler-444 d,Kepler_444,0.06,0.18,88.16,6.18939,0.53,0.2,783,2015
Kepler_444_e,Kepler-444 e,Kepler_444,0.0696,0.1,89.13,7.74349,0.546,0.1,727,2015
Kepler_444_f,Kepler-444 f,Kepler_444,0.0811,0.29,87.96,9.74049,0.741,0.332,673,2015
Kepler_445_b,Kepler-445 b,Kepler_445,0.0217,0,89.74,2.98415,1.58,3.12,401,2015
Kepler_445_c,Kepler-445 c,Kepler_445,0.0301,0,89.91,4.87123,2.51,6.85,341,2015
Kepler_445_d,Kepler-445 d,Kepler_445,0.0439,0,89.61,8.15275,1.25,2.1,305,2015
Kepler_446_b,Kepler-446 b,Kepler_446,0.0182,0,87.42,1.56541,1.5,2.86,648,2015
Kepler_446_c,Kepler-446 c,Kepler_446,0.0283,0,88.97,3.03618,1.11,1.41,520,2015
Kepler_446_d,Kepler-446 d,Kepler_446,0.0403,0,88.72,5.14892,1.35,2.39,436,2015
Kepler_447_b,Kepler-447 b,Kepler_447,0.0769,0.123,86.55,7.7943,18.49,435.41,882,2015
Kepler_449_b,Kepler-449 b,Kepler_449,0.1027,0.03,89.83,12.5824,2.056,4.88,917,2015
Kepler_449_c,Kepler-449 c,Kepler_449,0.1979,0.05,89.41,33.6727,2.764,8.07,661,2015
Kepler_45_b,Kepler-45 b,Kepler_45,0.03,0.11,87,2.45524,10.76,160.497,1000,2011
Kepler_450_d,Kepler-450 d,Kepler_450,0.0827,0.14,87.91,7.51464,0.837,17.6,1199,2015
Kepler_450_c,Kepler-450 c,Kepler_450,0.13351,0.02,88.73,15.4131,2.62,12.5,944,2015
Kepler_450_b,Kepler-450 b,Kepler_450,0.20092,0.02,88.82,28.4549,6.14,19.4,769,2015
Kepler_452_b,Kepler-452 b,Kepler_452,1.046,0,89.806,384.843,1.63,3.29,265,2015
Kepler_453_b,Kepler-453 b,Kepler_453,0.7903,0.0359,89.4429,240.503,6.204,16,273.62,2015
Kepler_454_b,Kepler-454 b,Kepler_454,0.09528,0.32,87.9,10.5738,2.37,5.4,916,2015
Kepler_454_c,Kepler-454 c,Kepler_454,1.287,0.0053,90,524.19,12.9,1433.41,249.58,2015
Kepler_454_d,Kepler-454 d,Kepler_454,5.1,0.089,90,4073,13.3,734.184,125.37,2023
Kepler_46_d,Kepler-46 d,Kepler_46,0.067,0,88.51,6.76659,1.64,3.33,845,2014
Kepler_46_b,Kepler-46 b,Kepler_46,0.1968,0.01,89.038,33.6013,9.057,1907,543,2012
Kepler_46_c,Kepler-46 c,Kepler_46,0.2799,0.0146,87.4,57.011,13.5,119.499,455,2012
Kepler_461_b,Kepler-461 b,Kepler_461,0.07895,0,89.99,8.31378,2.58,7.18,886,2016
Kepler_462_b,Kepler-462 b,Kepler_462,0.4172,0.042,89.34,84.6866,3,53.9,611,2016
Kepler_462_c,Kepler-462 c,Kepler_462,0.7584,0.11,89.63,207.62,4,6,453,2018
Kepler_463_b,Kepler-463 b,Kepler_463,0.07925,0,89.85,8.98102,3.05,9.53,880,2016
Kepler_464_b,Kepler-464 b,Kepler_464,0.07931,0,85.51,7.25697,3.3,10.9,1163,2016
Kepler_465_b,Kepler-465 b,Kepler_465,0.09195,0,89.94,9.94067,2.95,9.01,996,2016
Kepler_466_c,Kepler-466 c,Kepler_466,0.04658,0,89.73,3.70921,1.25,2.1,1206,2016
Kepler_466_b,Kepler-466 b,Kepler_466,0.26769,0,89.98,51.0793,2.85,8.5,503,2016
Kepler_467_b,Kepler-467 b,Kepler_467,0.16848,0,88.37,24.9932,2.25,5.69,712,2016
Kepler_468_b,Kepler-468 b,Kepler_468,0.2213,0,90,38.4788,13.34,-1,484,2016
Kepler_47_b,Kepler-47 b,Kepler_47,0.2877,0.021,89.752,49.4643,3.05,2.07,490.2,2012
Kepler_47_d,Kepler-47 d,Kepler_47,0.6992,0.024,90.395,187.366,7.04,19.02,314.44,2019
Kepler_47_c,Kepler-47 c,Kepler_47,0.9638,0.044,90.1925,303.227,4.65,3.17,267.82,2012
Kepler_471_b,Kepler-471 b,Kepler_471,0.0626,0,89.58,5.01423,14.96,-1,1308,2016
Kepler_472_b,Kepler-472 b,Kepler_472,0.04823,0,83.75,4.17626,3.22,10.5,876,2016
Kepler_473_b,Kepler-473 b,Kepler_473,0.12048,0,89.86,14.5573,4.08,15.6,879,2016
Kepler_474_b,Kepler-474 b,Kepler_474,0.06092,0,86.77,5.66067,3.06,9.59,1115,2016
Kepler_475_b,Kepler-475 b,Kepler_475,0.03989,0,84.85,3.10551,2.49,6.76,980,2016
Kepler_476_b,Kepler-476 b,Kepler_476,0.1126,0,88.33,14.0064,3.08,9.69,807,2016
Kepler_477_b,Kepler-477 b,Kepler_477,0.0911,0,87.75,11.1199,2.07,4.94,649,2016
Kepler_478_b,Kepler-478 b,Kepler_478,0.1032,0,89.23,13.2218,2.71,7.8,640,2016
Kepler_479_b,Kepler-479 b,Kepler_479,0.09636,0,89.04,12.4934,2.12,5.14,649,2016
Kepler_48_b,Kepler-48 b,Kepler_48,0.05394,0,89.91,4.778,1.88,3.94,932,2012
Kepler_48_c,Kepler-48 c,Kepler_48,0.08633,0,89.51,9.67395,2.71,14.61,736,2012
Kepler_48_d,Kepler-48 d,Kepler_48,0.23302,0,89.99,42.8961,2.04,7.93,448,2014
Kepler_48_e,Kepler-48 e,Kepler_48,1.89827,0.003142,90,982,13.4,657,171.49,2014
Kepler_48_f,Kepler-48 f,Kepler_48,5.71919,0.015283,90,5219.68,13.8,298.581,95.68,2023
Kepler_480_b,Kepler-480 b,Kepler_480,0.06024,0,88.43,4.91958,2.78,8.15,1312,2016
Kepler_481_b,Kepler-481 b,Kepler_481,0.08926,0,87.02,10.0608,2.5,6.8,899,2016
Kepler_482_b,Kepler-482 b,Kepler_482,0.25787,0,89.37,56.3542,2.36,6.17,352,2016
Kepler_483_b,Kepler-483 b,Kepler_483,0.19471,0,88.1,30.2291,3.21,10.4,755,2016
Kepler_484_b,Kepler-484 b,Kepler_484,0.09036,0,89.82,10.0456,2.28,5.82,766,2016
Kepler_485_b,Kepler-485 b,Kepler_485,0.04401,0,89.27,3.24326,14.41,-1,1243,2016
Kepler_487_d,Kepler-487 d,Kepler_487,0.03445,0,89.89,2.41839,2.77514,8.12,1226,2021
Kepler_487_b,Kepler-487 b,Kepler_487,0.11819,0,89.02,15.3588,11.42,-1,662,2016
Kepler_487_c,Kepler-487 c,Kepler_487,0.21864,0,89.96,38.652,2.68,7.65,487,2016
Kepler_489_b,Kepler-489 b,Kepler_489,0.12109,0,89.87,17.2763,7.72,46.1,538,2016
Kepler_49_d,Kepler-49 d,Kepler_49,0.031,0,89.14,2.57655,1.6,235.982,717,2014
Kepler_49_b,Kepler-49 b,Kepler_49,0.05929,0,89.9,7.2,2.579,9.77,509,2012
Kepler_49_c,Kepler-49 c,Kepler_49,0.07821,0.008,88.68,10.91,2.444,8.38,443,2012
Kepler_49_e,Kepler-49 e,Kepler_49,0.116,0,89.99,18.5961,1.56,1.03815,371,2014
Kepler_490_b,Kepler-490 b,Kepler_490,0.0453,0,89.53,3.2687,11.65,-1,1597,2016
Kepler_491_b,Kepler-491 b,Kepler_491,0.05191,0,89.66,4.22538,8.92,59,1111,2016
Kepler_493_b,Kepler-493 b,Kepler_493,0.0439,0,87.33,3.00388,15.13,-1,1438,2016
Kepler_495_b,Kepler-495 b,Kepler_495,0.0427,0,89.75,3.41304,5.23,23.8,1200,2016
Kepler_495_c,Kepler-495 c,Kepler_495,0.0614,0,89.84,5.89661,1.21936,1.98,1000,2021
Kepler_496_b,Kepler-496 b,Kepler_496,0.0747,0,88.99,8.30865,2.32,5.99,747,2016
Kepler_497_b,Kepler-497 b,Kepler_497,0.0457,0,89.69,3.5732,6.04,30.4,1210,2016
Kepler_498_b,Kepler-498 b,Kepler_498,0.0897,0,87.37,9.61375,3.03,9.43,931,2016
Kepler_499_b,Kepler-499 b,Kepler_499,0.0598,0,88.58,5.63253,2.17,5.35,844,2016
Kepler_5_b,Kepler-5 b,Kepler_5,0.0538,0,89.14,3.54847,15.984,670.939,1750,2009
Kepler_50_b,Kepler-50 b,Kepler_50,0.077,0,89.88,7.81254,1.71,8.9,1196,2012
Kepler_50_c,Kepler-50 c,Kepler_50,0.087,0,87.6,9.37647,2.17,8.2,1125,2012
Kepler_500_b,Kepler-500 b,Kepler_500,0.08361,0,89.99,8.50832,2.58,7.18,909,2016
Kepler_501_c,Kepler-501 c,Kepler_501,0.0467,0,89.96,3.62276,1.6812,3.47,1304,2021
Kepler_501_b,Kepler-501 b,Kepler_501,0.0627,0,89.88,5.64068,4.3,17.1,1125,2016
Kepler_502_b,Kepler-502 b,Kepler_502,0.0535,0,81.72,4.28686,4.77,20.4,1217,2016
Kepler_504_b,Kepler-504 b,Kepler_504,0.0646,0,89.92,9.54928,1.59,3.15,374,2016
Kepler_505_b,Kepler-505 b,Kepler_505,0.1445,0,89.61,27.522,2.6,7.27,314,2016
Kepler_506_b,Kepler-506 b,Kepler_506,0.07437,0,89.82,6.88341,2.73,7.9,1080,2016
Kepler_507_b,Kepler-507 b,Kepler_507,0.04781,0,85.83,3.5681,1.3,5.69692,1407,2016
Kepler_508_b,Kepler-508 b,Kepler_508,0.17274,0,87.81,25.3089,1.64,3.33,710,2016
Kepler_509_b,Kepler-509 b,Kepler_509,0.23702,0,89.96,41.746,2.49,6.76,584,2016
Kepler_51_b,Kepler-51 b,Kepler_51,0.2514,0.04,89.78,45.154,7.1,2.1,543,2012
Kepler_51_c,Kepler-51 c,Kepler_51,0.384,0.014,89.44,85.312,9,4,439,2012
Kepler_51_d,Kepler-51 d,Kepler_51,0.509,0.008,89.91,130.194,9.7,7.6,381,2014
Kepler_51_e,Kepler-51 e,Kepler_51,-1,0.02,90,264.284,2.18,5.4,-1,2024
Kepler_510_b,Kepler-510 b,Kepler_510,0.1352,0,87.7,19.5566,2.47,6.66,797,2016
Kepler_511_c,Kepler-511 c,Kepler_511,0.17177,0,89.97,26.6295,4.20964,16.5,742,2021
Kepler_511_b,Kepler-511 b,Kepler_511,0.85672,0,89.81,296.638,6.35,33.1,332,2016
Kepler_512_b,Kepler-512 b,Kepler_512,0.21395,0,89.98,34.4359,2.69,7.7,652,2016
Kepler_513_b,Kepler-513 b,Kepler_513,0.1779,0,88.35,28.8624,2.2,5.48,623,2016
Kepler_514_b,Kepler-514 b,Kepler_514,0.06559,0,81.85,5.6518,1.72,3.61,1248,2016
Kepler_515_b,Kepler-515 b,Kepler_515,0.1333,0,88.51,19.9637,1.46,2.73,564,2016
Kepler_516_b,Kepler-516 b,Kepler_516,0.1992,0,87.08,24.8546,5.74,27.9,1095,2016
Kepler_517_b,Kepler-517 b,Kepler_517,0.28682,0,89.99,60.9283,2.67,7.61,467,2016
Kepler_518_b,Kepler-518 b,Kepler_518,0.07996,0,89.99,8.51204,2.11,5.1,839,2016
Kepler_519_b,Kepler-519 b,Kepler_519,0.15932,0,89.63,24.3079,2.1,5.06,532,2016
Kepler_52_b,Kepler-52 b,Kepler_52,0.0637,0,89.92,7.87736,2.1,135,553,2012
Kepler_52_c,Kepler-52 c,Kepler_52,0.10379,0.012,90,16.385,1.84,45.4,433,2012
Kepler_52_d,Kepler-52 d,Kepler_52,0.182,0,89.98,36.4452,1.95,88.8775,332,2014
Kepler_520_c,Kepler-520 c,Kepler_520,0.06035,0,83.02,5.21104,1.07,1.24,1107,2016
Kepler_520_b,Kepler-520 b,Kepler_520,0.14628,0,87.05,19.6742,1.66,3.39,711,2016
Kepler_521_b,Kepler-521 b,Kepler_521,0.17116,0,89.96,22.2081,3.18,10.2,803,2016
Kepler_522_b,Kepler-522 b,Kepler_522,0.25029,0,85.76,38.5842,6.91,38.2,761,2016
Kepler_523_b,Kepler-523 b,Kepler_523,0.06159,0,89.66,5.83598,1.96,4.5,884,2016
Kepler_524_c,Kepler-524 c,Kepler_524,0.03046,0,89.84,1.88898,0.96,0.84,1574,2016
Kepler_524_b,Kepler-524 b,Kepler_524,0.07955,0,89.36,7.9742,1.91,4.31,974,2016
Kepler_525_b,Kepler-525 b,Kepler_525,0.14386,0,85.7,18.684,2.63,7.41,832,2016
Kepler_526_b,Kepler-526 b,Kepler_526,0.06518,0,85.39,5.4585,1.99,4.62,1099,2016
Kepler_527_b,Kepler-527 b,Kepler_527,0.11646,0,85.87,13.2854,2.84,8.45,1157,2016
Kepler_528_b,Kepler-528 b,Kepler_528,0.14219,0,89.97,19.783,2.08,4.98,708,2016
Kepler_529_b,Kepler-529 b,Kepler_529,0.0309,0,80.89,1.98036,1.86,4.12,1662,2016
Kepler_529_c,Kepler-529 c,Kepler_529,0.1075,0,83.97,12.8345,2,4.66,891,2016
Kepler_529_d,Kepler-529 d,Kepler_529,0.2134,0,85.14,35.8662,2.79503,8.22,633,2021
Kepler_53_d,Kepler-53 d,Kepler_53,0.091,0,80.97,9.75196,2.12,166.503,870,2014
Kepler_53_b,Kepler-53 b,Kepler_53,0.1361,0,89.86,18.649,2.89,111,701,2012
Kepler_53_c,Kepler-53 c,Kepler_53,0.22091,0,87.91,38.5583,3.17,36,550,2012
Kepler_530_b,Kepler-530 b,Kepler_530,0.21491,0,89.97,39.3094,3.01,9.32,488,2016
Kepler_531_b,Kepler-531 b,Kepler_531,0.17446,0,89.06,29.8849,2.78,8.15,453,2016
Kepler_532_b,Kepler-532 b,Kepler_532,0.10151,0,88.26,12.9249,2.57,7.13,620,2016
Kepler_533_b,Kepler-533 b,Kepler_533,0.16704,0,88.68,28.5112,3.38,11.4,423,2016
Kepler_534_c,Kepler-534 c,Kepler_534,0.0761,0,88,7.37869,1.227,2.02,933,2021
Kepler_534_b,Kepler-534 b,Kepler_534,0.1272,0,88.78,15.9599,2.24,5.65,721,2016
Kepler_535_b,Kepler-535 b,Kepler_535,0.06011,0,89.93,4.90332,2.36,6.17,1247,2016
Kepler_536_b,Kepler-536 b,Kepler_536,0.02835,0,89.74,1.82708,3.1,9.8,1877,2016
Kepler_537_b,Kepler-537 b,Kepler_537,0.04317,0,88.14,3.24756,1.41,2.57,1181,2016
Kepler_538_b,Kepler-538 b,Kepler_538,0.3554,0.21,89.73,81.7378,2.215,12.9,417,2016
Kepler_539_b,Kepler-539 b,Kepler_539,0.4988,0.39,89.845,125.632,8.37312,308.295,387.6,2016
Kepler_539_c,Kepler-539 c,Kepler_539,2.42,0.5,90,1000,13.3,762.792,253,2016
Kepler_54_b,Kepler-54 b,Kepler_54,0.0619,0.022,89.59,8.01094,2.1,0.98,453,2012
Kepler_54_c,Kepler-54 c,Kepler_54,0.0809,0,89.96,12.0717,1.23,0.7,395,2012
Kepler_54_d,Kepler-54 d,Kepler_54,0.126,0,89.79,20.9957,1.53,12.0946,328,2014
Kepler_540_b,Kepler-540 b,Kepler_540,0.58822,0,90,172.705,2.71,7.8,355,2016
Kepler_541_b,Kepler-541 b,Kepler_541,0.06447,0,83.85,5.08006,3.36,11.2,1673,2016
Kepler_542_b,Kepler-542 b,Kepler_542,0.10703,0,88.51,13.145,1.57,3.09,698,2016
Kepler_543_b,Kepler-543 b,Kepler_543,0.1023,0,87.8,13.8996,2.5,6.8,521,2016
Kepler_544_b,Kepler-544 b,Kepler_544,0.15482,0,89.8,21.4162,2.12,5.14,748,2016
Kepler_545_b,Kepler-545 b,Kepler_545,0.11248,0,88.07,13.2493,2.69,7.7,806,2016
Kepler_546_b,Kepler-546 b,Kepler_546,0.0502,0,88.7,4.14702,7,39.1,1258,2016
Kepler_547_b,Kepler-547 b,Kepler_547,0.058,0,88.75,6.01038,4,15.1,768,2016
Kepler_548_b,Kepler-548 b,Kepler_548,0.0495,0,88.16,4.45419,11.99,-1,1017,2016
Kepler_549_d,Kepler-549 d,Kepler_549,0.1575,0,89.63,24.6148,4.2,16.4,586,2023
Kepler_549_b,Kepler-549 b,Kepler_549,0.23236,0,89.99,42.9496,2.57,11,487,2016
Kepler_549_c,Kepler-549 c,Kepler_549,0.45332,0,89.92,117.04,2.93,8.91,349,2016
Kepler_55_d,Kepler-55 d,Kepler_55,0.029,0,84.94,2.2111,1.59,3.15,931,2014
Kepler_55_e,Kepler-55 e,Kepler_55,0.048,0,86.99,4.61753,1.55,3.02,728,2014
Kepler_55_f,Kepler-55 f,Kepler_55,0.081,0,88.27,10.1985,1.59,3.15,559,2014
Kepler_55_b,Kepler-55 b,Kepler_55,0.1593,0,89.94,27.9481,2.43,43,400,2012
Kepler_55_c,Kepler-55 c,Kepler_55,0.2095,0,89.96,42.1516,2.21,69.8,349,2012
Kepler_550_b,Kepler-550 b,Kepler_550,0.0747,0,89.84,8.6001,4.42,17.9,760,2016
Kepler_551_b,Kepler-551 b,Kepler_551,0.0893,0,89.17,12.3765,2.73,7.9,483,2016
Kepler_552_b,Kepler-552 b,Kepler_552,0.0612,0,85.55,5.26342,3.95,14.8,1103,2016
Kepler_553_b,Kepler-553 b,Kepler_553,0.04766,0,88.94,4.03047,4.7414,116.007,1089,2016
Kepler_553_c,Kepler-553 c,Kepler_553,0.898,0.346,89.8314,328.24,11.5789,2129.45,251,2016
Kepler_554_b,Kepler-554 b,Kepler_554,0.03022,0,89.03,1.90221,4.29,17,1346,2016
Kepler_555_b,Kepler-555 b,Kepler_555,0.1201,0,89.21,16.2178,2.83,8.4,664,2016
Kepler_556_b,Kepler-556 b,Kepler_556,0.09833,0,89.97,11.7229,2.24,5.65,766,2016
Kepler_557_b,Kepler-557 b,Kepler_557,0.0469,0,82.05,3.70599,2.67,7.61,1281,2016
Kepler_558_b,Kepler-558 b,Kepler_558,0.1759,0,88.57,29.0079,2.37,6.21,498,2016
Kepler_559_b,Kepler-559 b,Kepler_559,0.1277,0,89.81,17.5875,3.61,12.7,706,2016
Kepler_56_b,Kepler-56 b,Kepler_56,0.1028,0.04,89.66,10.5016,6.51,22.1,1378,2012
Kepler_56_c,Kepler-56 c,Kepler_56,0.1652,0,80.4,21.4024,9.8,181,1087,2012
Kepler_56_d,Kepler-56 d,Kepler_56,2.16,0.2,90,1002,12.8,1784,324.75,2016
Kepler_560_b,Kepler-560 b,Kepler_560,0.0899,0.17,89.606,18.4776,1.72,3.61,298,2016
Kepler_561_c,Kepler-561 c,Kepler_561,0.05947,0,89.98,5.35016,2.68,7.65,989,2016
Kepler_561_b,Kepler-561 b,Kepler_561,0.29256,0,89.67,58.362,6.96,38.7,446,2016
Kepler_562_b,Kepler-562 b,Kepler_562,0.1333,0,88.73,18.0093,5.21,23.7,658,2016
Kepler_563_b,Kepler-563 b,Kepler_563,0.1418,0,89.97,22.1843,3.09,9.75,546,2016
Kepler_564_b,Kepler-564 b,Kepler_564,0.0484,0,90,3.75083,4.63,19.4,1129,2016
Kepler_565_b,Kepler-565 b,Kepler_565,0.0501,0,89.82,4.24375,3.64,12.9,1063,2016
Kepler_566_b,Kepler-566 b,Kepler_566,0.1247,0,88.81,18.4279,2.15,5.27,526,2016
Kepler_567_b,Kepler-567 b,Kepler_567,0.1229,0,89.41,16.543,2.25,5.69,611,2016
Kepler_568_b,Kepler-568 b,Kepler_568,0.0794,0,89.03,11.0235,2.26,5.73,429,2016
Kepler_569_b,Kepler-569 b,Kepler_569,0.19784,0,89.93,34.1889,3.16,10.1,526,2016
Kepler_57_b,Kepler-57 b,Kepler_57,0.05988,0.0162,88.9,5.72,3.135,25.06,850,2012
Kepler_57_c,Kepler-57 c,Kepler_57,0.09588,0.0725,89.96,11.6,2.196,6.86,671,2012
Kepler_570_b,Kepler-570 b,Kepler_570,0.0497,0,87.69,4.30166,2.45,6.57,1009,2016
Kepler_571_b,Kepler-571 b,Kepler_571,0.0546,0,86.64,4.7986,2.64,7.46,978,2016
Kepler_572_b,Kepler-572 b,Kepler_572,0.1192,0,89.98,17.2052,2.58,7.18,553,2016
Kepler_573_b,Kepler-573 b,Kepler_573,0.14527,0,89.96,22.1833,2.79,8.2,646,2016
Kepler_574_b,Kepler-574 b,Kepler_574,0.0723,0,89.95,7.6588,2.39,6.3,858,2016
Kepler_575_b,Kepler-575 b,Kepler_575,0.0788,0,87.68,9.37892,2.39,6.3,803,2016
Kepler_576_b,Kepler-576 b,Kepler_576,0.179,0,89.93,29.9114,3.27,10.7,541,2016
Kepler_577_b,Kepler-577 b,Kepler_577,0.1348,0,88.97,25.6958,2.55,7.04,314,2016
Kepler_578_b,Kepler-578 b,Kepler_578,0.0266,0,78.6,1.61688,2,4.66,1774,2016
Kepler_579_b,Kepler-579 b,Kepler_579,0.0854,0,87.59,9.66858,2,4.66,730,2016
Kepler_58_e,Kepler-58 e,Kepler_58,0.0533,0,84.65,4.45815,1.61,597.796,1212,2023
Kepler_58_b,Kepler-58 b,Kepler_58,0.09291,0.04,88.76,10.2185,2.78,35.5,920,2012
Kepler_58_c,Kepler-58 c,Kepler_58,0.12307,0,83.89,15.5742,2.86,53,799,2012
Kepler_58_d,Kepler-58 d,Kepler_58,0.236,0,88.44,40.1014,2.94,245.343,583,2014
Kepler_580_b,Kepler-580 b,Kepler_580,0.0683,0,89.39,8.22242,2.57,7.13,558,2016
Kepler_581_b,Kepler-581 b,Kepler_581,0.2259,0,89.41,40.607,2.63,7.41,521,2016
Kepler_582_b,Kepler-582 b,Kepler_582,0.1254,0,89.95,18.4924,3.68,13.1,603,2016
Kepler_583_b,Kepler-583 b,Kepler_583,0.0689,0,89.91,6.51003,2.28,5.82,1017,2016
Kepler_584_b,Kepler-584 b,Kepler_584,0.2281,0,88.18,35.181,4.21,16.5,664,2016
Kepler_585_b,Kepler-585 b,Kepler_585,0.03841,0,87.36,2.75236,2.83,8.4,1178,2016
Kepler_586_b,Kepler-586 b,Kepler_586,0.0331,0,89.99,2.10472,2.79,8.2,1365,2016
Kepler_587_b,Kepler-587 b,Kepler_587,0.0952,0,88.85,10.9403,2.23,5.6,764,2016
Kepler_588_b,Kepler-588 b,Kepler_588,0.052,0,82.12,4.22163,2.63,7.41,1176,2016
Kepler_589_c,Kepler-589 c,Kepler_589,0.0426,0,71.95,3.52466,1.11727,1.45,1098,2021
Kepler_589_b,Kepler-589 b,Kepler_589,0.1196,0,86.74,16.5496,2.27,5.77,656,2016
Kepler_59_b,Kepler-59 b,Kepler_59,0.09943,0,86.93,11.8682,1.1,4.1,864,2012
Kepler_59_c,Kepler-59 c,Kepler_59,0.13114,0,88.06,17.9801,1.98,3.81,752,2012
Kepler_590_b,Kepler-590 b,Kepler_590,0.0647,0,88.11,5.85296,4.02,15.2,1056,2016
Kepler_591_b,Kepler-591 b,Kepler_591,0.3554,0,88.79,81.1694,3.39,11.4,436,2016
Kepler_592_b,Kepler-592 b,Kepler_592,0.0397,0,84.91,2.82019,2.39,6.3,1367,2016
Kepler_593_b,Kepler-593 b,Kepler_593,0.1508,0,86.39,21.2171,2.87,8.6,706,2016
Kepler_594_b,Kepler-594 b,Kepler_594,0.1089,0,89.79,13.6462,2.18,5.39,678,2016
Kepler_595_c,Kepler-595 c,Kepler_595,0.0983,0,89.01,12.386,1.009,3.3,679,2020
Kepler_595_b,Kepler-595 b,Kepler_595,0.1582,0,89.95,25.3029,3.708,17.4,535,2016
Kepler_596_b,Kepler-596 b,Kepler_596,0.15161,0,89.89,21.3002,3.46,11.8,725,2016
Kepler_597_b,Kepler-597 b,Kepler_597,0.10916,0,89.93,13.0237,2.37,6.21,743,2016
Kepler_598_b,Kepler-598 b,Kepler_598,0.04487,0,84.83,3.70175,1.5,2.86,1050,2016
Kepler_598_c,Kepler-598 c,Kepler_598,0.36672,0,89.33,86.4945,3.02421,9.4,367,2020
Kepler_599_b,Kepler-599 b,Kepler_599,0.1128,0,89.42,15.6556,2.84,8.45,623,2016
Kepler_6_b,Kepler-6 b,Kepler_6,0.04852,0,88.93,3.2347,14.6165,212.31,1460,2009
Kepler_60_b,Kepler-60 b,Kepler_60,0.07255,0,86.52,7.1334,1.71,4.19,1102,2012
Kepler_60_c,Kepler-60 c,Kepler_60,0.08422,0.039,87.32,8.9187,1.9,3.85,1023,2012
Kepler_60_d,Kepler-60 d,Kepler_60,0.10203,0.002,87.21,11.8981,1.99,4.16,929,2012
Kepler_600_b,Kepler-600 b,Kepler_600,0.1536,0,88.06,23.6752,2.9,8.75,528,2016
Kepler_601_b,Kepler-601 b,Kepler_601,0.05494,0,85.81,5.37887,1.9,4.27,833,2016
Kepler_602_b,Kepler-602 b,Kepler_602,0.1224,0,86.51,15.2847,2.09,5.02,852,2016
Kepler_603_d,Kepler-603 d,Kepler_603,0.07117,0,88.14,6.21713,1.32,2.3,1098,2016
Kepler_603_b,Kepler-603 b,Kepler_603,0.16052,0,89.98,21.0536,2.65,7.51,731,2016
Kepler_603_c,Kepler-603 c,Kepler_603,0.53439,0,89.58,127.908,6.5,34.5,401,2016
Kepler_604_b,Kepler-604 b,Kepler_604,0.1735,0,89.7,25.855,2.59,7.22,637,2016
Kepler_605_c,Kepler-605 c,Kepler_605,0.03336,0,87.91,2.35895,0.86,0.566,1278,2016
Kepler_605_b,Kepler-605 b,Kepler_605,0.04244,0,87.54,3.38354,1.44,2.67,1133,2016
Kepler_606_b,Kepler-606 b,Kepler_606,0.17,0,88.94,24.3158,3.31,11,683,2016
Kepler_607_b,Kepler-607 b,Kepler_607,0.0137,0,88.69,0.638163,0.87,0.59,1874,2016
Kepler_607_c,Kepler-607 c,Kepler_607,0.21507,0,89.24,39.6768,2.76001,8.05,473,2021
Kepler_608_b,Kepler-608 b,Kepler_608,0.0685,0,86.11,6.41252,3.64,12.9,1069,2016
Kepler_609_b,Kepler-609 b,Kepler_609,0.0682,0,88.14,6.52121,3.35,11.2,932,2016
Kepler_61_b,Kepler-61 b,Kepler_61,0.24861,0.25,89.8,59.8776,2.15,5.27,273,2013
Kepler_610_b,Kepler-610 b,Kepler_610,0.0719,0,89.94,6.99693,4.19,16.3,888,2016
Kepler_610_c,Kepler-610 c,Kepler_610,0.5594,0,89.99,151.864,3.3,10.9,318,2016
Kepler_611_b,Kepler-611 b,Kepler_611,0.0351,0,89.87,2.43703,1.65,3.36,1513,2016
Kepler_612_b,Kepler-612 b,Kepler_612,0.0452,0,86.76,3.72216,2.84,8.45,1046,2016
Kepler_613_b,Kepler-613 b,Kepler_613,0.1232,0,89.95,15.7798,2.29,5.86,713,2016
Kepler_614_b,Kepler-614 b,Kepler_614,0.1027,0,88.37,14.0349,2.39,6.3,641,2016
Kepler_615_b,Kepler-615 b,Kepler_615,0.085,0,89.64,10.3558,1.74,3.68,620,2016
Kepler_616_b,Kepler-616 b,Kepler_616,0.0927,0,86.18,9.99762,2.43,6.48,860,2016
Kepler_616_d,Kepler-616 d,Kepler_616,0.2749,0,89.66,51.0674,2.653,7.52,499,2021
Kepler_616_c,Kepler-616 c,Kepler_616,0.4024,0,89.16,90.4114,3.41,11.5,413,2016
Kepler_617_b,Kepler-617 b,Kepler_617,0.0219,0,89.85,1.6827,1.32,2.3,750,2016
Kepler_618_b,Kepler-618 b,Kepler_618,0.0449,0,86.34,3.59577,2.6,7.27,1296,2016
Kepler_619_c,Kepler-619 c,Kepler_619,0.02216,0,76.66,1.20847,1.69,3.5,1767,2016
Kepler_619_b,Kepler-619 b,Kepler_619,0.06014,0,89.2,5.40427,3.16,10.1,1073,2016
Kepler_619_d,Kepler-619 d,Kepler_619,0.1021,0,88.28,11.6789,4.17,16.2,830,2023
Kepler_62_b,Kepler-62 b,Kepler_62,0.0553,0,89.2,5.71493,1.31,9,750,2013
Kepler_62_c,Kepler-62 c,Kepler_62,0.0929,0,89.7,12.4417,0.54,4,578,2013
Kepler_62_d,Kepler-62 d,Kepler_62,0.12,0,89.7,18.1641,1.95,14,510,2013
Kepler_62_e,Kepler-62 e,Kepler_62,0.427,0,89.98,122.387,1.61,36,270,2013
Kepler_62_f,Kepler-62 f,Kepler_62,0.718,0,89.9,267.291,1.41,35,208,2013
Kepler_620_b,Kepler-620 b,Kepler_620,0.1053,0,85.45,12.9138,3.32,11,849,2016
Kepler_621_b,Kepler-621 b,Kepler_621,0.031,0,86.15,2.62811,2.3,5.9,737,2016
Kepler_622_b,Kepler-622 b,Kepler_622,0.0978,0,89.97,14.2823,2.13,5.18,446,2016
Kepler_623_b,Kepler-623 b,Kepler_623,0.0854,0,89.97,9.07098,3.01,9.32,825,2016
Kepler_624_b,Kepler-624 b,Kepler_624,0.11638,0,88.22,14.5865,2.31,5.95,852,2016
Kepler_625_c,Kepler-625 c,Kepler_625,0.05379,0,87.83,4.16537,1.05,1.16,1048,2016
Kepler_625_b,Kepler-625 b,Kepler_625,0.08137,0,87.83,7.75192,1.99,4.62,852,2016
Kepler_626_b,Kepler-626 b,Kepler_626,0.10913,0,86.48,14.4859,2.29,5.86,784,2016
Kepler_627_b,Kepler-627 b,Kepler_627,0.22661,0,88.02,40.6994,3.73,13.4,685,2016
Kepler_629_b,Kepler-629 b,Kepler_629,0.07107,0,89.53,7.23859,1.38,2.48,816,2016
Kepler_63_b,Kepler-63 b,Kepler_63,0.08,0.45,87.806,9.43415,6.11,120,791,2013
Kepler_630_b,Kepler-630 b,Kepler_630,0.56201,0,89.48,161.474,3.18,10.2,343,2016
Kepler_631_b,Kepler-631 b,Kepler_631,0.14017,0,89.84,17.9798,2.9,8.75,828,2016
Kepler_632_b,Kepler-632 b,Kepler_632,0.1885,0,89.14,30.9966,2.21,5.52,500,2016
Kepler_633_b,Kepler-633 b,Kepler_633,0.08185,0,86.36,8.50341,1.63,3.29,1021,2016
Kepler_633_c,Kepler-633 c,Kepler_633,0.16246,0,89.98,23.7832,2.296,5.89,725,2021
Kepler_634_b,Kepler-634 b,Kepler_634,0.05765,0,88.44,5.1695,1.89,4.23,1309,2016
Kepler_635_b,Kepler-635 b,Kepler_635,0.18332,0,89.46,23.4497,2.64,7.46,802,2016
Kepler_636_b,Kepler-636 b,Kepler_636,0.1185,0,89.93,16.0807,4.45,18.1,614,2016
Kepler_637_b,Kepler-637 b,Kepler_637,0.16619,0,89.92,23.2058,4.75,20.2,1002,2016
Kepler_638_b,Kepler-638 b,Kepler_638,0.06695,0,85.43,6.07973,1.83,4.01,1111,2016
Kepler_639_b,Kepler-639 b,Kepler_639,0.09358,0,89.93,10.2142,2.38,6.26,957,2016
Kepler_640_b,Kepler-640 b,Kepler_640,0.15418,0,87.79,22.2481,2.56,7.08,609,2016
Kepler_641_b,Kepler-641 b,Kepler_641,0.0895,0,86.44,9.48962,1.85,4.08,926,2016
Kepler_642_b,Kepler-642 b,Kepler_642,0.05631,0,89.58,4.41746,2.9,8.75,1810,2016
Kepler_643_b,Kepler-643 b,Kepler_643,0.13485,0.37,88.91,16.3389,10.16,321.008,963,2016
Kepler_644_b,Kepler-644 b,Kepler_644,0.04641,0,78.65,3.17392,3.15,10.1,1655,2016
Kepler_645_b,Kepler-645 b,Kepler_645,0.04541,0,82.54,3.27582,2.1,5.06,1730,2016
Kepler_646_b,Kepler-646 b,Kepler_646,0.11251,0,89.3,15.8736,1.99,4.62,632,2016
Kepler_647_b,Kepler-647 b,Kepler_647,0.12237,0,89.16,16.2255,1.17,1.71,788,2016
Kepler_647_c,Kepler-647 c,Kepler_647,0.18291,0,89.96,29.6663,4.00135,15.1,644,2020
Kepler_648_b,Kepler-648 b,Kepler_648,0.13324,0,88.24,17.4212,3.22,10.5,674,2016
Kepler_649_b,Kepler-649 b,Kepler_649,0.17522,0,89.97,29.9072,2.26,5.73,564,2016
Kepler_65_b,Kepler-65 b,Kepler_65,0.035,0.028,92.2,2.15491,1.42,2.4,1740,2012
Kepler_65_c,Kepler-65 c,Kepler_65,0.068,0.02,92.33,5.85994,2.58,5.4,1246,2012
Kepler_65_d,Kepler-65 d,Kepler_65,0.084,0.014,92.35,8.13123,1.52,4.14,1117,2012
Kepler_65_e,Kepler-65 e,Kepler_65,0.853931,0.283,127,258.8,13.9,260,389.08,2019
Kepler_650_b,Kepler-650 b,Kepler_650,0.0421,0,76.77,3.03215,2.96,9.06,1507,2016
Kepler_651_b,Kepler-651 b,Kepler_651,0.14078,0,89.16,21.3852,2.37,6.21,574,2016
Kepler_652_b,Kepler-652 b,Kepler_652,0.04958,0,89.94,4.182,2.49,6.76,974,2016
Kepler_653_c,Kepler-653 c,Kepler_653,0.01855,0,89.04,0.900376,0.78,0.399,2078,2016
Kepler_653_b,Kepler-653 b,Kepler_653,0.11945,0,89.8,14.7075,1.95,4.46,819,2016
Kepler_654_b,Kepler-654 b,Kepler_654,0.11664,0,85.87,13.7247,2.07,4.94,831,2016
Kepler_655_b,Kepler-655 b,Kepler_655,0.25697,0,89.98,46.4063,2.71,7.8,588,2016
Kepler_656_b,Kepler-656 b,Kepler_656,0.02231,0,77.17,1.26026,3.12,9.91,1569,2016
Kepler_656_c,Kepler-656 c,Kepler_656,0.0602,0,83.61,5.25449,1.41,2.57,975,2023
Kepler_657_b,Kepler-657 b,Kepler_657,0.17337,0,89.91,24.5435,3.52,12.2,616,2016
Kepler_658_b,Kepler-658 b,Kepler_658,0.0188,0,89.98,1.28708,1.63,3.29,871,2016
Kepler_659_b,Kepler-659 b,Kepler_659,0.1204,0,87.81,17.6718,2.5,6.8,513,2016
Kepler_66_b,Kepler-66 b,Kepler_66,0.1352,0,87.08,17.8158,2.8,8.25,699,2013
Kepler_660_b,Kepler-660 b,Kepler_660,0.0759,0,88.93,9.27358,2.57,7.13,649,2016
Kepler_661_b,Kepler-661 b,Kepler_661,0.0585,0,89.5,6.0293,3.07,9.64,678,2016
Kepler_662_b,Kepler-662 b,Kepler_662,0.1408,0,87.91,21.677,2.18,5.39,530,2016
Kepler_663_b,Kepler-663 b,Kepler_663,0.0559,0,86.9,4.99678,2.6,7.27,917,2016
Kepler_664_b,Kepler-664 b,Kepler_664,0.0374,0,85.41,2.52559,2.66,7.56,1406,2016
Kepler_665_b,Kepler-665 b,Kepler_665,0.1148,0,88.14,16.0131,2.6,7.27,593,2016
Kepler_666_b,Kepler-666 b,Kepler_666,0.0542,0,88,4.49876,2.4,6.35,1133,2016
Kepler_667_b,Kepler-667 b,Kepler_667,0.2288,0,89.31,41.4396,4.73,20.1,516,2016
Kepler_668_b,Kepler-668 b,Kepler_668,0.0768,0,89.95,8.35391,2.7,7.75,790,2016
Kepler_669_b,Kepler-669 b,Kepler_669,0.0529,0,85.95,4.12555,4.83,20.8,1243,2016
Kepler_67_b,Kepler-67 b,Kepler_67,0.1171,0,89.78,15.7259,2.94,8.96,602,2013
Kepler_670_b,Kepler-670 b,Kepler_670,0.0383,0,89.37,2.8165,13.18,-1,1219,2016
Kepler_671_b,Kepler-671 b,Kepler_671,0.0503,0,87.72,4.28096,2.69,7.7,1012,2016
Kepler_672_b,Kepler-672 b,Kepler_672,0.2163,0,89.44,38.3775,2.5,6.8,529,2016
Kepler_673_b,Kepler-673 b,Kepler_673,0.0455,0,86.7,3.72873,6.54,34.8,1023,2016
Kepler_674_b,Kepler-674 b,Kepler_674,0.028,0,82.88,2.24338,1.69,3.5,822,2016
Kepler_675_b,Kepler-675 b,Kepler_675,0.0325,0,88.19,2.33744,2.44,6.53,1070,2016
Kepler_676_b,Kepler-676 b,Kepler_676,0.0798,0,88.62,11.5982,3.04,9.48,396,2016
Kepler_677_b,Kepler-677 b,Kepler_677,0.067,0,88.03,6.57532,5.38,25,1015,2016
Kepler_678_b,Kepler-678 b,Kepler_678,0.0732,0,85.29,7.27504,5.14,23.1,833,2016
Kepler_679_b,Kepler-679 b,Kepler_679,0.0983,0,86.13,12.3936,3.01,9.32,677,2016
Kepler_68_b,Kepler-68 b,Kepler_68,0.06135,0.09,87.23,5.39875,2.357,8.03,1275,2013
Kepler_68_c,Kepler-68 c,Kepler_68,0.09008,0.099,87.071,9.60503,0.979,1.3,1052,2013
Kepler_68_d,Kepler-68 d,Kepler_68,1.469,0.102,90,632.62,13.9,267,260.75,2013
Kepler_68_e,Kepler-68 e,Kepler_68,4.6,0.33,90,3455,11.2,86.4493,147.35,2023
Kepler_680_b,Kepler-680 b,Kepler_680,0.0469,0,89.19,3.68993,2.42,6.44,1147,2016
Kepler_681_b,Kepler-681 b,Kepler_681,0.1635,0,89.28,26.3944,3.08,9.69,489,2016
Kepler_682_b,Kepler-682 b,Kepler_682,0.1058,0,88.17,12.6119,7.37,42.6,753,2016
Kepler_683_b,Kepler-683 b,Kepler_683,0.0355,0,88.28,2.53918,1.97,4.54,1332,2016
Kepler_684_b,Kepler-684 b,Kepler_684,0.064,0,86.84,6.7703,3.36,11.2,812,2016
Kepler_685_b,Kepler-685 b,Kepler_685,0.0265,0,89.22,1.62552,10.58,78.8,1579,2016
Kepler_686_b,Kepler-686 b,Kepler_686,0.0258,0,85.25,1.59475,12.15,-1,1539,2016
Kepler_687_b,Kepler-687 b,Kepler_687,0.1326,0,89.62,20.5059,3.52,12.2,518,2016
Kepler_688_b,Kepler-688 b,Kepler_688,0.046,0,87.56,3.89594,9.76,68.7,1005,2016
Kepler_689_b,Kepler-689 b,Kepler_689,0.1449,0,89.26,22.3666,2.89,8.7,536,2016
Kepler_69_b,Kepler-69 b,Kepler_69,0.094,0.16,89.62,13.7223,2.24,5.65,779,2013
Kepler_69_c,Kepler-69 c,Kepler_69,0.64,0.14,89.85,242.461,1.71,3.57,299,2013
Kepler_690_b,Kepler-690 b,Kepler_690,0.081,0,88.02,7.74809,5.95,29.6,964,2016
Kepler_691_b,Kepler-691 b,Kepler_691,0.0649,0,88.61,8.11438,2.09,5.02,460,2016
Kepler_692_b,Kepler-692 b,Kepler_692,0.1495,0,89.92,21.8129,3.11,9.85,639,2016
Kepler_693_b,Kepler-693 b,Kepler_693,0.1121,0,88.73,15.3756,10.18,73.8,600,2016
Kepler_694_b,Kepler-694 b,Kepler_694,0.0659,0,87.92,6.36584,2.8,8.25,914,2016
Kepler_695_b,Kepler-695 b,Kepler_695,0.0374,0,85.95,3.04033,9.21,62.3,1021,2016
Kepler_696_b,Kepler-696 b,Kepler_696,0.0535,0,87.52,4.19043,6.14,31.3,1234,2016
Kepler_697_b,Kepler-697 b,Kepler_697,0.0471,0,89.86,3.70987,4.13,16,1151,2016
Kepler_698_b,Kepler-698 b,Kepler_698,0.1255,0,86.59,16.3298,3.68,13.1,727,2016
Kepler_7_b,Kepler-7 b,Kepler_7,0.06067,0,85.161,4.88549,18.181,140.163,1630,2009
Kepler_700_b,Kepler-700 b,Kepler_700,0.3577,0,89.4,80.8721,5.99,30,452,2016
Kepler_701_b,Kepler-701 b,Kepler_701,0.0895,0,89.93,10.3553,2.84,8.45,777,2016
Kepler_702_b,Kepler-702 b,Kepler_702,0.088,0,88.69,10.5263,9.17,61.8,713,2016
Kepler_703_b,Kepler-703 b,Kepler_703,0.0535,0,89.81,4.58352,8.2,51.1,1038,2016
Kepler_704_b,Kepler-704 b,Kepler_704,0.047,0,75.62,3.76182,2.61,7.32,1121,2016
Kepler_705_b,Kepler-705 b,Kepler_705,0.232,0,89.99,56.0561,2.11,5.1,265,2016
Kepler_707_b,Kepler-707 b,Kepler_707,0.0325,0,89.23,2.23749,1.33,2.33,1160,2016
Kepler_708_b,Kepler-708 b,Kepler_708,0.0426,0,89.87,3.16789,2.93,8.91,1221,2016
Kepler_709_b,Kepler-709 b,Kepler_709,0.1173,0,87.21,16.0852,2.92,8.85,613,2016
Kepler_710_b,Kepler-710 b,Kepler_710,0.0524,0,89.91,4.34729,1.88,4.19,1174,2016
Kepler_711_b,Kepler-711 b,Kepler_711,0.1429,0,86.86,23.5891,3.41,11.5,487,2016
Kepler_712_b,Kepler-712 b,Kepler_712,0.13615,0,89.95,21.0225,3.41,11.5,521,2016
Kepler_712_c,Kepler-712 c,Kepler_712,0.66479,0,89.76,226.89,4.85,21,236,2016
Kepler_713_b,Kepler-713 b,Kepler_713,0.0748,0,87.54,7.41114,2.48,6.71,905,2016
Kepler_714_b,Kepler-714 b,Kepler_714,0.0832,0,89.93,8.09889,9.67,67.6,986,2016
Kepler_715_b,Kepler-715 b,Kepler_715,0.0933,0,83.94,10.0065,3.75,13.5,876,2016
Kepler_716_c,Kepler-716 c,Kepler_716,0.04548,0,86.81,3.96999,1.39282,2.52,992,2020
Kepler_716_b,Kepler-716 b,Kepler_716,0.08628,0,88.66,10.3717,2.9,8.75,720,2016
Kepler_717_b,Kepler-717 b,Kepler_717,0.052,0,74.9,4.4084,2.42,6.44,1139,2016
Kepler_718_b,Kepler-718 b,Kepler_718,0.0322,0,86.76,2.05235,16.56,-1,1497,2016
Kepler_719_b,Kepler-719 b,Kepler_719,0.0556,0,87.87,5.00732,8.52,54.5,998,2016
Kepler_720_b,Kepler-720 b,Kepler_720,0.0539,0,89.71,4.70833,8.41,53.4,1162,2016
Kepler_721_b,Kepler-721 b,Kepler_721,0.0583,0,88.67,5.39203,2.64,7.46,850,2016
Kepler_722_b,Kepler-722 b,Kepler_722,0.0514,0,79.95,4.09357,2.63,7.41,1182,2016
Kepler_722_c,Kepler-722 c,Kepler_722,0.4471,0,88.39,105.145,2.82,8.35,401,2016
Kepler_723_b,Kepler-723 b,Kepler_723,0.0479,0,89.51,4.08228,12.19,-1,1016,2016
Kepler_724_b,Kepler-724 b,Kepler_724,0.0433,0,85.11,3.31495,3.29,10.8,1155,2016
Kepler_725_b,Kepler-725 b,Kepler_725,0.2238,0.231,89.8,39.6437,10.8,521.762,514,2016
Kepler_725_c,Kepler-725 c,Kepler_725,0.6744,0.436,89.6966,207.541,3.08,9.7,268,2025
Kepler_726_b,Kepler-726 b,Kepler_726,0.1406,0,88.76,21.8045,3.26,10.7,543,2016
Kepler_727_b,Kepler-727 b,Kepler_727,0.0546,0,80.1,5.15448,2.53,6.94,964,2016
Kepler_728_b,Kepler-728 b,Kepler_728,0.0625,0,90,5.74348,3.34,11.1,982,2016
Kepler_729_b,Kepler-729 b,Kepler_729,0.0432,0,89.76,3.16635,3.58,12.5,1273,2016
Kepler_730_c,Kepler-730 c,Kepler_730,0.03997,0,83.81,2.85188,1.56926,3.09,1607,2018
Kepler_730_b,Kepler-730 b,Kepler_730,0.0694,0,86.96,6.49168,12.3299,-1,1219,2016
Kepler_731_b,Kepler-731 b,Kepler_731,0.0505,0,87.96,3.8556,13.88,-1,1212,2016
Kepler_732_c,Kepler-732 c,Kepler_732,0.0143,0,89.92,0.893041,1.27,2.15,893,2016
Kepler_732_b,Kepler-732 b,Kepler_732,0.0691,0,89.85,9.46781,2.18,5.39,407,2016
Kepler_733_b,Kepler-733 b,Kepler_733,0.1483,0,89.63,20.8342,2.82,8.35,595,2016
Kepler_734_b,Kepler-734 b,Kepler_734,0.0583,0,89.78,6.10485,3.56,12.4,784,2016
Kepler_735_b,Kepler-735 b,Kepler_735,0.0965,0,89.59,11.5152,2.95,9.01,657,2016
Kepler_736_b,Kepler-736 b,Kepler_736,0.0428,0,89.9,3.60147,2.93,8.91,996,2016
Kepler_737_b,Kepler-737 b,Kepler_737,0.1422,0,89.99,28.5992,1.96,4.5,298,2016
Kepler_738_b,Kepler-738 b,Kepler_738,0.1552,0,89.02,24.5872,2.5,6.8,530,2016
Kepler_739_b,Kepler-739 b,Kepler_739,0.1054,0,87.96,12.5325,3.32,11,775,2016
Kepler_74_b,Kepler-74 b,Kepler_74,0.0781,0,87.46,7.34071,10.76,200.22,1078,2013
Kepler_740_b,Kepler-740 b,Kepler_740,0.0462,0,89.76,3.5841,4.57,18.9,1131,2016
Kepler_741_b,Kepler-741 b,Kepler_741,0.0744,0,89.94,7.03902,2.97,9.11,1051,2016
Kepler_742_b,Kepler-742 b,Kepler_742,0.0744,0,88.69,8.36087,3.24,10.6,690,2016
Kepler_743_b,Kepler-743 b,Kepler_743,0.04166,0,89.59,3.17926,1.21,1.92,1101,2016
Kepler_744_b,Kepler-744 b,Kepler_744,0.09735,0,89.47,12.0622,1.62,3.26,750,2016
Kepler_745_b,Kepler-745 b,Kepler_745,0.0915,0,89.84,9.93144,2.16,5.31,931,2016
Kepler_746_b,Kepler-746 b,Kepler_746,0.0435,0,89.71,3.48159,1.11,1.41,1156,2016
Kepler_747_b,Kepler-747 b,Kepler_747,0.1916,0,89.98,35.6176,5.27,24.1,456,2016
Kepler_748_b,Kepler-748 b,Kepler_748,0.0745,0,89.89,7.40743,2.52,6.9,938,2016
Kepler_749_b,Kepler-749 b,Kepler_749,0.1054,0,88.8,17.3172,3.1,9.8,454,2016
Kepler_75_b,Kepler-75 b,Kepler_75,0.0818,0.57,89.12,8.88491,11.77,3209.9,767,2013
Kepler_750_c,Kepler-750 c,Kepler_750,0.05009,0,87.39,4.08899,1.62,3.26,1537,2016
Kepler_750_b,Kepler-750 b,Kepler_750,0.08742,0,89.96,9.42887,3.07,9.64,1163,2016
Kepler_751_b,Kepler-751 b,Kepler_751,0.1263,0,86.98,17.4449,2.46,6.62,679,2016
Kepler_752_b,Kepler-752 b,Kepler_752,0.1353,0,89.96,18.8275,2.81,8.3,632,2016
Kepler_753_b,Kepler-753 b,Kepler_753,0.054,0,88.33,5.74773,1.91,4.31,641,2016
Kepler_754_b,Kepler-754 b,Kepler_754,0.116,0,89.93,14.5596,2.01,4.7,758,2016
Kepler_755_b,Kepler-755 b,Kepler_755,0.02156,0,86.18,1.26909,1.76,3.75,1331,2016
Kepler_755_c,Kepler-755 c,Kepler_755,0.037,0,86.37,2.85313,1.26,2.13,1016,2016
Kepler_756_b,Kepler-756 b,Kepler_756,0.0219,0,86.94,1.22487,1.12,1.46,1741,2016
Kepler_757_b,Kepler-757 b,Kepler_757,0.019,0,89.81,1.02268,1.36,2.42,1734,2016
Kepler_758_c,Kepler-758 c,Kepler_758,0.05768,0,84.31,4.75794,1.69,3.5,1372,2016
Kepler_758_e,Kepler-758 e,Kepler_758,0.0829,0,83.51,8.19347,1.53,2.96,1144,2016
Kepler_758_b,Kepler-758 b,Kepler_758,0.10754,0,81.62,12.1097,2.48,6.71,1005,2016
Kepler_758_d,Kepler-758 d,Kepler_758,0.1527,0,80.73,20.4966,2.12,5.14,843,2016
Kepler_759_b,Kepler-759 b,Kepler_759,0.2329,0,89.97,41.806,2.27,5.77,533,2016
Kepler_76_b,Kepler-76 b,Kepler_76,0.0274,0,77.55,1.54493,15.2442,638.838,2140,2013
Kepler_760_c,Kepler-760 c,Kepler_760,0.03489,0,86.61,2.46697,1.48,2.79,1139,2016
Kepler_760_b,Kepler-760 b,Kepler_760,0.08087,0,88.6,8.70419,3.06,9.59,748,2016
Kepler_761_b,Kepler-761 b,Kepler_761,0.0874,0,87.16,10.128,2.03,4.78,767,2016
Kepler_762_b,Kepler-762 b,Kepler_762,0.0493,0,89.64,3.77055,12.68,-1,1302,2016
Kepler_763_b,Kepler-763 b,Kepler_763,0.0205,0,87.27,1.19655,1.22,1.98,1414,2016
Kepler_763_c,Kepler-763 c,Kepler_763,0.0466,0,89.43,4.09668,1.42,2.6,938,2023
Kepler_763_d,Kepler-763 d,Kepler_763,0.0634,0,89.76,6.50327,1.67,3.43,804,2023
Kepler_764_b,Kepler-764 b,Kepler_764,0.0724,0,89.93,7.33684,1.64,3.33,875,2016
Kepler_765_b,Kepler-765 b,Kepler_765,0.1754,0,89.99,27.6655,2.43,6.48,641,2016
Kepler_766_b,Kepler-766 b,Kepler_766,0.066,0,89.92,6.10028,3.39,11.4,990,2016
Kepler_767_b,Kepler-767 b,Kepler_767,0.5874,0,90,161.528,6.64,35.7,366,2016
Kepler_768_b,Kepler-768 b,Kepler_768,0.092,0,88.44,11.391,1.79,3.86,618,2016
Kepler_769_b,Kepler-769 b,Kepler_769,0.0778,0,89.65,7.42609,2.92,8.85,1037,2016
Kepler_769_c,Kepler-769 c,Kepler_769,0.1297,0,88.79,15.987,1.79,3.86,803,2016
Kepler_77_b,Kepler-77 b,Kepler_77,0.04501,0,88,3.57878,10.761,136.661,1440,2013
Kepler_770_c,Kepler-770 c,Kepler_770,0.0309,0,88.41,1.47532,1.2,1.87,2740,2016
Kepler_770_d,Kepler-770 d,Kepler_770,0.0616,0,86.24,4.15245,1.4,2.54,1941,2016
Kepler_770_b,Kepler-770 b,Kepler_770,0.1694,0,88,18.9254,2.3,5.9,1171,2016
Kepler_771_b,Kepler-771 b,Kepler_771,0.0843,0,88.75,8.73486,1.82,3.97,890,2016
Kepler_772_b,Kepler-772 b,Kepler_772,0.11153,0,89.69,12.9921,1.82,3.97,866,2016
Kepler_773_b,Kepler-773 b,Kepler_773,0.04682,0,80.24,3.7491,1.43,2.63,1160,2016
Kepler_774_b,Kepler-774 b,Kepler_774,0.1082,0,89.92,11.0896,3.17,10.2,1422,2016
Kepler_775_b,Kepler-775 b,Kepler_775,0.01834,0,88.53,0.974869,1.19,1.81,1612,2016
Kepler_776_b,Kepler-776 b,Kepler_776,0.0523,0,87.63,4.89719,1.28,2.18,904,2016
Kepler_777_b,Kepler-777 b,Kepler_777,0.0519,0,89.42,5.72813,1.47,2.76,569,2016
Kepler_778_b,Kepler-778 b,Kepler_778,0.0453,0,89.43,3.75574,1.68,3.46,977,2016
Kepler_779_b,Kepler-779 b,Kepler_779,0.0533,0,89.89,7.09714,0.92,0.721,425,2016
Kepler_78_b,Kepler-78 b,Kepler_78,0.00901,0,75.2,0.355007,1.201,1.68,2223,2013
Kepler_780_b,Kepler-780 b,Kepler_780,0.015,0,87.38,0.677375,0.89,0.64,2099,2016
Kepler_781_b,Kepler-781 b,Kepler_781,0.1019,0,87.44,13.2141,2.89,8.7,629,2016
Kepler_782_b,Kepler-782 b,Kepler_782,0.54494,0,89.98,158.685,3.21,10.4,350,2016
Kepler_783_b,Kepler-783 b,Kepler_783,0.04958,0,87.62,4.29265,0.78,0.399,991,2016
Kepler_783_c,Kepler-783 c,Kepler_783,0.06903,0,86.66,7.05395,2.33154,6.04,840,2020
Kepler_784_c,Kepler-784 c,Kepler_784,0.1309,0,88.81,17.1572,1.55,3.02,844,2023
Kepler_784_b,Kepler-784 b,Kepler_784,0.22111,0,89.06,31.5923,1.58,3.12,688,2016
Kepler_785_b,Kepler-785 b,Kepler_785,0.025,0,87.9,1.97376,13.02,-1,753,2016
Kepler_786_b,Kepler-786 b,Kepler_786,0.25483,0,89.72,53.5293,2.43,6.48,348,2016
Kepler_787_b,Kepler-787 b,Kepler_787,0.0159,0,88.27,0.92831,1.28,2.18,1115,2016
Kepler_788_b,Kepler-788 b,Kepler_788,0.0835,0,86.16,8.39846,2.55,7.04,984,2016
Kepler_789_b,Kepler-789 b,Kepler_789,0.0951,0,89.77,8.63848,2.12,5.14,1419,2016
Kepler_79_b,Kepler-79 b,Kepler_79,0.11929,0.022,88.78,13.4845,3.51,7.6,929,2012
Kepler_79_c,Kepler-79 c,Kepler_79,0.19144,0.038,89.48,27.4026,3.76,4.6,734,2012
Kepler_79_d,Kepler-79 d,Kepler_79,0.2937,0.051,89.81,52.0897,7.15,5.3,592,2014
Kepler_79_e,Kepler-79 e,Kepler_79,0.39445,0.025,89.13,81.0665,3.53,3.8,511,2014
Kepler_790_b,Kepler-790 b,Kepler_790,0.101,0,86.64,13.7347,2.18,5.39,634,2016
Kepler_791_b,Kepler-791 b,Kepler_791,0.1256,0,80.57,14.554,3.05,9.53,939,2016
Kepler_792_b,Kepler-792 b,Kepler_792,0.0988,0,89.69,11.3012,1.96,4.5,852,2016
Kepler_793_b,Kepler-793 b,Kepler_793,0.0491,0,88.62,4.24154,1.37,2.45,1177,2016
Kepler_794_b,Kepler-794 b,Kepler_794,0.10036,0,89.97,11.1313,2.11,5.1,952,2016
Kepler_795_b,Kepler-795 b,Kepler_795,0.1803,0,89.94,29.6193,1.68,3.46,580,2016
Kepler_796_b,Kepler-796 b,Kepler_796,0.07317,0,85.17,6.40088,1.3,2.24,1109,2016
Kepler_797_b,Kepler-797 b,Kepler_797,0.181,0,89.97,27.0724,2.17,5.35,605,2016
Kepler_798_b,Kepler-798 b,Kepler_798,0.1174,0,89.93,13.7193,2.39,6.3,864,2016
Kepler_799_c,Kepler-799 c,Kepler_799,0.1214,0,87.06,15.1942,2.78069,8.15,893,2021
Kepler_799_b,Kepler-799 b,Kepler_799,0.5167,0,89.84,133.461,6.88,37.9,433,2016
Kepler_8_b,Kepler-8 b,Kepler_8,0.0474,0,83.978,3.5225,15.8719,187.52,1680,2010
Kepler_80_f,Kepler-80 f,Kepler_80,0.0175,0.186,86.5,0.986787,1.21,4459.73,1054,2016
Kepler_80_d,Kepler-80 d,Kepler_80,0.0372,0.0041,88.35,3.07222,1.53,6.75,722,2014
Kepler_80_e,Kepler-80 e,Kepler_80,0.0491,0.0035,88.79,4.64489,1.6,4.13,629,2014
Kepler_80_b,Kepler-80 b,Kepler_80,0.0648,0.0049,89.34,7.05246,2.67,6.93,547,2012
Kepler_80_c,Kepler-80 c,Kepler_80,0.0792,0.0079,89.33,9.52355,2.74,6.74,495,2012
Kepler_80_g,Kepler-80 g,Kepler_80,-1,0.1303,89.35,14.6456,1.13,0.065,418,2017
Kepler_800_b,Kepler-800 b,Kepler_800,0.1106,0,86.95,14.1318,2.85,8.5,675,2016
Kepler_801_b,Kepler-801 b,Kepler_801,0.0795,0,89.36,11.4193,2,4.66,419,2016
Kepler_802_b,Kepler-802 b,Kepler_802,0.2265,0,88.65,40.0587,3.54,12.3,489,2016
Kepler_803_b,Kepler-803 b,Kepler_803,0.26721,0,89.98,50.2864,3.79,13.8,543,2016
Kepler_804_c,Kepler-804 c,Kepler_804,0.08654,0,89.59,9.65185,1.14,1.55,890,2016
Kepler_804_b,Kepler-804 b,Kepler_804,0.11287,0,89.91,14.3746,1.94,4.42,779,2016
Kepler_805_b,Kepler-805 b,Kepler_805,0.19852,0,85.76,30.8639,2.89,8.7,743,2016
Kepler_806_b,Kepler-806 b,Kepler_806,0.07684,0,75.28,8.0922,1.14,1.55,1089,2016
Kepler_808_b,Kepler-808 b,Kepler_808,0.01314,0,76.59,0.631332,1.46,2.73,1322,2016
Kepler_809_b,Kepler-809 b,Kepler_809,0.2901,0,88.74,55.6393,3.01,9.32,478,2016
Kepler_81_b,Kepler-81 b,Kepler_81,0.0522,0,89,5.955,2.42,17.2,635,2012
Kepler_81_c,Kepler-81 c,Kepler_81,0.08347,0,89.51,12.04,2.37,4.3,502,2012
Kepler_81_d,Kepler-81 d,Kepler_81,0.128,0,89.18,20.8378,1.21,1.92,418,2014
Kepler_810_b,Kepler-810 b,Kepler_810,0.055,0,89.85,4.59725,1.93,4.38,1105,2016
Kepler_811_b,Kepler-811 b,Kepler_811,0.15911,0,88.28,23.5845,2.7,7.75,730,2016
Kepler_812_b,Kepler-812 b,Kepler_812,0.1024,0,88.95,10.1172,3.55,12.3,1163,2016
Kepler_813_b,Kepler-813 b,Kepler_813,0.1439,0,87.58,19.1295,2.14,5.22,817,2016
Kepler_814_b,Kepler-814 b,Kepler_814,0.0695,0,89.67,6.14699,2.12,5.14,1164,2016
Kepler_815_b,Kepler-815 b,Kepler_815,0.09473,0,89.03,8.57504,4.11,15.8,1374,2016
Kepler_816_b,Kepler-816 b,Kepler_816,0.0895,0,88.93,10.5068,10.24,74.5,668,2016
Kepler_817_b,Kepler-817 b,Kepler_817,0.0493,0,87.09,3.99011,9.03,60.2,1124,2016
Kepler_818_b,Kepler-818 b,Kepler_818,0.0886,0,89.81,10.0354,5.11,22.9,786,2016
Kepler_819_b,Kepler-819 b,Kepler_819,0.1894,0,89.98,33.1996,2.76,8.05,485,2016
Kepler_82_d,Kepler-82 d,Kepler_82,0.034,0,86.85,2.38296,1.77,885.098,1253,2014
Kepler_82_e,Kepler-82 e,Kepler_82,0.063,0,89.23,5.90221,2.47,254.02,926,2014
Kepler_82_b,Kepler-82 b,Kepler_82,0.1683,0.0033,89.052,26.44,4.07,12.15,562,2012
Kepler_82_c,Kepler-82 c,Kepler_82,0.2626,0.007,90.15,51.54,5.34,13.9,450,2012
Kepler_82_f,Kepler-82 f,Kepler_82,0.3395,0.0014,86.3,75.732,4.84,20.9,423.57,2019
Kepler_820_b,Kepler-820 b,Kepler_820,0.56004,0,89.72,127.834,6.09,30.8,554,2016
Kepler_821_b,Kepler-821 b,Kepler_821,0.029,0,89.74,1.9228,1.31,2.27,1215,2016
Kepler_822_b,Kepler-822 b,Kepler_822,0.04078,0,87.67,3.22297,1.77,3.78,1239,2016
Kepler_823_b,Kepler-823 b,Kepler_823,0.0507,0,85.09,4.16809,1.57,3.09,1277,2016
Kepler_824_b,Kepler-824 b,Kepler_824,0.055,0,89.42,4.51437,1.87,4.16,1231,2016
Kepler_825_b,Kepler-825 b,Kepler_825,0.0453,0,90,3.7736,1.53,2.96,1270,2016
Kepler_825_c,Kepler-825 c,Kepler_825,0.0759,0,88.11,8.18182,1.84,4.04,981,2016
Kepler_826_b,Kepler-826 b,Kepler_826,0.05202,0,87.03,4.48759,1.25,2.1,1305,2016
Kepler_827_b,Kepler-827 b,Kepler_827,0.2742,0,89.69,51.9293,5.63,27,574,2016
Kepler_828_b,Kepler-828 b,Kepler_828,0.01228,0,85.49,0.567857,1.51,2.89,1848,2016
Kepler_829_b,Kepler-829 b,Kepler_829,0.0678,0,89.82,6.88338,2.11,5.1,857,2016
Kepler_83_d,Kepler-83 d,Kepler_83,0.051,0,88.87,5.1698,1.94,4.1,569,2014
Kepler_83_b,Kepler-83 b,Kepler_83,0.07295,0,89.84,9.77,2.83,2.94,460,2012
Kepler_83_c,Kepler-83 c,Kepler_83,0.11796,0,87.49,20.09,2.36,2.03,362,2012
Kepler_830_b,Kepler-830 b,Kepler_830,0.1033,0,87.54,11.297,1.7,3.53,907,2016
Kepler_831_b,Kepler-831 b,Kepler_831,0.05984,0,86.54,5.62154,1.27,2.15,992,2016
Kepler_832_b,Kepler-832 b,Kepler_832,0.075,0,89.89,7.13969,2.06,4.9,965,2016
Kepler_833_b,Kepler-833 b,Kepler_833,0.1139,0,89.96,18.7547,2.02,4.74,382,2016
Kepler_834_b,Kepler-834 b,Kepler_834,0.0862,0,89.87,13.3239,2.02,4.74,378,2016
Kepler_835_b,Kepler-835 b,Kepler_835,0.107,0,81.99,11.4191,2.79,8.2,921,2016
Kepler_836_b,Kepler-836 b,Kepler_836,0.1013,0,87.16,11.3611,2.73,7.9,869,2016
Kepler_837_b,Kepler-837 b,Kepler_837,0.1144,0,86.99,16.5606,2.56,7.08,701,2016
Kepler_838_b,Kepler-838 b,Kepler_838,0.1266,0,88.24,15.7496,2.73,7.9,777,2016
Kepler_839_b,Kepler-839 b,Kepler_839,0.2316,0,87.34,37.8145,2.57,7.13,626,2016
Kepler_84_d,Kepler-84 d,Kepler_84,0.052,0,82.31,4.22454,1.38,2.48,1254,2014
Kepler_84_b,Kepler-84 b,Kepler_84,0.0827,0,82.52,8.726,2.23,40,985,2012
Kepler_84_c,Kepler-84 c,Kepler_84,0.1072,0,81.13,12.883,2.36,20.2,865,2012
Kepler_84_e,Kepler-84 e,Kepler_84,0.181,0,88.99,27.4344,2.6,7.27,672,2014
Kepler_84_f,Kepler-84 f,Kepler_84,0.25,0,89.07,44.5522,2.2,5.48,572,2014
Kepler_841_b,Kepler-841 b,Kepler_841,0.479,0,90,124.42,5.23,23.8,416,2016
Kepler_842_b,Kepler-842 b,Kepler_842,0.0204,0,89.37,1.21957,1.6,3.19,1252,2016
Kepler_843_b,Kepler-843 b,Kepler_843,0.0313,0,87.74,2.05388,2.59,7.22,1523,2016
Kepler_844_b,Kepler-844 b,Kepler_844,0.0298,0,80.29,2.61302,1.68,3.46,713,2016
Kepler_845_b,Kepler-845 b,Kepler_845,0.01668,0,76.15,0.92786,2.04,4.82,1361,2016
Kepler_846_b,Kepler-846 b,Kepler_846,0.1399,0,89.93,19.8079,2.48,6.71,624,2016
Kepler_847_b,Kepler-847 b,Kepler_847,0.0315,0,89.7,2.34323,1.18,1.76,1054,2016
Kepler_848_b,Kepler-848 b,Kepler_848,0.07586,0,88.37,6.91134,1.7,3.53,1086,2016
Kepler_849_b,Kepler-849 b,Kepler_849,1.137,0.078,89.923,394.625,8.08168,298.759,362.7,2016
Kepler_85_b,Kepler-85 b,Kepler_85,0.07885,0.02,88.14,8.3,1.778,1.84,809,2012
Kepler_85_c,Kepler-85 c,Kepler_85,0.10363,0.027,88.14,12.51,1.978,2.15,706,2012
Kepler_85_d,Kepler-85 d,Kepler_85,0.13,0,87.39,17.9132,1.2,8.69679,626,2014
Kepler_85_e,Kepler-85 e,Kepler_85,0.163,0,88.74,25.2168,1.27,0.6,559,2014
Kepler_850_b,Kepler-850 b,Kepler_850,0.0744,0,89.94,7.19304,1.78,3.82,995,2016
Kepler_851_b,Kepler-851 b,Kepler_851,0.0802,0,86.53,8.507,1.68,3.46,900,2016
Kepler_852_b,Kepler-852 b,Kepler_852,0.27967,0,89.42,44.931,2.54,6.99,565,2016
Kepler_853_b,Kepler-853 b,Kepler_853,0.079,0,86.64,7.16892,1.69,3.5,1187,2016
Kepler_855_b,Kepler-855 b,Kepler_855,0.0762,0,89.78,7.88663,8.35,52.7,996,2016
Kepler_856_b,Kepler-856 b,Kepler_856,0.0787,0,88.52,8.02768,9.3,63.3,824,2016
Kepler_857_b,Kepler-857 b,Kepler_857,0.3751,0,89.97,85.3513,6.8,37.2,390,2016
Kepler_858_b,Kepler-858 b,Kepler_858,0.33939,0,89.97,76.136,4.87,21.1,399,2016
Kepler_859_b,Kepler-859 b,Kepler_859,0.13157,0,89.59,20.3818,3.09,9.75,528,2016
Kepler_860_b,Kepler-860 b,Kepler_860,0.058,0,89.9,5.10138,3.24,10.6,1050,2016
Kepler_861_b,Kepler-861 b,Kepler_861,0.0463,0,89.86,3.94963,2.28,5.82,966,2016
Kepler_862_b,Kepler-862 b,Kepler_862,0.039,0,85.68,3.14866,2.21,5.52,1097,2016
Kepler_863_b,Kepler-863 b,Kepler_863,0.122,0,89.35,15.5946,2.9,8.75,718,2016
Kepler_864_c,Kepler-864 c,Kepler_864,0.0382,0,84.11,2.4215,1.62,3.26,1532,2023
Kepler_864_b,Kepler-864 b,Kepler_864,0.0687,0,84.6,5.83376,2.4,6.35,1143,2016
Kepler_865_c,Kepler-865 c,Kepler_865,0.061,0,89.11,6.2092,0.89,0.64,914,2023
Kepler_865_b,Kepler-865 b,Kepler_865,0.1057,0,89.94,14.164,2.49,6.76,694,2016
Kepler_866_b,Kepler-866 b,Kepler_866,0.0331,0,89.15,2.61703,1.63,3.29,996,2016
Kepler_867_b,Kepler-867 b,Kepler_867,0.5375,0,89.81,150.242,4.64,19.4,327,2016
Kepler_868_b,Kepler-868 b,Kepler_868,0.0575,0,72.3,5.03252,2.05,4.86,1047,2016
Kepler_869_b,Kepler-869 b,Kepler_869,0.2244,0,87.92,40.4288,3.61,12.7,494,2016
Kepler_87_b,Kepler-87 b,Kepler_87,0.481,0.036,89.274,114.736,13.49,324.2,478,2013
Kepler_87_c,Kepler-87 c,Kepler_87,0.676,0.039,89.588,191.232,6.14,6.4,403,2013
Kepler_870_b,Kepler-870 b,Kepler_870,0.1539,0,89.81,21.3588,2.78,8.15,691,2016
Kepler_871_b,Kepler-871 b,Kepler_871,0.1572,0,87.53,22.0459,3.74,13.5,640,2016
Kepler_872_b,Kepler-872 b,Kepler_872,0.0362,0,84.69,2.57886,1.99,4.62,1230,2016
Kepler_873_b,Kepler-873 b,Kepler_873,0.1542,0,87.62,20.5534,3.75,13.5,749,2016
Kepler_874_b,Kepler-874 b,Kepler_874,0.2234,0,89.97,40.0687,3.94,14.7,560,2016
Kepler_875_b,Kepler-875 b,Kepler_875,0.1771,0,86.79,27.5074,2.9,8.75,569,2016
Kepler_876_b,Kepler-876 b,Kepler_876,0.0549,0,89.88,5.14438,1.43,2.63,923,2016
Kepler_877_b,Kepler-877 b,Kepler_877,0.1301,0,88.09,18.4585,2.12,5.14,632,2016
Kepler_878_b,Kepler-878 b,Kepler_878,0.165,0,89.2,25.9422,1.93,4.38,501,2016
Kepler_879_b,Kepler-879 b,Kepler_879,0.2012,0,89.26,33.3856,2.57,7.13,580,2016
Kepler_879_c,Kepler-879 c,Kepler_879,-1,0,90,0.646716,0.4,0.0364,-1,2024
Kepler_880_b,Kepler-880 b,Kepler_880,0.0915,0,81.59,7.71469,2.66,7.56,1622,2016
Kepler_880_c,Kepler-880 c,Kepler_880,0.1216,0,84.28,11.8062,2.87,8.6,1407,2023
Kepler_881_b,Kepler-881 b,Kepler_881,0.0552,0,74.94,4.44448,1.78,3.82,1217,2016
Kepler_882_b,Kepler-882 b,Kepler_882,0.04741,0,89.75,3.98954,1.23,2.04,903,2016
Kepler_883_b,Kepler-883 b,Kepler_883,0.10288,0,89.91,12.985,1.78,3.82,818,2016
Kepler_884_b,Kepler-884 b,Kepler_884,0.06116,0,89.98,5.6992,1.23,2.04,964,2016
Kepler_885_b,Kepler-885 b,Kepler_885,0.14403,0,85.95,18.1147,2.5,6.8,830,2016
Kepler_886_b,Kepler-886 b,Kepler_886,0.06428,0,89.89,6.24146,1.52,2.92,1111,2016
Kepler_887_c,Kepler-887 c,Kepler_887,0.0801,0,88.3,7.63846,1.13,1.51,1089,2016
Kepler_887_b,Kepler-887 b,Kepler_887,0.15431,0,89.87,20.4223,1.84,4.04,785,2016
Kepler_888_b,Kepler-888 b,Kepler_888,0.31481,0,89.98,70.6979,1.76,3.75,417,2016
Kepler_889_b,Kepler-889 b,Kepler_889,0.04975,0,89.01,3.74444,1.09,1.32,1328,2016
Kepler_890_b,Kepler-890 b,Kepler_890,0.2944,0,89.68,52.7588,8.89,58.6,540,2016
Kepler_891_b,Kepler-891 b,Kepler_891,0.2881,0,89.93,53.4495,6.41,33.6,486,2016
Kepler_892_b,Kepler-892 b,Kepler_892,0.1015,0,87.86,13.7521,2.81,8.3,556,2016
Kepler_893_b,Kepler-893 b,Kepler_893,0.0699,0,82.42,6.33856,3.03,9.43,1034,2016
Kepler_894_b,Kepler-894 b,Kepler_894,0.0916,0,87.12,9.80322,2.78,8.15,896,2016
Kepler_895_b,Kepler-895 b,Kepler_895,0.0328,0,89.82,2.80624,1.54,2.99,771,2016
Kepler_896_c,Kepler-896 c,Kepler_896,0.1792,0,81.44,29.5423,3.15,10.1,515,2023
Kepler_896_b,Kepler-896 b,Kepler_896,0.56378,0,88.57,144.547,2.53,6.94,303,2016
Kepler_897_b,Kepler-897 b,Kepler_897,0.077,0,79.3,8.04726,2.39,6.3,855,2016
Kepler_898_b,Kepler-898 b,Kepler_898,0.0545,0,87.35,5.87062,1.49,2.83,616,2016
Kepler_899_b,Kepler-899 b,Kepler_899,0.1392,0,89.99,19.1789,2.68,7.65,640,2016
Kepler_9_d,Kepler-9 d,Kepler_9,0.0273,0,89.38,1.59285,1.64,8.41466,2026,2010
Kepler_9_b,Kepler-9 b,Kepler_9,0.143,0.0609,88.982,19.2389,8.29,43.4,661,2010
Kepler_9_c,Kepler-9 c,Kepler_9,0.227,0.06691,89.188,38.9853,8.08,29.9,523,2010
Kepler_900_b,Kepler-900 b,Kepler_900,0.0679,0,87.58,6.99131,2.08,4.98,716,2016
Kepler_901_b,Kepler-901 b,Kepler_901,0.0378,0,86.49,3.51749,1.37,2.45,704,2016
Kepler_902_b,Kepler-902 b,Kepler_902,0.223,0,89.98,40.11,2.54,6.99,556,2016
Kepler_903_b,Kepler-903 b,Kepler_903,0.09081,0,84.43,10.3508,2.01,4.7,842,2016
Kepler_903_c,Kepler-903 c,Kepler_903,0.30249,0,87.02,62.9229,2.53,6.94,462,2016
Kepler_904_b,Kepler-904 b,Kepler_904,0.0417,0,87.43,3.02167,1.77,3.78,1332,2016
Kepler_905_b,Kepler-905 b,Kepler_905,0.05689,0,89.84,5.08275,1.41,2.57,928,2016
Kepler_906_b,Kepler-906 b,Kepler_906,0.22363,0,90,41.698,2.11,5.1,537,2016
Kepler_907_b,Kepler-907 b,Kepler_907,0.1225,0,86.77,15.8662,1.2,1.87,879,2016
Kepler_908_b,Kepler-908 b,Kepler_908,0.02526,0,89.94,1.3406,1.22,1.98,1783,2016
Kepler_909_b,Kepler-909 b,Kepler_909,0.11873,0,87.14,13.9329,1.47,2.76,852,2016
Kepler_91_b,Kepler-91 b,Kepler_91,0.0731,0.0519,69.68,6.24658,15.3227,257.442,2040,2013
Kepler_910_b,Kepler-910 b,Kepler_910,0.03752,0,88.44,2.36437,0.82,0.477,1752,2016
Kepler_911_b,Kepler-911 b,Kepler_911,0.15594,0,89.9,20.3105,2.6,7.27,931,2016
Kepler_912_b,Kepler-912 b,Kepler_912,0.0339,0,68.67,2.53476,2.8,8.25,1218,2016
Kepler_913_c,Kepler-913 c,Kepler_913,0.0699,0,89.7,5.93912,3.85807,14.2,1357,2021
Kepler_913_b,Kepler-913 b,Kepler_913,0.1009,0,89.4,10.2967,2.06,4.9,1129,2016
Kepler_914_b,Kepler-914 b,Kepler_914,0.05454,0,85.07,4.40967,1.38,2.48,1192,2016
Kepler_915_b,Kepler-915 b,Kepler_915,0.05655,0,76,4.5949,1.5,2.86,1319,2016
Kepler_916_b,Kepler-916 b,Kepler_916,0.1885,0,89.78,32.2969,1.76,3.75,503,2016
Kepler_917_b,Kepler-917 b,Kepler_917,0.0378,0,87.75,2.97041,1.91,4.31,991,2016
Kepler_918_b,Kepler-918 b,Kepler_918,0.0569,0,77.94,4.85387,1.74,3.68,1052,2016
Kepler_919_b,Kepler-919 b,Kepler_919,0.0981,0,89.79,11.046,2.25,5.69,869,2016
Kepler_92_b,Kepler-92 b,Kepler_92,0.12232,0.17,87.19,13.749,3.51,64.3,975,2013
Kepler_92_c,Kepler-92 c,Kepler_92,0.19054,0.04,89.92,26.723,2.6,6.1,781,2013
Kepler_92_d,Kepler-92 d,Kepler_92,0.28682,0.07,89.53,49.3568,2.067,11.8667,637,2015
Kepler_920_b,Kepler-920 b,Kepler_920,0.065,0,84.79,6.53193,2.42,6.44,907,2016
Kepler_920_c,Kepler-920 c,Kepler_920,0.4029,0,89.47,100.827,3.8,13.8,364,2016
Kepler_921_b,Kepler-921 b,Kepler_921,0.2716,0,90,51.3006,2.87,8.6,492,2016
Kepler_922_b,Kepler-922 b,Kepler_922,0.01795,0,89.45,0.938467,1.42,2.6,1876,2016
Kepler_923_b,Kepler-923 b,Kepler_923,0.07592,0,80.2,6.93366,1.38,2.48,1104,2016
Kepler_924_b,Kepler-924 b,Kepler_924,0.31318,0,89.93,61.037,3.07,9.64,610,2016
Kepler_925_b,Kepler-925 b,Kepler_925,0.1805,0,89.02,33.8679,2.34,6.08,394,2016
Kepler_926_b,Kepler-926 b,Kepler_926,0.2739,0,89.88,52.0689,2.31,5.95,524,2016
Kepler_927_b,Kepler-927 b,Kepler_927,0.0866,0,86.67,9.11499,1.72,3.61,906,2016
Kepler_928_b,Kepler-928 b,Kepler_928,0.0444,0,88.15,3.93246,1.59,3.15,894,2016
Kepler_929_b,Kepler-929 b,Kepler_929,0.01982,0,89.49,0.921032,1.11,1.41,2362,2016
Kepler_93_b,Kepler-93 b,Kepler_93,0.05343,0,89.183,4.72674,1.478,4.66,1133,2014
Kepler_93_c,Kepler-93 c,Kepler_93,-1,0,90,1460,-1,954,-1,2014
Kepler_930_b,Kepler-930 b,Kepler_930,0.34593,0,89.99,71.4518,2.13,5.18,561,2016
Kepler_931_b,Kepler-931 b,Kepler_931,0.0719,0,86.29,8.03756,1.33,2.33,744,2016
Kepler_932_b,Kepler-932 b,Kepler_932,0.02876,0,74.86,1.92144,1.37,2.45,1276,2016
Kepler_933_b,Kepler-933 b,Kepler_933,0.1041,0,89.98,14.2044,2.46,6.62,602,2016
Kepler_934_b,Kepler-934 b,Kepler_934,0.2658,0,89.86,55.6738,2.09,5.02,384,2016
Kepler_935_b,Kepler-935 b,Kepler_935,0.0527,0,89.1,4.88084,1.35,2.39,879,2016
Kepler_936_b,Kepler-936 b,Kepler_936,0.0954,0,83.33,10.5613,1.45,2.7,867,2016
Kepler_937_b,Kepler-937 b,Kepler_937,0.3214,0,89.61,67.6688,3.72,13.4,495,2016
Kepler_937_c,Kepler-937 c,Kepler_937,0.5545,0,89.84,153.343,2.67,7.61,377,2016
Kepler_938_b,Kepler-938 b,Kepler_938,0.2689,0,89.72,52.6298,2.22,5.56,544,2016
Kepler_939_b,Kepler-939 b,Kepler_939,0.1153,0,85.91,14.8783,1.75,3.71,692,2016
Kepler_94_b,Kepler-94 b,Kepler_94,0.03377,0,86.61,2.50806,3.51,10.84,997,2014
Kepler_94_c,Kepler-94 c,Kepler_94,1.59681,0.345931,90,820.3,12.5,3126,159.05,2014
Kepler_940_b,Kepler-940 b,Kepler_940,0.3059,0,88.63,59.6225,3.34,11.1,486,2016
Kepler_941_b,Kepler-941 b,Kepler_941,0.1311,0,85.65,17.424,3.08,9.69,722,2016
Kepler_942_b,Kepler-942 b,Kepler_942,0.22737,0,89.91,44.9642,2.13,5.18,379,2016
Kepler_943_b,Kepler-943 b,Kepler_943,0.2559,0,88.8,49.7701,5.93,29.5,455,2016
Kepler_944_b,Kepler-944 b,Kepler_944,0.2288,0,89.97,43.3168,2.63,7.41,459,2016
Kepler_945_b,Kepler-945 b,Kepler_945,0.2037,0,89.81,31.0034,2.63,7.41,616,2016
Kepler_946_b,Kepler-946 b,Kepler_946,0.1002,0,89.94,11.7916,1.93,4.38,857,2016
Kepler_947_b,Kepler-947 b,Kepler_947,0.1773,0,89.99,26.9644,2.28,5.82,573,2016
Kepler_948_b,Kepler-948 b,Kepler_948,0.0749,0,88.68,7.76847,1.85,4.08,841,2016
Kepler_949_b,Kepler-949 b,Kepler_949,0.07739,0,89.94,8.68931,2.91,8.8,782,2016
Kepler_949_c,Kepler-949 c,Kepler_949,0.1394,0,89.76,20.9976,2.97,9.11,582,2023
Kepler_95_b,Kepler-95 b,Kepler_95,0.10232,0,90,11.5231,3.42,13,927,2014
Kepler_950_b,Kepler-950 b,Kepler_950,0.3982,0,89.68,98.718,8.98,59.6,360,2016
Kepler_951_b,Kepler-951 b,Kepler_951,0.3091,0,89.96,71.5253,5.59,26.7,340,2016
Kepler_952_b,Kepler-952 b,Kepler_952,0.5183,0,89.7,130.355,7.65,45.4,369,2016
Kepler_953_c,Kepler-953 c,Kepler_953,0.0862,0,85.02,9.10967,1.19,1.81,873,2016
Kepler_953_b,Kepler-953 b,Kepler_953,0.392,0,89.37,88.4066,4.21,16.5,410,2016
Kepler_954_b,Kepler-954 b,Kepler_954,0.1202,0,89.07,16.7818,2.32,5.99,545,2016
Kepler_955_b,Kepler-955 b,Kepler_955,0.1083,0,90,14.5324,3.13,9.96,664,2016
Kepler_956_b,Kepler-956 b,Kepler_956,0.06017,0,86,5.24867,3,9.27,1056,2016
Kepler_957_b,Kepler-957 b,Kepler_957,0.0559,0,89.78,5.90741,5.5,25.9,769,2016
Kepler_958_b,Kepler-958 b,Kepler_958,0.08631,0,86.73,9.76788,2.06,4.9,749,2016
Kepler_959_b,Kepler-959 b,Kepler_959,0.1633,0,88.88,14.8007,4.38,17.6,1912,2016
Kepler_96_b,Kepler-96 b,Kepler_96,0.1261,0,87.94,16.2385,2.67,8.46,711,2014
Kepler_960_b,Kepler-960 b,Kepler_960,0.03807,0,87.93,3.12686,2.29,5.86,1391,2016
Kepler_961_b,Kepler-961 b,Kepler_961,0.12585,0,89.02,16.8773,2.55,7.04,642,2016
Kepler_962_b,Kepler-962 b,Kepler_962,0.09874,0,89.07,12.0571,1.97,4.54,689,2016
Kepler_963_b,Kepler-963 b,Kepler_963,0.0849,0,89.94,9.97684,2.66,7.56,802,2016
Kepler_963_c,Kepler-963 c,Kepler_963,-1,0,90,0.919783,0.6,0.156,-1,2024
Kepler_964_b,Kepler-964 b,Kepler_964,0.1073,0,89.52,13.5225,2.12,5.14,652,2016
Kepler_965_b,Kepler-965 b,Kepler_965,0.50998,0,90,134.253,3.38,11.4,393,2016
Kepler_966_b,Kepler-966 b,Kepler_966,0.3907,0,89.32,99.7476,4.13,16,391,2016
Kepler_967_b,Kepler-967 b,Kepler_967,0.1027,0,89.98,13.2271,2.35,6.12,638,2016
Kepler_967_c,Kepler-967 c,Kepler_967,0.6253,0,89.99,198.711,3.65,12.9,258,2016
Kepler_968_b,Kepler-968 b,Kepler_968,0.0389,0,85.88,3.69298,2,4.66,745,2016
Kepler_968_c,Kepler-968 c,Kepler_968,0.052,0,87.7,5.7094,1.69,3.5,644,2016
KOI_1833_d,KOI-1833 d,Kepler_968,0.0634,0,86.87,7.685,2.58,11.02,613,2021
Kepler_969_c,Kepler-969 c,Kepler_969,0.0265,0,82.42,1.68293,0.99,0.937,1270,2016
Kepler_969_b,Kepler-969 b,Kepler_969,0.19726,0,88.63,34.1732,2.07,4.94,465,2016
Kepler_97_b,Kepler-97 b,Kepler_97,0.03563,0,87.61,2.58664,1.48,3.51,1328,2014
Kepler_97_c,Kepler-97 c,Kepler_97,-1,0,90,789,-1,344,-1,2014
Kepler_970_b,Kepler-970 b,Kepler_970,0.139,0.34,88.74,16.7365,2.609,7.31,464,2016
Kepler_971_b,Kepler-971 b,Kepler_971,0.08679,0,88.99,9.59071,2.13,5.18,1087,2016
Kepler_972_b,Kepler-972 b,Kepler_972,0.0734,0,81.05,7.03933,4.65,19.5,1060,2016
Kepler_973_b,Kepler-973 b,Kepler_973,0.2489,0,89.5,49.6077,1.96,4.5,402,2016
KOI_1843_03,KOI-1843.03,Kepler_974,0.005,0,72,0.176891,0.61,8,1654,2013
Kepler_974_b,Kepler-974 b,Kepler_974,0.0419,0,85.09,4.1945,1.57,3.09,577,2016
Kepler_975_b,Kepler-975 b,Kepler_975,0.02898,0,79.56,1.97034,1.48,2.79,1599,2016
Kepler_975_c,Kepler-975 c,Kepler_975,0.0567,0,85.01,5.05821,10.69,80.2,1168,2023
Kepler_976_b,Kepler-976 b,Kepler_976,0.4217,0,89.84,105.956,3.96,14.9,324,2016
Kepler_977_b,Kepler-977 b,Kepler_977,0.162,0,89.99,26.8533,2.62,7.37,544,2016
Kepler_978_b,Kepler-978 b,Kepler_978,0.2726,0,87.52,49.6222,2.99,9.22,546,2016
Kepler_979_b,Kepler-979 b,Kepler_979,0.0753,0,88.23,8.08801,2.72,7.85,792,2016
Kepler_98_b,Kepler-98 b,Kepler_98,0.02614,0,86.47,1.54168,1.99,3.55,1592,2014
Kepler_980_b,Kepler-980 b,Kepler_980,0.09993,0,88.79,11.551,2.67,7.61,845,2016
Kepler_981_b,Kepler-981 b,Kepler_981,0.0535,0,88.32,4.46976,2.31,5.95,1103,2016
Kepler_982_b,Kepler-982 b,Kepler_982,0.1277,0,89.92,15.7738,2.25,5.69,955,2016
Kepler_983_b,Kepler-983 b,Kepler_983,0.3148,0,88.93,60.0855,2.36,6.17,485,2016
Kepler_984_b,Kepler-984 b,Kepler_984,0.23688,0,88.07,43.0342,2.12,5.14,484,2016
Kepler_985_b,Kepler-985 b,Kepler_985,0.44664,0,89.99,116.332,2.98,9.17,323,2016
Kepler_986_b,Kepler-986 b,Kepler_986,0.29131,0,89.99,56.435,2.36,6.17,465,2016
Kepler_987_b,Kepler-987 b,Kepler_987,0.4238,0,89.99,105.303,3.26,10.7,351,2016
Kepler_988_b,Kepler-988 b,Kepler_988,0.1085,0,89.46,17.7608,2.07,4.94,368,2016
Kepler_989_b,Kepler-989 b,Kepler_989,0.0734,0,89.73,7.96432,2.21,5.52,805,2016
Kepler_99_b,Kepler-99 b,Kepler_99,0.05071,0,89.05,4.60358,1.48,6.15,810,2014
Kepler_990_c,Kepler-990 c,Kepler_990,0.01232,0,82.87,0.538354,1.53,2.96,2386,2016
Kepler_990_b,Kepler-990 b,Kepler_990,0.08595,0,87.06,9.91723,2.6,7.27,903,2016
Kepler_991_b,Kepler-991 b,Kepler_991,0.3104,0,89.99,82.5343,2.54,6.99,260,2016
Kepler_992_b,Kepler-992 b,Kepler_992,0.13372,0,86.39,20.1603,1.62,3.26,510,2016
Kepler_993_b,Kepler-993 b,Kepler_993,0.13,0,89.41,22.0856,2.97,9.11,352,2016
Kepler_994_b,Kepler-994 b,Kepler_994,0.0177,0,89.8,1.15117,1.6,3.19,957,2016
Kepler_995_b,Kepler-995 b,Kepler_995,0.1701,0,89.99,28.2673,2.7,7.75,517,2016
Kepler_996_b,Kepler-996 b,Kepler_996,0.0474,0,89.02,3.77059,1.98,4.58,1272,2016
Kepler_997_b,Kepler-997 b,Kepler_997,0.04022,0,89.93,2.70731,1.36,2.42,1709,2016
Kepler_998_b,Kepler-998 b,Kepler_998,0.0626,0,88.77,5.65378,2.32,5.99,1020,2016
Kepler_999_b,Kepler-999 b,Kepler_999,0.06918,0,85.77,5.99186,2.34,6.08,1355,2016
L_168_9_b,L 168-9 b,L_168_9,0.0208,0,84.27,1.40153,1.63,4.07,998,2020
L_363_38_b,L 363-38 b,L_363_38,0.048,0,90,8.781,2,4.67,330,2023
L_98_59_b,L 98-59 b,L_98_59,0.0223,0.031,88.08,2.25311,0.837,0.46,620,2019
L_98_59_c,L 98-59 c,L_98_59,0.0309,0.002,88.88,3.69068,1.329,2,526,2019
L_98_59_d,L 98-59 d,L_98_59,0.0494,0.006,88.44,7.45073,1.627,1.64,416,2019
L_98_59_e,L 98-59 e,L_98_59,0.0712,0.012,80,12.8278,1.49,2.82,347,2021
L_98_59_f,L 98-59 f,L_98_59,0.1052,0.044,74,23.064,1.48,2.8,285,2025
LHS_1140_c,LHS 1140 c,LHS_1140,0.027,0.05,89.8,3.77794,1.272,1.91,422,2018
LHS_1140_b,LHS 1140 b,LHS_1140,0.0946,0.043,89.86,24.7372,1.73,5.6,226,2017
LHS_1478_b,LHS 1478 b,LHS_1478,0.01872,0.038,87.69,1.94954,1.174,2.27,597.3,2021
LHS_1678_b,LHS 1678 b,LHS_1678,0.01239,0.033,88.53,0.860232,0.685,0.35,830.44,2021
LHS_1678_c,LHS 1678 c,LHS_1678,0.0327,0.039,88.82,3.69428,0.941,1.4,510.9,2021
LHS_1678_d,LHS 1678 d,LHS_1678,0.04,0.036,88.31,4.96522,0.981,0.907,462.95,2024
LHS_1815_b,LHS 1815 b,LHS_1815,0.0404,0,88.125,3.81433,1.088,1.58,617,2020
LHS_1903_b,LHS 1903 b,LHS_1903,0.02656,0.015,90,2.15551,1.382,3.28,796,2026
LHS_1903_c,LHS 1903 c,LHS_1903,0.05387,0.089,90,6.22619,2.046,4.55,559,2026
LHS_1903_d,LHS 1903 d,LHS_1903,0.08604,0.112,90,12.5663,2.5,5.96,442,2026
LHS_1903_e,LHS 1903 e,LHS_1903,0.15135,0.014,90,29.3177,1.732,5.79,333,2026
LHS_3154_b,LHS 3154 b,LHS_3154,0.02262,0.076,90,3.71778,3.69,13.15,343.83,2023
LHS_3844_b,LHS 3844 b,LHS_3844,0.00624,0,88.9,0.46293,1.286,2.37,816,2019
LHS_475_b,LHS 475 b,LHS_475,0.02037,0,87.194,2.02909,0.991,0.941,586,2023
LP_261_75_b,LP 261-75 b,LP_261_75_A,450,0,90,-1,12.1,6674.4,1500,2006
LP_714_47_b,LP 714-47 b,LP_714_47,0.04056,0.022,87.5,4.05203,4.25,28.38,722.8,2020
LP_791_18_b,LP 791-18 b,LP_791_18,0.00978,0,88.37,0.947998,1.212,1.94,564.3,2019
LP_791_18_d,LP 791-18 d,LP_791_18,0.01992,0.0011,89.34,2.75485,1.032,0.91,395.5,2023
LP_791_18_c,LP 791-18 c,LP_791_18,0.02961,0.0001,89.94,4.98991,2.488,7.16,324.4,2019
LP_890_9_b,LP 890-9 b,LP_890_9,0.01875,0,89.67,2.7299,1.32,13.2,396,2022
LP_890_9_c,LP 890-9 c,LP_890_9,0.03984,0,89.287,8.45746,1.367,25.3,272,2022
LSPM_J2116_0234_b,LSPM J2116+0234 b,LSPM_J2116_0234,0.0876,0.183,90,14.4399,3.71,13.3,371.68,2019
LTT_1445_A_c,LTT 1445 A c,LTT_1445_A,0.02661,0.223,87.43,3.1239,1.147,1.54,508,2022
LTT_1445_A_b,LTT 1445 A b,LTT_1445_A,0.0381,0.18,89.53,5.35876,1.34,2.73,431,2019
LTT_3780_b,LTT 3780 b,LTT_3780,0.01195,0,86.1,0.768379,1.325,2.46,903,2020
LTT_3780_c,LTT 3780 c,LTT_3780,0.0757,0.024,88.958,12.2523,2.39,8.04,359,2020
LTT_9779_b,LTT 9779 b,LTT_9779,0.01679,0,76.39,0.792052,4.72,29.32,1978,2020
LkCa_15_b,LkCa 15 b,LkCa_15,14.7,0,50,-1,-1,-1,66.87,2015
LkCa_15_c,LkCa 15 c,LkCa_15,18.6,0,50,-1,-1,-1,59.45,2015
Luhman_16_b,Luhman 16 b,Luhman_16_A,3.52,0.344,79.92,9697,11.9,9344.16,-1,2017
Lupus_TR_3_b,Lupus-TR-3 b,Lupus_TR_3,0.0464,0,88.3,3.91405,9.976,257.431,1013.56,2007
M62H_b,M62H b,M62H,-1,0,90,0.132935,-1,785.036,-1,2024
MASCARA_1_b,MASCARA-1 b,MASCARA_1,0.040352,0.00034,88.45,2.14877,17.9007,1175.97,2594.3,2017
MASCARA_4_b,MASCARA-4 b,MASCARA_4,0.0474,0,86.89,2.82409,16.9816,532.363,2250,2020
MOA_2007_BLG_192L_b,MOA-2007-BLG-192L b,MOA_2007_BLG_192L,2.02,0,90,-1,3.58,12.49,-1,2008
MOA_2007_BLG_400L_b,MOA-2007-BLG-400L b,MOA_2007_BLG_400L,5.9,0,90,-1,13.5,540.308,34,2008
MOA_2008_BLG_310L_b,MOA-2008-BLG-310L b,MOA_2008_BLG_310L,1.1,0,90,-1,5.18,23.4,-1,2009
MOA_2008_BLG_379L_b,MOA-2008-BLG-379L b,MOA_2008_BLG_379L,2.7,0,90,-1,13,1300,-1,2013
MOA_2009_BLG_266L_b,MOA-2009-BLG-266L b,MOA_2009_BLG_266L,3.2,0,90,2800,3.21,10.4,-1,2011
MOA_2009_BLG_319L_b,MOA-2009-BLG-319L b,MOA_2009_BLG_319L,2.03,0,90,-1,9.64,67.3,-1,2010
MOA_2009_BLG_387L_b,MOA-2009-BLG-387L b,MOA_2009_BLG_387L,1.8,0,52,1980,13.2,830,-1,2010
MOA_2010_BLG_073L_b,MOA-2010-BLG-073L b,MOA_2010_BLG_073L,1.21,0,90,-1,12.4,3500,-1,2012
MOA_2010_BLG_117L_b,MOA-2010-BLG-117L b,MOA_2010_BLG_117L,2.42,0,90,-1,14.2,170,-1,2018
MOA_2010_BLG_328L_b,MOA-2010-BLG-328L b,MOA_2010_BLG_328L,0.92,0,90,-1,2.99,9.2,-1,2013
MOA_2010_BLG_353L_b,MOA-2010-BLG-353L b,MOA_2010_BLG_353L,1.72,0,90,-1,11.1,86,-1,2015
MOA_2010_BLG_477L_b,MOA-2010-BLG-477L b,MOA_2010_BLG_477L,2,0,90,-1,13.6,480,-1,2012
MOA_2011_BLG_028L_b,MOA-2011-BLG-028L b,MOA_2011_BLG_028L,4.14,0,90,-1,5.99,30,-1,2016
MOA_2011_BLG_262L_b,MOA-2011-BLG-262L b,MOA_2011_BLG_262L,0.95,0,90,-1,4.29,17,-1,2014
MOA_2011_BLG_291L_b,MOA-2011-BLG-291L b,MOA_2011_BLG_291L,0.69,0,90,-1,4.43,18,-1,2018
MOA_2011_BLG_293L_b,MOA-2011-BLG-293L b,MOA_2011_BLG_293L,1.1,0,90,3000,12.9,1500,-1,2012
MOA_2011_BLG_322L_b,MOA-2011-BLG-322L b,MOA_2011_BLG_322L,4.3,0,90,-1,12.4,3690,-1,2013
MOA_2012_BLG_006L_b,MOA-2012-BLG-006L b,MOA_2012_BLG_006L,10.2,0,90,-1,12.6,2700,-1,2017
MOA_2012_BLG_505L_b,MOA-2012-BLG-505L b,MOA_2012_BLG_505L,0.9,0,90,-1,2.48,6.7,-1,2017
MOA_2013_BLG_220L_b,MOA-2013-BLG-220L b,MOA_2013_BLG_220L,3.03,0,90,-1,13.2,871,-1,2014
MOA_2013_BLG_605L_b,MOA-2013-BLG-605L b,MOA_2013_BLG_605L,0.93,0,90,-1,1.62,3.24,-1,2016
MOA_2015_BLG_337L_b,MOA-2015-BLG-337L b,MOA_2015_BLG_337L,0.24,0,90,-1,6.42,33.7,-1,2018
MOA_2016_BLG_227L_b,MOA-2016-BLG-227L b,MOA_2016_BLG_227L,1.39,0,90,-1,13.2,890,-1,2017
MOA_2016_BLG_319L_b,MOA-2016-BLG-319L b,MOA_2016_BLG_319L,0.95,0,90,-1,14.1,200,-1,2018
MOA_2016_BLG_526L_b,MOA-2016-BLG-526L b,MOA_2016_BLG_526L,2.07,0,90,-1,3.97,14.9379,-1,2024
MOA_2019_BLG_008L_b,MOA-2019-BLG-008L b,MOA_2019_BLG_008L,-1,0,90,-1,12.2,5720.91,-1,2022
MOA_2020_BLG_108L_b,MOA-2020-BLG-108L b,MOA_2020_BLG_108L,3.69,0,90,-1,12.4,3391.23,-1,2026
MOA_2020_BLG_135L_b,MOA-2020-BLG-135L b,MOA_2020_BLG_135L,1.11,0,90,-1,3.37,11.3,-1,2022
MOA_2020_BLG_208L_b,MOA-2020-BLG-208L b,MOA_2020_BLG_208L,2.74,0,90,-1,7.71,46,-1,2023
MOA_2022_BLG_033L_b,MOA-2022-BLG-033L b,MOA_2022_BLG_033L,2.15,0,90,-1,3.52,12.15,-1,2025
MOA_2022_BLG_091L_b,MOA-2022-BLG-091L b,MOA_2022_BLG_091L,3.44,0,90,-1,13,1141,-1,2025
MOA_2022_BLG_249L_b,MOA-2022-BLG-249L b,MOA_2022_BLG_249L,1.63,0,90,-1,2.04,4.83,-1,2023
MOA_2022_BLG_563L_b,MOA-2022-BLG-563L b,MOA_2022_BLG_563L,2.15,0,90,-1,14,127.131,-1,2024
MOA_bin_1L_b,MOA-bin-1L b,MOA_bin_1L,8.3,0,90,-1,13,1200,-1,2012
MOA_bin_29_b,MOA-bin-29 b,MOA_bin_29,0.48,0,90,-1,14.1,190,-1,2019
MWC_758_c,MWC 758 c,MWC_758,100,0,90,-1,-1,-1,500,2023
MXB_1658_298_b,MXB 1658-298 b,MXB_1658_298,1.613,0,90,760,12,7532.57,-1,2017
NGC_2682_Sand_1429_b,NGC 2682 Sand 1429 b,NGC_2682_Sand_1429,0.384,0,90,77.48,13.4,572.091,683,2024
NGC_2682_Sand_978_b,NGC 2682 Sand 978 b,NGC_2682_Sand_978,-1,0.16,90,511.21,13.3,692.869,-1,2017
NGC_2682_YBP_1194_b,NGC 2682 YBP 1194 b,NGC_2682_YBP_1194,-1,0.3,90,6.959,12.3,101.706,-1,2014
NGC_2682_YBP_1514_b,NGC 2682 YBP 1514 b,NGC_2682_YBP_1514,-1,0.28,90,5.118,14,127.132,-1,2014
NGC_2682_YBP_401_b,NGC 2682 YBP 401 b,NGC_2682_YBP_401,-1,0.15,90,4.087,14.3,146.202,-1,2016
NGTS_1_b,NGTS-1 b,NGTS_1,0.0326,0.016,85.27,2.6473,14.908,258.078,790,2017
NGTS_10_b,NGTS-10 b,NGTS_10,0.0143,0,79.4,0.766894,13.8991,687.148,1508,2020
NGTS_11_b,NGTS-11 b,NGTS_11,0.201,0.13,89.16,35.4553,9.15775,109.334,435,2020
NGTS_12_b,NGTS-12 b,NGTS_12,0.0757,0,88.9,7.53281,11.747,66.1086,1257,2020
NGTS_13_b,NGTS-13 b,NGTS_13,0.0549,0.086,88.7,4.11903,12.8007,1538.3,1605,2021
NGTS_14_A_b,NGTS-14 A b,NGTS_14_A,0.0403,0,86.7,3.53572,4.9768,29.2404,1143,2021
NGTS_15_b,NGTS-15 b,NGTS_15,0.0441,0,90,3.27623,12.3299,238.689,1146,2021
NGTS_16_b,NGTS-16 b,NGTS_16,0.0523,0,90,4.84532,14.5717,211.992,1177,2021
NGTS_17_b,NGTS-17 b,NGTS_17,0.0391,0,90,3.24253,13.8991,242.821,1457,2021
NGTS_18_b,NGTS-18 b,NGTS_18,0.0448,0,90,3.05125,13.5629,129.992,1381,2021
NGTS_2_b,NGTS-2 b,NGTS_2,0.063,0,88.5,4.51116,17.8784,235.194,1468,2018
NGTS_20_b,NGTS-20 b,NGTS_20,0.313,0.432,88.4,54.1891,11.9936,947.129,688,2022
NGTS_21_b,NGTS-21 b,NGTS_21,0.0236,0,83.85,1.54339,14.9079,750.075,1357,2022
NGTS_23_b,NGTS-23 b,NGTS_23,0.0504,0,89.12,4.07643,14.2018,194.829,1327,2022
NGTS_24_b,NGTS-24 b,NGTS_24,0.0479,0,82.61,3.46788,13.6077,165.271,1499,2022
NGTS_25_b,NGTS-25 b,NGTS_25,0.0388,0,89.34,2.82309,11.4668,203.092,1101,2022
NGTS_26_b,NGTS-26 b,NGTS_26,0.049,0,86.43,4.51993,14.8855,92.8059,1331,2024
NGTS_27_b,NGTS-27 b,NGTS_27,0.0446,0,86.2,3.37042,15.6477,188.472,1783,2024
NGTS_3_A_b,NGTS-3 A b,NGTS_3_A,0.023,0,89.56,1.67537,16.5893,756.435,1434.44,2018
NGTS_30_b,NGTS-30 b,NGTS_30,0.408,0.294,89.483,98.2984,10.4019,305.115,500,2024
NGTS_31_b,NGTS-31 b,NGTS_31,0.064,0,85.6,4.16273,18.0465,355.968,1410,2025
NGTS_32_b,NGTS-32 b,NGTS_32,0.044,0,86.9,3.31211,15.9168,181.162,1750,2025
NGTS_33_b,NGTS-33 b,NGTS_33,0.048,0,83.94,2.82797,18.3827,1153.72,1991,2024
NGTS_34_b,NGTS-34 b,NGTS_34,0.257,0,88.874,43.1266,3.65,19.1,624,2025
NGTS_35_b,NGTS-35 b,NGTS_35,0.16,0.192,88.816,25.2412,10.9,152,451,2025
NGTS_38_b,NGTS-38 b,NGTS_38,0.697,0.3086,90,180.528,12.1169,1516.04,457,2026
NGTS_39_b,NGTS-39 b,NGTS_39,0.3077,0.386,90,58.2047,12.1954,466.254,519,2026
NGTS_4_b,NGTS-4 b,NGTS_4,0.019,0,82.5,1.33735,3.18,20.6,1650,2019
NGTS_5_b,NGTS-5 b,NGTS_5,0.0382,0,86.6,3.35699,12.7334,72.7831,952,2019
NGTS_6_b,NGTS-6 b,NGTS_6,0.01677,0,78.231,0.882059,14.8631,425.574,1283.9,2019
NGTS_8_b,NGTS-8 b,NGTS_8,0.035,0.01,86.9,2.4997,12.2178,295.582,1345,2019
NGTS_9_b,NGTS-9 b,NGTS_9,0.058,0.06,84.1,4.43527,11.9936,921.707,1448,2019
NN_Ser_d,NN Ser d,NN_Ser,3.39,0.24,90,2880,13.3,724.622,-1,2010
NN_Ser_c,NN Ser c,NN_Ser,5.35,0.089,90,6987,12.6,2329.6,-1,2010
NSVS_14256825_b,NSVS 14256825 b,NSVS_14256825,3.12,0.12,90,3225,12.3,4497.29,473.47,2019
NY_Vir_b,NY Vir b,NY_Vir,3.3,0.15,90,3160,13.3,730.978,338.12,2011
NY_Vir_c,NY Vir c,NY_Vir,-1,0.15,90,8799,12.8,1760.78,-1,2019
OGLE_2003_BLG_235L_b,OGLE-2003-BLG-235L b,OGLE_2003_BLG_235L,4.3,0,90,-1,13.2,830,-1,2004
OGLE_2005_BLG_071L_b,OGLE-2005-BLG-071L b,OGLE_2005_BLG_071L,3.6,0,90,-1,13,1200,55,2005
OGLE_2005_BLG_169L_b,OGLE-2005-BLG-169L b,OGLE_2005_BLG_169L,3.5,0,90,-1,3.84,14.1,-1,2006
OGLE_2005_BLG_390L_b,OGLE-2005-BLG-390L b,OGLE_2005_BLG_390L,2.6,0,90,3285,2.21,5.5,50,2005
OGLE_2006_BLG_109L_b,OGLE-2006-BLG-109L b,OGLE_2006_BLG_109L,2.3,0,90,1788.5,14,231,82,2008
OGLE_2006_BLG_109L_c,OGLE-2006-BLG-109L c,OGLE_2006_BLG_109L,4.5,0.15,64,4927.5,11.1,86,59,2008
OGLE_2006_BLG_284L_A_b,OGLE-2006-BLG-284L A b,OGLE_2006_BLG_284L_A,2.17,0,90,-1,14.3,144,-1,2020
OGLE_2007_BLG_349L_AB_c,OGLE-2007-BLG-349L AB c,OGLE_2007_BLG_349L_A,2.59,0,90,2557,10.7,80,-1,2016
OGLE_2007_BLG_368L_b,OGLE-2007-BLG-368L b,OGLE_2007_BLG_368L,2.8,0,90,-1,4.72,20,-1,2009
OGLE_2008_BLG_092L_b,OGLE-2008-BLG-092L b,OGLE_2008_BLG_092L,15,0,90,-1,8.74,57,-1,2014
OGLE_2008_BLG_355L_b,OGLE-2008-BLG-355L b,OGLE_2008_BLG_355L,1.7,0,90,-1,12.9,1500,-1,2014
OGLE_2011_BLG_0173L_b,OGLE-2011-BLG-0173L b,OGLE_2011_BLG_0173L,8,0,90,-1,9.01,60,-1,2018
OGLE_2011_BLG_0251L_b,OGLE-2011-BLG-0251L b,OGLE_2011_BLG_0251L,2.72,0,90,-1,14.2,170,-1,2012
OGLE_2011_BLG_0265L_b,OGLE-2011-BLG-0265L b,OGLE_2011_BLG_0265L,1.89,0,90,-1,13.9,280,-1,2015
OGLE_2012_BLG_0026L_b,OGLE-2012-BLG-0026L b,OGLE_2012_BLG_0026L,4,0,90,-1,7.72,46.1,-1,2012
OGLE_2012_BLG_0026L_c,OGLE-2012-BLG-0026L c,OGLE_2012_BLG_0026L,4.8,0,90,-1,13.9,270,-1,2012
OGLE_2012_BLG_0358L_b,OGLE-2012-BLG-0358L b,OGLE_2012_BLG_0358L,0.87,0,90,-1,13.4,588,-1,2013
OGLE_2012_BLG_0406L_b,OGLE-2012-BLG-0406L b,OGLE_2012_BLG_0406L,3.45,0,90,-1,13.2,868,-1,2013
OGLE_2012_BLG_0563L_b,OGLE-2012-BLG-0563L b,OGLE_2012_BLG_0563L,0.74,0,90,-1,13.6,120,-1,2015
OGLE_2012_BLG_0724L_b,OGLE-2012-BLG-0724L b,OGLE_2012_BLG_0724L,1.6,0,90,-1,14.3,150,-1,2016
OGLE_2012_BLG_0838L_b,OGLE-2012-BLG-0838L b,OGLE_2012_BLG_0838L,4.43,0,90,-1,8.39,53.1,-1,2020
OGLE_2012_BLG_0950L_b,OGLE-2012-BLG-0950L b,OGLE_2012_BLG_0950L,2.6,0,90,-1,6.56,35,-1,2016
OGLE_2013_BLG_0102L_b,OGLE-2013-BLG-0102L b,OGLE_2013_BLG_0102L,0.8,0,90,-1,12.3,4100,-1,2014
OGLE_2013_BLG_0132L_b,OGLE-2013-BLG-0132L b,OGLE_2013_BLG_0132L,3.6,0,90,-1,11.6,92,-1,2017
OGLE_2013_BLG_0341L_B_b,OGLE-2013-BLG-0341L B b,OGLE_2013_BLG_0341L_B,0.702,0,90,-1,1.16,1.66,-1,2014
OGLE_2013_BLG_0911L_b,OGLE-2013-BLG-0911L b,OGLE_2013_BLG_0911L,0.39,0,90,-1,12.5,3020,-1,2019
OGLE_2013_BLG_1721L_b,OGLE-2013-BLG-1721L b,OGLE_2013_BLG_1721L,2.6,0,90,-1,14.1,200,-1,2017
OGLE_2013_BLG_1761L_b,OGLE-2013-BLG-1761L b,OGLE_2013_BLG_1761L,1.8,0,90,-1,13.2,860,-1,2017
OGLE_2014_BLG_0124L_b,OGLE-2014-BLG-0124L b,OGLE_2014_BLG_0124L,3.48,0,90,-1,14.1,206.588,-1,2015
OGLE_2014_BLG_0221L_b,OGLE-2014-BLG-0221L b,OGLE_2014_BLG_0221L,3.76,0,90,-1,12.9,1382.55,-1,2024
OGLE_2014_BLG_0319L_b,OGLE-2014-BLG-0319L b,OGLE_2014_BLG_0319L,3.49,0,90,-1,14.1,181.162,-1,2022
OGLE_2014_BLG_0676L_b,OGLE-2014-BLG-0676L b,OGLE_2014_BLG_0676L,2.04,0,90,-1,13.1,988.446,-1,2016
OGLE_2014_BLG_1722L_b,OGLE-2014-BLG-1722L b,OGLE_2014_BLG_1722L,1.5,0,90,-1,8.59,55.3,-1,2018
OGLE_2014_BLG_1722L_c,OGLE-2014-BLG-1722L c,OGLE_2014_BLG_1722L,1.7,0,90,-1,11,83.7,-1,2018
OGLE_2014_BLG_1760L_b,OGLE-2014-BLG-1760L b,OGLE_2014_BLG_1760L,1.887,0,90,-1,13.8,295.898,-1,2016
OGLE_2015_BLG_0051L_b,OGLE-2015-BLG-0051L b,OGLE_2015_BLG_0051L,0.73,0,90,-1,14,230,-1,2016
OGLE_2015_BLG_0954L_b,OGLE-2015-BLG-0954L b,OGLE_2015_BLG_0954L,1.6,0,90,-1,13.1,1100,-1,2016
OGLE_2015_BLG_0966L_b,OGLE-2015-BLG-0966L b,OGLE_2015_BLG_0966L,2.7,0,90,-1,4.86,21,-1,2016
OGLE_2015_BLG_1609L_b,OGLE-2015-BLG-1609L b,OGLE_2015_BLG_1609L,-1,0,90,-1,10.4,76.2788,-1,2025
OGLE_2015_BLG_1649L_b,OGLE-2015-BLG-1649L b,OGLE_2015_BLG_1649L,2.07,0,90,-1,13.2,807,-1,2019
OGLE_2015_BLG_1670L_b,OGLE-2015-BLG-1670L b,OGLE_2015_BLG_1670L,2.62,0,90,-1,4.42,17.9,-1,2019
OGLE_2015_BLG_1771L_b,OGLE-2015-BLG-1771L b,OGLE_2015_BLG_1771L,0.85,0,90,-1,14.3,138,-1,2020
OGLE_2016_BLG_0007L_b,OGLE-2016-BLG-0007L b,OGLE_2016_BLG_0007L,10.1,0,90,14200,1.09,1.32,-1,2025
OGLE_2016_BLG_0261L_b,OGLE-2016-BLG-0261L b,OGLE_2016_BLG_0261L,0.72,0,90,-1,9.6,66.744,-1,2026
OGLE_2016_BLG_0263L_b,OGLE-2016-BLG-0263L b,OGLE_2016_BLG_0263L,5.4,0,90,-1,13,1300,-1,2017
OGLE_2016_BLG_0613L_AB_b,OGLE-2016-BLG-0613L AB b,OGLE_2016_BLG_0613L_AB,6.4,0,90,-1,13,1330,-1,2017
OGLE_2016_BLG_1067L_b,OGLE-2016-BLG-1067L b,OGLE_2016_BLG_1067L,1.7,0,90,-1,14.3,140,-1,2019
OGLE_2016_BLG_1093L_b,OGLE-2016-BLG-1093L b,OGLE_2016_BLG_1093L,2.13,0,90,-1,14,225.658,-1,2022
OGLE_2016_BLG_1190L_b,OGLE-2016-BLG-1190L b,OGLE_2016_BLG_1190L,2.17,0.42,41.2,1220,12.3,4253,-1,2017
OGLE_2016_BLG_1195L_b,OGLE-2016-BLG-1195L b,OGLE_2016_BLG_1195L,1.16,0,90,-1,1.11,1.43,-1,2017
OGLE_2016_BLG_1227L_b,OGLE-2016-BLG-1227L b,OGLE_2016_BLG_1227L,3.4,0,90,-1,13.9,250,-1,2020
OGLE_2016_BLG_1266L_b,OGLE-2016-BLG-1266L b,OGLE_2016_BLG_1266L,0.43,0,90,-1,12.4,3813.94,-1,2018
OGLE_2016_BLG_1598L_b,OGLE-2016-BLG-1598L b,OGLE_2016_BLG_1598L,2.5,0,90,-1,13.6,120.775,-1,2024
OGLE_2016_BLG_1800L_b,OGLE-2016-BLG-1800L b,OGLE_2016_BLG_1800L,1.88,0,90,-1,13.2,823.176,-1,2024
OGLE_2017_BLG_0173L_b,OGLE-2017-BLG-0173L b,OGLE_2017_BLG_0173L,3.913,0,90,-1,1.62,3.269,-1,2018
OGLE_2017_BLG_0364L_b,OGLE-2017-BLG-0364L b,OGLE_2017_BLG_0364L,3.79,0,90,-1,10.3,75.8,-1,2024
OGLE_2017_BLG_0373L_b,OGLE-2017-BLG-0373L b,OGLE_2017_BLG_0373L,2.424,0,90,-1,14,127,-1,2018
OGLE_2017_BLG_0406L_b,OGLE-2017-BLG-0406L b,OGLE_2017_BLG_0406L,3.5,0,90,-1,14.2,130,-1,2020
OGLE_2017_BLG_0448L_b,OGLE-2017-BLG-0448L b,OGLE_2017_BLG_0448L,5.75,0,90,-1,4.08,15.6,-1,2024
OGLE_2017_BLG_0482L_b,OGLE-2017-BLG-0482L b,OGLE_2017_BLG_0482L,1.8,0,90,-1,2.95,9,-1,2018
OGLE_2017_BLG_0604L_b,OGLE-2017-BLG-0604L b,OGLE_2017_BLG_0604L,4.06,0,90,-1,14.2,160,-1,2020
OGLE_2017_BLG_0640L_b,OGLE-2017-BLG-0640L b,OGLE_2017_BLG_0640L,1.14,0,90,-1,13.5,514.882,-1,2024
OGLE_2017_BLG_1049L_b,OGLE-2017-BLG-1049L b,OGLE_2017_BLG_1049L,3.92,0,90,-1,12.8,1760,-1,2020
OGLE_2017_BLG_1099L_b,OGLE-2017-BLG-1099L b,OGLE_2017_BLG_1099L,2.73,0,90,-1,13.1,959.842,-1,2021
OGLE_2017_BLG_1140L_b,OGLE-2017-BLG-1140L b,OGLE_2017_BLG_1140L,1.02,0,90,-1,13.5,505,-1,2018
OGLE_2017_BLG_1237L_b,OGLE-2017-BLG-1237L b,OGLE_2017_BLG_1237L,2.53,0,90,-1,13,1207.75,-1,2024
OGLE_2017_BLG_1275L_b,OGLE-2017-BLG-1275L b,OGLE_2017_BLG_1275L,2.09,0,90,-1,12.8,1875.19,-1,2024
OGLE_2017_BLG_1375L_b,OGLE-2017-BLG-1375L b,OGLE_2017_BLG_1375L,3.04,0,90,-1,12.4,3585,-1,2020
OGLE_2017_BLG_1434L_b,OGLE-2017-BLG-1434L b,OGLE_2017_BLG_1434L,1.18,0,90,-1,1.94,4.43,-1,2018
OGLE_2017_BLG_1522L_b,OGLE-2017-BLG-1522L b,OGLE_2017_BLG_1522L,0.59,0,90,-1,14,240,-1,2018
OGLE_2017_BLG_1691L_b,OGLE-2017-BLG-1691L b,OGLE_2017_BLG_1691L,2.41,0,90,-1,3.92,14.6201,-1,2022
OGLE_2017_BLG_1806L_b,OGLE-2017-BLG-1806L b,OGLE_2017_BLG_1806L,1.75,0,90,-1,2.15,5.27,-1,2023
OGLE_2018_BLG_0298L_b,OGLE-2018-BLG-0298L b,OGLE_2018_BLG_0298L,2.86,0,90,-1,7.56,44.496,-1,2022
OGLE_2018_BLG_0383L_b,OGLE-2018-BLG-0383L b,OGLE_2018_BLG_0383L,1.8,0,90,-1,2.41,6.4,-1,2022
OGLE_2018_BLG_0506L_b,OGLE-2018-BLG-0506L b,OGLE_2018_BLG_0506L,3,0,90,-1,4.18,16.3,-1,2022
OGLE_2018_BLG_0516L_b,OGLE-2018-BLG-0516L b,OGLE_2018_BLG_0516L,2.2,0,90,-1,4.73,20.1,-1,2022
OGLE_2018_BLG_0532L_b,OGLE-2018-BLG-0532L b,OGLE_2018_BLG_0532L,1.064,0,90,-1,2.37,6.228,-1,2020
OGLE_2018_BLG_0567L_b,OGLE-2018-BLG-0567L b,OGLE_2018_BLG_0567L,2.72,0,90,-1,12.3,101.705,-1,2021
OGLE_2018_BLG_0596L_b,OGLE-2018-BLG-0596L b,OGLE_2018_BLG_0596L,0.97,0,90,-1,3.81,13.93,-1,2019
OGLE_2018_BLG_0677L_b,OGLE-2018-BLG-0677L b,OGLE_2018_BLG_0677L,0.63,0,90,-1,1.82,3.96,-1,2020
OGLE_2018_BLG_0740L_b,OGLE-2018-BLG-0740L b,OGLE_2018_BLG_0740L,5,0,90,5480,12.9,1500,-1,2019
OGLE_2018_BLG_0799L_b,OGLE-2018-BLG-0799L b,OGLE_2018_BLG_0799L,1.28,0,90,-1,10.9,82.6354,-1,2022
OGLE_2018_BLG_0932L_b,OGLE-2018-BLG-0932L b,OGLE_2018_BLG_0932L,1.75,0,90,-1,13.9,282.867,-1,2022
OGLE_2018_BLG_0962L_b,OGLE-2018-BLG-0962L b,OGLE_2018_BLG_0962L,3.59,0,90,-1,13.6,425.89,-1,2021
OGLE_2018_BLG_0977L_b,OGLE-2018-BLG-0977L b,OGLE_2018_BLG_0977L,2,0,90,-1,2.41,6.4,-1,2022
OGLE_2018_BLG_1011L_c,OGLE-2018-BLG-1011L c,OGLE_2018_BLG_1011L,0.8,0,90,-1,13.2,890,-1,2019
OGLE_2018_BLG_1011L_b,OGLE-2018-BLG-1011L b,OGLE_2018_BLG_1011L,1.8,0,90,-1,13.5,570,-1,2019
OGLE_2018_BLG_1119L_b,OGLE-2018-BLG-1119L b,OGLE_2018_BLG_1119L,4.06,0,90,-1,13.9,289.224,-1,2022
OGLE_2018_BLG_1126L_b,OGLE-2018-BLG-1126L b,OGLE_2018_BLG_1126L,3.23,0,90,-1,4.41,17.7984,-1,2022
OGLE_2018_BLG_1185L_b,OGLE-2018-BLG-1185L b,OGLE_2018_BLG_1185L,1.54,0,90,-1,2.83,8.4,-1,2021
OGLE_2018_BLG_1212L_b,OGLE-2018-BLG-1212L b,OGLE_2018_BLG_1212L,1.68,0,90,-1,9.32,63.5657,-1,2022
OGLE_2018_BLG_1269L_b,OGLE-2018-BLG-1269L b,OGLE_2018_BLG_1269L,4.51,0,90,-1,14.1,210,-1,2020
OGLE_2018_BLG_1367L_b,OGLE-2018-BLG-1367L b,OGLE_2018_BLG_1367L,1.21,0,90,-1,13.8,301.937,-1,2022
OGLE_2018_BLG_1428L_b,OGLE-2018-BLG-1428L b,OGLE_2018_BLG_1428L,3.3,0,90,-1,14,240,-1,2021
OGLE_2018_BLG_1647L_b,OGLE-2018-BLG-1647L b,OGLE_2018_BLG_1647L,1.36,0,90,-1,13.8,308.294,-1,2022
OGLE_2018_BLG_1700L_b,OGLE-2018-BLG-1700L b,OGLE_2018_BLG_1700L,2.8,0,90,-1,12.9,1400,-1,2020
OGLE_2019_BLG_0249L_b,OGLE-2019-BLG-0249L b,OGLE_2019_BLG_0249L,1.84,0,90,-1,12.7,2262.94,-1,2023
OGLE_2019_BLG_0299L_b,OGLE-2019-BLG-0299L b,OGLE_2019_BLG_0299L,2.8,0,90,-1,12.7,1976.89,-1,2021
OGLE_2019_BLG_0304L_b,OGLE-2019-BLG-0304L b,OGLE_2019_BLG_0304L,1.23,0,90,-1,14.2,162.092,-1,2021
OGLE_2019_BLG_0362L_b,OGLE-2019-BLG-0362L b,OGLE_2019_BLG_0362L,2.18,0,90,-1,13.1,1036.12,-1,2022
OGLE_2019_BLG_0468L_c,OGLE-2019-BLG-0468L c,OGLE_2019_BLG_0468L,2.77,0,90,-1,12.5,3248.21,-1,2022
OGLE_2019_BLG_0468L_b,OGLE-2019-BLG-0468L b,OGLE_2019_BLG_0468L,3.29,0,90,-1,13.1,1090.15,-1,2022
OGLE_2019_BLG_0679L_b,OGLE-2019-BLG-0679L b,OGLE_2019_BLG_0679L,6.99,0,90,-1,13.1,1061.55,-1,2023
OGLE_2019_BLG_0954L_b,OGLE-2019-BLG-0954L b,OGLE_2019_BLG_0954L,2.65,0,90,-1,12.3,4513.16,-1,2021
OGLE_2019_BLG_0960L_b,OGLE-2019-BLG-0960L b,OGLE_2019_BLG_0960L,1.9,0,90,-1,1.39,2.5,-1,2021
OGLE_2019_BLG_1053L_b,OGLE-2019-BLG-1053L b,OGLE_2019_BLG_1053L,3.4,0,90,-1,1.38,2.48,-1,2021
OGLE_2019_BLG_1180L_b,OGLE-2019-BLG-1180L b,OGLE_2019_BLG_1180L,5.19,0,90,-1,13.5,555.246,-1,2023
OGLE_2019_BLG_1470L_AB_c,OGLE-2019-BLG-1470L AB c,OGLE_2019_BLG_1470L_A,3.2,0,90,-1,13.3,699.222,-1,2022
OGLE_2019_BLG_1492L_b,OGLE-2019-BLG-1492L b,OGLE_2019_BLG_1492L,2.7,0,90,-1,6.79,37.1,-1,2022
OGLE_2023_BLG_0766L_b,OGLE-2023-BLG-0766L b,OGLE_2023_BLG_0766L,2.5,0,90,-1,13.7,349.611,-1,2026
OGLE_2023_BLG_0836L_b,OGLE-2023-BLG-0836L b,OGLE_2023_BLG_0836L,3.7,0,90,-1,12.9,1385.73,-1,2024
OGLE_TR_10_b,OGLE-TR-10 b,OGLE_TR_10,0.0434,0,90,3.10128,14.011,197.046,1702,2004
OGLE_TR_111_b,OGLE-TR-111 b,OGLE_TR_111,0.0473,0,88.3,4.01445,11.422,174.799,1019,2004
OGLE_TR_113_b,OGLE-TR-113 b,OGLE_TR_113,0.02289,0,87.8,1.43248,12.251,400.449,1342,2004
OGLE_TR_132_b,OGLE-TR-132 b,OGLE_TR_132,0.03035,0.6,83.4,1.68987,13.45,375.02,2013,2004
OGLE_TR_182_b,OGLE-TR-182 b,OGLE_TR_182,0.051,0,85.7,3.9791,12.666,320.995,1550,2007
OGLE_TR_211_b,OGLE-TR-211 b,OGLE_TR_211,0.051,0,87.2,3.67724,15.244,327.351,1686,2007
OGLE_TR_56_b,OGLE-TR-56 b,OGLE_TR_56,0.02383,0,77.6,1.21192,15.278,441.77,2212,2002
OGLE2_TR_L9_b,OGLE2-TR-L9 b,OGLE2_TR_L9,0.0308,0,79.8,2.48553,18.046,1430.17,2034,2008
Oph_11_b,Oph 11 b,Oph_11,243,0,90,7.3e+06,12.3,4449.62,2175,2006
PDS_70_b,PDS 70 b,PDS_70,20.8,0.17,131,43500,21.9696,1017.05,1392,2018
PDS_70_c,PDS 70 c,PDS_70,34.3,0.037,130.5,-1,22.1938,2383.71,1054,2019
PH1_b,PH1 b,PH1,0.652,0.0702,90.05,138.317,6.18,169,481,2012
PH2_b,PH2 b,PH2,0.833,0.215,89.898,282.525,9.33708,87.085,295.1,2013
POTS_1_b,POTS-1 b,POTS_1,0.03734,0,88.06,3.16063,10.548,734.16,841.95,2013
PSR_B0329_54_b,PSR B0329+54 b,PSR_B0329_54,10.26,0.236,90,10140,1.22,1.97,-1,2017
PSR_B1257_12_b,PSR B1257+12 b,PSR_B1257_12,0.19,0,50,25.262,0.338,0.02,-1,1994
PSR_B1257_12_c,PSR B1257+12 c,PSR_B1257_12,0.36,0.0186,53,66.5419,1.91,4.3,-1,1992
PSR_B1257_12_d,PSR B1257+12 d,PSR_B1257_12,0.46,0.0264,47,98.2114,1.8,3.9,-1,1992
PSR_B1620_26_b,PSR B1620-26 b,PSR_B1620_26,23,0,90,-1,13.3,794.575,-1,2003
PSR_J1719_1438_b,PSR J1719-1438 b,PSR_J1719_1438,0.0044,0.06,90,0.0907063,-1,382.8,-1,2011
PSR_J2322_2650_b,PSR J2322-2650 b,PSR_J2322_2650,0.0102,0.0017,90,0.322964,13.9,252.643,-1,2017
PZ_Tel_b,PZ Tel b,PZ_Tel,27,0.52,91.73,44000,11.9,8581.37,53.77,2023
Pr0201_b,Pr0201 b,Pr0201,0.06,0,90,4.4264,14.2,171.628,1303.39,2012
Pr0211_b,Pr0211 b,Pr0211,0.03176,0.011,90,2.1461,13.4,597.52,1304.13,2012
Pr0211_c,Pr0211 c,Pr0211,5.5,0.71,90,4850,12.6,2475.9,99.1,2016
Proxima_Cen_d,Proxima Cen d,Proxima_Cen,0.02881,0,90,5.12338,0.692,0.26,282,2025
Proxima_Cen_b,Proxima Cen b,Proxima_Cen,0.04848,0,90,11.1846,1.02,1.055,218,2016
Qatar_1_b,Qatar-1 b,Qatar_1,0.02332,0,84.08,1.42002,12.8119,411.272,1418,2010
Qatar_10_b,Qatar-10 b,Qatar_10,0.0286,0,85.87,1.64532,17.2955,233.923,1955,2019
Qatar_2_b,Qatar-2 b,Qatar_2,0.02153,0,86.12,1.33712,14.056,792.635,1344,2011
Qatar_3_b,Qatar-3 b,Qatar_3,0.03783,0,86.8,2.50792,12.2851,1369.85,1681,2017
Qatar_4_b,Qatar-4 b,Qatar_4,0.02803,0,87.5,1.80536,12.7222,1938.76,1385,2017
Qatar_5_b,Qatar-5 b,Qatar_5,0.04127,0,88.74,2.87923,12.4084,1373.03,1415,2017
Qatar_6_b,Qatar-6 b,Qatar_6,0.0423,0,86.01,3.50619,11.904,212.31,1006,2017
Qatar_7_b,Qatar-7 b,Qatar_7,0.0352,0,89,2.03205,19.0553,597.52,2053,2019
Qatar_8_b,Qatar-8 b,Qatar_8,0.0474,0,89.29,3.71495,14.4036,117.915,1457,2019
Qatar_9_b,Qatar-9 b,Qatar_9,0.0234,0,89.23,1.54073,11.3099,378.218,1134,2019
ROXs_12_b,ROXs 12 b,ROXs_12,210,0.83,90,-1,12.2,5085,13.23,2013
ROXs_42_B_b,ROXs 42 B b,ROXs_42_B,157,0.58,90,-1,12.5,2860,1975,2013
RR_Cae_b,RR Cae b,RR_Cae,5.3,0,17.6,4343.5,13,1334.89,35.94,2012
Ross_128_b,Ross 128 b,Ross_128,0.0496,0.116,90,9.8658,1.11,1.4,301,2017
Ross_176_b,Ross 176 b,Ross_176,0.0464,0.25,89.42,5.00663,1.84,4.57,682,2025
Ross_458_c,Ross 458 c,Ross_458,1100,0,90,-1,14.0113,1906.98,4.32,2010
Ross_508_b,Ross 508 b,Ross_508,0.05366,0.33,90,10.77,1.83,4,293.86,2022
SPECULOOS_3_b,SPECULOOS-3 b,SPECULOOS_3,0.00733,0,89.44,0.719126,0.977,0.894,553,2024
SR_12_AB_c,SR 12 AB c,SR_12_AB,-1,0,90,-1,12.3,4131.62,-1,2010
SWEEPS_11_b,SWEEPS-11 b,SWEEPS_11,0.03,0,90,1.796,12.666,3082.82,-1,2006
SWEEPS_4_b,SWEEPS-4 b,SWEEPS_4,0.055,0,90,4.2,9.079,1207.7,-1,2006
TAP_26_b,TAP 26 b,TAP_26,0.0968,0,90,10.79,13.5,527.598,774.52,2017
TCP_J05074264_2447555_b,TCP J05074264+2447555 b,TCP_J05074264_2447555,0.94,0,90,-1,4.72,20,344.63,2018
TIC_117642575_b,TIC 117642575 b,TIC_117642575,-1,0,86.9056,4.94459,2.82716,8.38,-1,2026
TIC_139270665_b,TIC 139270665 b,TIC_139270665,0.163,0.105,89.76,23.624,7.22979,147.155,703,2024
TIC_139270665_c,TIC 139270665 c,TIC_139270665,2,0.566,90,1010,12.9,1554.18,200,2024
TIC_139702105_b,TIC 139702105 b,TIC_139702105,-1,0,88.8402,6.83602,2.45317,6.59,-1,2026
TIC_142589416_b,TIC 142589416 b,TIC_142589416,-1,0,86.706,2.09518,2.679,7.65,-1,2026
TIC_147027702_b,TIC 147027702 b,TIC_147027702,0.274,0.127,89.52,44.4052,10.9288,346.433,863,2026
TIC_150070085_b,TIC 150070085 b,TIC_150070085,-1,0,88.51,10.4742,3.62,12.8,945.06,2026
TIC_153919886_b,TIC 153919886 b,TIC_153919886,-1,0,87.5448,2.1051,2.70601,7.78,-1,2026
TIC_154870955_b,TIC 154870955 b,TIC_154870955,-1,0,88.185,7.96987,3.09467,9.77,-1,2026
TIC_160113658_b,TIC 160113658 b,TIC_160113658,-1,0,88.6116,6.72952,3.49016,12,-1,2026
TIC_161045582_b,TIC 161045582 b,TIC_161045582,-1,0,88.2923,8.85577,2.24567,5.67,-1,2026
TIC_172900988_b,TIC 172900988 b,TIC_172900988_Aa,0.90281,0.0271,91.79,200.452,11.25,942,361.24,2021
TIC_178172313_b,TIC 178172313 b,TIC_178172313,-1,0,86.8227,4.37318,2.80405,8.27,-1,2026
TIC_183374187_b,TIC 183374187 b,TIC_183374187,-1,0.506,90,5.05907,14.0336,177.984,1379,2026
TIC_188624430_b,TIC 188624430 b,TIC_188624430,-1,0,88.3593,6.2186,3.64812,12.9,-1,2026
TIC_18942729_b,TIC 18942729 b,TIC_18942729,-1,0,85.2341,0.998178,2.00021,4.66,-1,2026
TIC_198190129_b,TIC 198190129 b,TIC_198190129,-1,0,88.9679,7.94805,2.92285,8.87,-1,2026
TIC_206466666_b,TIC 206466666 b,TIC_206466666,-1,0,88.675,9.10487,2.14818,5.26,-1,2026
TIC_231949697_b,TIC 231949697 b,TIC_231949697,-1,0,80.0693,0.907204,1.52832,2.95,982.91,2026
TIC_237913194_b,TIC 237913194 b,TIC_237913194,0.1207,0.575,87,15.1689,12.5205,617.226,974,2020
TIC_241249530_b,TIC 241249530 b,TIC_241249530,0.641,0.9412,85.17,165.772,13.2939,1582.79,438.94,2024
TIC_245076932_b,TIC 245076932 b,TIC_245076932,0.157,0.428,89.77,21.6139,10.8727,162.092,845,2026
TIC_24750448_b,TIC 24750448 b,TIC_24750448,-1,0,87.6591,3.59159,2.43722,6.51,-1,2026
TIC_24750448_c,TIC 24750448 c,TIC_24750448,-1,0,88.4348,10.1439,3.09028,9.75,-1,2026
TIC_249022743_b,TIC 249022743 b,TIC_249022743,-1,0,86.42,2.2572,4.79568,20.6,-1,2026
TIC_257060897_b,TIC 257060897 b,TIC_257060897,0.04922,0.039,84.55,3.66004,17.2618,201.503,1775,2021
TIC_260969020_b,TIC 260969020 b,TIC_260969020,-1,0,88.7595,8.48585,2.22687,5.59,-1,2026
TIC_270471727_b,TIC 270471727 b,TIC_270471727,-1,0,88.8109,10.4562,2.7503,8,1147.1,2026
TIC_279401253_b,TIC 279401253 b,TIC_279401253,0.369,0.448,89.59,76.8,11.209,1951.47,486.37,2023
TIC_279401253_c,TIC 279401253 c,TIC_279401253,0.591,0.254,90,155.3,12.6,2548.98,384.31,2023
TIC_290487717_b,TIC 290487717 b,TIC_290487717,-1,0,84.3855,3.40082,6.63778,35.7,-1,2026
TIC_294329732_b,TIC 294329732 b,TIC_294329732,-1,0,88.3114,9.75659,2.07692,4.97,-1,2026
TIC_32032563_b,TIC 32032563 b,TIC_32032563,-1,0,88.9818,13.8346,3.4774,11.9,-1,2026
TIC_320419023_b,TIC 320419023 b,TIC_320419023,-1,0,87.5968,5.26376,2.77281,8.11,-1,2026
TIC_34085383_b,TIC 34085383 b,TIC_34085383,-1,0,87.2174,3.47793,3.91982,14.6,-1,2026
TIC_349520724_b,TIC 349520724 b,TIC_349520724,-1,0,88.6079,7.94045,2.82626,8.38,-1,2026
TIC_356227008_b,TIC 356227008 b,TIC_356227008,-1,0,86.8986,2.96147,2.39024,6.3,-1,2026
TIC_365102760_b,TIC 365102760 b,TIC_365102760,0.0622,0.406,90,4.21285,6.21,19.2,1676.12,2024
TIC_38825265_b,TIC 38825265 b,TIC_38825265,-1,0,86.6756,3.31337,2.18869,5.43,-1,2026
TIC_38828280_b,TIC 38828280 b,TIC_38828280,-1,0,87.4626,4.85559,2.62702,7.4,-1,2026
TIC_390586021_b,TIC 390586021 b,TIC_390586021,-1,0,88.0112,2.74704,2.86009,8.55,-1,2026
TIC_393818343_b,TIC 393818343 b,TIC_393818343,0.1291,0.6058,89.57,16.2492,12.1842,1379.38,805.5,2024
TIC_423703298_b,TIC 423703298 b,TIC_423703298,-1,0,88.3796,4.03713,2.7723,8.11,-1,2026
TIC_434398831_b,TIC 434398831 b,TIC_434398831,0.04641,0.04,88.2,3.6855,3.51,12.1,1250,2025
TIC_434398831_c,TIC 434398831 c,TIC_434398831,0.06572,0.013,87.79,6.21029,5.63,27,1050,2025
TIC_437041147_b,TIC 437041147 b,TIC_437041147,-1,0,87.3458,3.82301,2.21527,5.54,-1,2026
TIC_445839811_b,TIC 445839811 b,TIC_445839811,-1,0,88.6352,11.1086,2.47771,6.7,-1,2026
TIC_46432937_b,TIC 46432937 b,TIC_46432937,0.02065,0.009,84.35,1.44045,13.3163,1017.05,872,2024
TIC_4672985_b,TIC 4672985 b,TIC_4672985,0.33,0.018,90,69.048,11.5004,4049.13,517.2,2024
TIC_52059926_b,TIC 52059926 b,TIC_52059926,0.553,0.51,89.685,175.532,10.71,5380,229.6,2026
TIC_62895484_b,TIC 62895484 b,TIC_62895484,-1,0,86.9151,2.83985,3.49392,12,-1,2026
TIC_65612701_b,TIC 65612701 b,TIC_65612701,-1,0,88.2664,10.2247,5.07803,22.7,-1,2026
TIC_67686059_b,TIC 67686059 b,TIC_67686059,-1,0,88.3145,3.52164,2.59126,7.23,-1,2026
TIC_77319217_b,TIC 77319217 b,TIC_77319217,-1,0,87.654,7.54831,3.1088,9.85,-1,2026
TIC_77552382_b,TIC 77552382 b,TIC_77552382,-1,0,87.7935,3.51026,5.69176,27.5,1433.88,2026
TIC_86380416_b,TIC 86380416 b,TIC_86380416,-1,0,87.943,6.04086,2.41236,6.4,-1,2026
TIC_87422071_b,TIC 87422071 b,TIC_87422071,0.106,0.124,87.32,11.3649,10.8615,409.999,1110,2026
TIC_88692598_b,TIC 88692598 b,TIC_88692598,-1,0,88.1332,2.64909,1.81296,3.94,-1,2026
TIC_88785435_b,TIC 88785435 b,TIC_88785435,0.08432,0.131,88.97,10.5088,5.03,22.3,635,2025
TIC_9344899_b,TIC 9344899 b,TIC_9344899,0.0815,0.029,88.95,8.58216,9.16,6170,923,2026
TOI_1011_b,TOI-1011 b,TOI_1011,-1,0,90,2.4705,1.45,4.04,1364,2025
TOI_1036_b,TOI-1036 b,TOI_1036,-1,0,88.176,3.77952,6.285,32.5,1294,2026
TOI_1052_b,TOI-1052 b,TOI_1052,0.09103,0.18,87.53,9.1397,2.87,16.9,1135,2023
TOI_1052_c,TOI-1052 c,TOI_1052,0.2263,0.237,90,35.806,6.48,34.3,719,2023
TOI_1054_01,TOI-1054.01,TOI_1054,-1,0,90,15.5078,2.43432,6.5,853,2021
TOI_1062_b,TOI-1062 b,TOI_1062,0.052,0.177,85.913,4.11296,2.265,10.15,1077,2021
TOI_1062_c,TOI-1062 c,TOI_1062,0.08,0.14,90,7.972,3.1,9.78,859,2021
TOI_1064_b,TOI-1064 b,TOI_1064,0.06152,0.047,87.709,6.44387,2.587,13.5,784,2022
TOI_1064_c,TOI-1064 c,TOI_1064,0.09429,0.088,88.455,12.2266,2.651,2.5,634,2022
TOI_1075_b,TOI-1075 b,TOI_1075,0.01159,0,84.67,0.604733,1.791,9.95,1323,2022
TOI_1080_b,TOI-1080 b,TOI_1080,0.0272,0,89.26,3.96525,1.2,10.7,368,2026
TOI_1105_b,TOI-1105 b,TOI_1105,-1,0,88.9554,10.8682,3.05824,9.58,756.37,2026
TOI_1107_b,TOI-1107 b,TOI_1107,0.0561,0.025,88.63,4.07824,14.5717,1064.73,1728,2022
TOI_1117_b,TOI-1117 b,TOI_1117,0.033,0,88.2,2.22816,2.46,8.9,1538,2025
TOI_1117_c,TOI-1117 c,TOI_1117,0.0534,0,90,4.579,2.91,8.78,1210,2025
TOI_1117_d,TOI-1117 d,TOI_1117,0.0817,0,90,8.665,3.27,10.71,978,2025
TOI_1130_b,TOI-1130 b,TOI_1130,0.0453,0.052162,87.49,4.07455,3.66,19.8,825,2020
TOI_1130_c,TOI-1130 c,TOI_1130,0.0731,0.0398,87.61,8.35019,13,336,650,2020
TOI_1135_b,TOI-1135 b,TOI_1135,0.0815,0.062,89.3,8.02773,9.91995,58.7983,1171,2024
TOI_1136_b,TOI-1136 b,TOI_1136,0.05106,0.027,86.4,4.1727,1.9,3.5,1216,2022
TOI_1136_c,TOI-1136 c,TOI_1136,0.0669,0.11,88.8,6.2574,2.879,6.32,1062,2022
TOI_1136_d,TOI-1136 d,TOI_1136,0.1062,0.042,89.2,12.5199,4.627,8.35,843,2022
TOI_1136_e,TOI-1136 e,TOI_1136,0.14,0.0425,89.2,18.801,2.639,6.07,737,2022
TOI_1136_f,TOI-1136 f,TOI_1136,0.174,0.001,89.3,26.321,3.73591,9.7,658,2022
TOI_1136_g,TOI-1136 g,TOI_1136,0.229,0.04,89.5,39.545,2.53,5.6,574,2022
TOI_1173_b,TOI-1173 b,TOI_1173,0.071,0.037,87.228,7.0644,8.77663,28.2867,868,2024
TOI_1174_b,TOI-1174 b,TOI_1174,0.07994,0,90,8.95349,2.562,32,713.83,2024
TOI_1180_b,TOI-1180 b,TOI_1180,0.080799,0,89.2078,9.68676,3.072,10,638.18,2024
TOI_1181_b,TOI-1181 b,TOI_1181,0.0364,0.011,87,2.10319,17.0264,374.72,1942.12,2022
TOI_1184_b,TOI-1184 b,TOI_1184,0.056027,0,89.0094,5.74843,2.39,6.8,715.47,2024
TOI_1194_b,TOI-1194 b,TOI_1194,0.034,0,83.98,2.31064,8.71665,120,1264.29,2023
TOI_1199_b,TOI-1199 b,TOI_1199,0.04988,0.03,90,3.67146,10.514,75.961,1486,2024
TOI_1201_b,TOI-1201 b,TOI_1201,0.0287,0,88.11,2.49199,2.415,6.28,703,2021
TOI_1203_b,TOI-1203 b,TOI_1203,0.04869,0.067,84.29,4.15729,1.52,3.51,1361.2,2025
TOI_1203_01,TOI-1203.01,TOI_1203,0.1632,0.032,89.22,25.5027,2.918,7.39,743.6,2021
TOI_1203_c,TOI-1203 c,TOI_1203,-1,0.092,90,13.0766,2.2,5.46,-1,2025
TOI_1203_e,TOI-1203 e,TOI_1203,-1,0.152,90,204.59,7.31,42.1,-1,2025
TOI_122_b,TOI-122 b,TOI_122,0.0392,0,88.4,5.07803,2.72,7.85,471,2020
TOI_1221_b,TOI-1221 b,TOI_1221,0.387,0.21,89.75,91.6828,2.91,1112.4,440,2023
TOI_1224_b,TOI-1224 b,TOI_1224,0.0355,0,89.19,4.17827,2.104,5.08,541,2024
TOI_1224_c,TOI-1224 c,TOI_1224,-1,0,90,17.9455,2.884,8.67,303.12,2024
TOI_1226_b,TOI-1226 b,TOI_1226,-1,0,88.2034,3.92881,2.41011,6.39,1123.44,2026
TOI_1227_b,TOI-1227 b,TOI_1227,0.0886,0,88.571,27.364,9.57247,66.5,243.77,2022
TOI_1230_01,TOI-1230.01,TOI_1230,-1,0,90,25.0573,2.38628,6.29,1046.51,2021
TOI_1231_b,TOI-1231 b,TOI_1231,0.1288,0.087,89.73,24.2456,3.65,15.4,329.6,2021
TOI_1232_b,TOI-1232 b,TOI_1232,0.117,0.065,89.44,14.256,10.9288,220.573,785.71,2026
TOI_1232_c,TOI-1232 c,TOI_1232,0.194,0.027,87.99,30.356,8.88,58.4804,660.05,2026
TOI_1235_b,TOI-1235 b,TOI_1235,0.03845,0.049,88.9,3.44471,1.69,6.69,775,2020
TOI_1238_b,TOI-1238 b,TOI_1238,0.0139,0.25,86.51,0.764597,1.21,3.76,1133,2022
TOI_1238_c,TOI-1238 c,TOI_1238,0.037,0.15,88.38,3.29474,2.11,8.32,695,2022
TOI_1243_b,TOI-1243 b,TOI_1243,-1,0,88.24,4.65948,2.33,7.7,450,2026
TOI_1244_b,TOI-1244 b,TOI_1244,0.060694,0,88.7483,6.40032,2.467,6.6,714.86,2024
TOI_1246_b,TOI-1246 b,TOI_1246,0.049,0,87.9,4.30744,3.01,8.1,955,2022
TOI_1246_c,TOI-1246 c,TOI_1246,0.061,0,89.3,5.90414,2.4511,9.1,862.49,2022
TOI_1246_d,TOI-1246 d,TOI_1246,0.132,0,89.5,18.6549,3.4314,5.4,587.77,2022
TOI_1246_e,TOI-1246 e,TOI_1246,0.212,0,89.3,37.9255,3.51419,14.5,463.98,2022
TOI_1248_b,TOI-1248 b,TOI_1248,0.051,0,90,4.36016,6.80849,27.4,952.09,2024
TOI_1249_b,TOI-1249 b,TOI_1249,0.109,0,90,13.0792,3.27103,11.9,726.89,2024
TOI_125_b,TOI-125 b,TOI_125,0.05186,0.194,88.92,4.65382,2.726,9.5,1037,2019
TOI_125_c,TOI-125 c,TOI_125,0.0814,0.066,88.54,9.15059,2.759,6.63,827.8,2019
TOI_125_d,TOI-125 d,TOI_125,0.137,0.168,88.795,19.98,2.93,13.6,638.1,2020
TOI_1259_A_b,TOI-1259 A b,TOI_1259_A,0.0408,0,89.5,3.47798,11.6,141,963,2021
TOI_1260_b,TOI-1260 b,TOI_1260,0.0367,0,89.03,3.12746,2.41,8.56,871,2021
TOI_1260_c,TOI-1260 c,TOI_1260,0.0657,0,87.97,7.49313,2.76,13.2,651,2021
TOI_1260_d,TOI-1260 d,TOI_1260,0.1116,0,89.14,16.6082,3.12,11.84,499,2022
TOI_1266_b,TOI-1266 b,TOI_1266,0.073,0.039,89.13,10.8945,2.52,4.46,415,2020
TOI_1266_c,TOI-1266 c,TOI_1266,0.105,0.071,89.17,18.8027,1.98,3.17,346,2020
TOI_1266_d,TOI-1266 d,TOI_1266,0.1513,0.087,90,32.509,1.74,3.68,288,2025
TOI_1268_b,TOI-1268 b,TOI_1268,0.0711,0.105,88.63,8.15771,9.1,96.4,918.9,2022
TOI_1269_b,TOI-1269 b,TOI_1269,0.0496,0,90,4.25299,2.40144,6.4,1004.9,2024
TOI_1269_c,TOI-1269 c,TOI_1269,-1,0,88.746,9.23786,2.22999,5.6,757,2026
TOI_1272_b,TOI-1272 b,TOI_1272,0.041,0.345,86,3.31598,4.26,24.1,1051,2022
TOI_1273_b,TOI-1273 b,TOI_1273,0.0549,0.055,90,4.6313,11.0969,70.5579,1211,2024
TOI_1278_b,TOI-1278 b,TOI_1278,0.095,0.013,88.3,14.4757,12.2178,5879.83,407.87,2021
TOI_1279_b,TOI-1279 b,TOI_1279,0.085,0,90,9.61419,2.66147,10.6,759,2024
TOI_128_01,TOI-128.01,TOI_128,0.0538102,0,90,4.94047,2.21898,5.56,1344.51,2024
TOI_1288_b,TOI-1288 b,TOI_1288,0.0374,0,89.5,2.69983,4.96847,44.1,1203.44,2022
TOI_1288_c,TOI-1288 c,TOI_1288,1.07,0,90,416,11.1,85.7,245.88,2022
TOI_1291_b,TOI-1291 b,TOI_1291,-1,0,88.3839,7.16201,5.63826,27.1,1649,2026
TOI_1294_b,TOI-1294 b,TOI_1294,0.051,0,90,3.91529,10.1237,63.9,1392.74,2024
TOI_1294_c,TOI-1294 c,TOI_1294,0.61,0,90,159.9,14.3,147,440.45,2024
TOI_1295_b,TOI-1295 b,TOI_1295,0.047,0.024,90,3.19688,15.6926,451.316,2360,2024
TOI_1296_b,TOI-1296 b,TOI_1296,0.051,0,88.81,3.94437,14.1165,95.3,1414.84,2021
TOI_1298_b,TOI-1298 b,TOI_1298,0.057,0,88.96,4.53714,9.65807,99,1278,2021
TOI_1301_01,TOI-1301.01,TOI_1301,0.059866,0,88.1271,6.09641,2.477,6.7,737.36,2024
TOI_132_b,TOI-132 b,TOI_132,0.026,0.059,85.03,2.1097,3.42,22.4,1395,2020
TOI_1333_b,TOI-1333 b,TOI_1333,0.0626,0.073,85.7,4.72022,15.6478,753.257,1679,2021
TOI_1338_b,TOI-1338 b,TOI_1338_A,0.4607,0.0331,90.494,95.4001,7.661,11.3,254.65,2020
TOI_1338_c,TOI-1338 c,TOI_1338_A,0.794,0.037,97,215.79,10.3,75.4,354.89,2023
TOI_1346_b,TOI-1346 b,TOI_1346,-1,0,82.83,1.76225,2.39,6.3,1324,2025
TOI_1346_c,TOI-1346 c,TOI_1346,-1,0,89.39,5.50256,2.23,5.6,928,2025
TOI_1347_b,TOI-1347 b,TOI_1347,0.0171,0,79.5,0.847423,1.8,11.1,1400,2024
TOI_1347_c,TOI-1347 c,TOI_1347,0.0546,0,87.5,4.84196,1.6,6.4,1000,2024
TOI_1386_b,TOI-1386 b,TOI_1386,0.173,0,89.69,25.8401,6.21639,45.8,615.03,2024
TOI_1386_c,TOI-1386 c,TOI_1386,0.75,0.38,90,232,10.3,75.2,327.4,2024
TOI_139_b,TOI-139 b,TOI_139,-1,0,89.32,11.0709,2.4566,6.6,561.17,2023
TOI_1408_c,TOI-1408 c,TOI_1408,0.03587,0.1353,82.6,2.1664,2.22,7.6,1864,2024
TOI_1408_b,TOI-1408 b,TOI_1408,0.05778,0.0023,82.4,4.42587,25,593,1293,2023
TOI_1410_01,TOI-1410.01,TOI_1410,0.0207,0,90,1.21687,3.10083,12.5,1236.7,2024
TOI_1410_c,TOI-1410 c,TOI_1410,0.239,0,90,47.56,5.63,27,397.45,2024
TOI_1411_b,TOI-1411 b,TOI_1411,0.02122,0,90,1.45205,1.19881,2,976.4,2022
TOI_1416_b,TOI-1416 b,TOI_1416,0.019,0,85.7,1.06976,1.62,3.48,1517,2023
TOI_1420_b,TOI-1420 b,TOI_1420,0.071,0.17,88.58,6.95611,11.89,25.1,957,2023
TOI_1422_b,TOI-1422 b,TOI_1422,0.107,0.2,89.53,12.9989,3.83,9.5,870,2022
TOI_1422_c,TOI-1422 c,TOI_1422,0.205,0.2,89.77,34.5633,2.61,14,628,2025
TOI_1431_b,TOI-1431 b,TOI_1431,0.046,0.0022,80.13,2.65024,16.7014,991.625,2370,2021
TOI_1437_b,TOI-1437 b,TOI_1437,0.14,0.17,89.53,18.8409,2.24,9.6,794.23,2024
TOI_1438_b,TOI-1438 b,TOI_1438,0.0553,0,86.21,5.13967,3.04,9.4,971,2025
TOI_1438_c,TOI-1438 c,TOI_1438,0.083,0,87.61,9.42809,2.75,10.6,794,2025
TOI_1439_b,TOI-1439 b,TOI_1439,0.192,0.157,90,27.644,4.24279,38.5,748.4,2024
TOI_1442_b,TOI-1442 b,TOI_1442,0.0071,0,90,0.409068,1.17,1.71,1072,2022
TOI_1443_b,TOI-1443 b,TOI_1443,0.147,0,90,23.5407,2.30381,30,520.66,2024
TOI_1444_b,TOI-1444 b,TOI_1444,0.0116,0,82,0.470274,1.41792,3.58,2130.02,2021
TOI_1448_b,TOI-1448 b,TOI_1448,0.0567,0.36,89.62,8.11224,2.749,19.5,426,2024
TOI_1450_A_b,TOI-1450 A b,TOI_1450_A,-1,0,86.245,2.04393,1.13,1.258,722,2024
TOI_1450_A_c,TOI-1450 A c,TOI_1450_A,-1,0,90,5.0688,1.13,1.527,533,2024
TOI_1451_b,TOI-1451 b,TOI_1451,0.127,0,90,16.5379,2.61144,15.2,723.33,2024
TOI_1452_b,TOI-1452 b,TOI_1452,0.061,0,89.77,11.062,1.672,4.82,326,2022
TOI_1453_b,TOI-1453 b,TOI_1453,-1,0,87.65,4.31352,1.173,2.32,944.2,2025
TOI_1453_c,TOI-1453 c,TOI_1453,-1,0,87.61,6.5887,2.224,2.95,819.8,2025
TOI_1466_b,TOI-1466 b,TOI_1466,-1,0,86.2208,1.87191,2.46742,6.65,1001,2026
TOI_1467_b,TOI-1467 b,TOI_1467,0.050748,0,88.98,5.97115,1.92,9,506.07,2024
TOI_1468_b,TOI-1468 b,TOI_1468,0.02107,0.0099,87.82,1.88052,1.401,3.04,683.5,2022
TOI_1468_c,TOI-1468 c,TOI_1468,0.08608,0.111,89.22,15.5325,2.126,4.1,338.1,2022
TOI_1470_b,TOI-1470 b,TOI_1470,0.0285,0.3,87.42,2.52709,2.18,7.32,734,2023
TOI_1470_c,TOI-1470 c,TOI_1470,0.106,0.5,89.47,18.0882,2.47,7.24,373,2023
TOI_1472_b,TOI-1472 b,TOI_1472,0.064,0.041,89.954,6.36339,4.058,18.05,891,2024
TOI_1472_c,TOI-1472 c,TOI_1472,0.116,0.172,88.906,15.5382,3.334,21.13,662,2025
TOI_1478_b,TOI-1478 b,TOI_1478,0.0818,0.055,87.63,10.1802,11.9936,279.689,918,2021
TOI_150_01,TOI-150.01,TOI_150,0.07037,0.262,88.09,5.85749,14.0673,797.753,1404.5,2019
TOI_1516_b,TOI-1516 b,TOI_1516,-1,0,90,2.05601,15.2442,1004.34,1839,2022
TOI_1518_b,TOI-1518 b,TOI_1518,0.03712,0.01,77.626,1.90261,21.0505,581.626,2546,2021
TOI_1533_b,TOI-1533 b,TOI_1533,0.0445,0,86.92,3.6458,2.89,28.1,1011,2026
TOI_1533_c,TOI-1533 c,TOI_1533,0.076,0,86.64,8.06379,7.5,36.6,628,2026
TOI_157_b,TOI-157 b,TOI_157,0.03138,0,82.01,2.08454,14.4148,375.039,1588,2020
TOI_159_b,TOI-159 b,TOI_159,0.056,0.24,88.5,3.76284,18.18,1110,1891,2026
TOI_1601_b,TOI-1601 b,TOI_1601,0.069,0,88.84,5.33175,14.199,387,1493.97,2021
TOI_163_b,TOI-163 b,TOI_163,0.058,0,87.24,4.23131,16.6902,387.753,1669,2019
TOI_1630_01,TOI-1630.01,TOI_1630,0.101151,0,90,12.0557,2.417,6.42,584,2024
TOI_1634_b,TOI-1634 b,TOI_1634,0.01544,0,86.66,0.989346,1.759,4.9,900,2021
TOI_1634_c,TOI-1634 c,TOI_1634,-1,0,90,103,-1,-1,-1,2022
TOI_1648_b,TOI-1648 b,TOI_1648,0.0694,0.178,88.29,7.3316,2.54,7.4,799,2025
TOI_1659_01,TOI-1659.01,TOI_1659,0.065757,0,90,5.87756,2.255,5.71,1031.14,2024
TOI_1669_c,TOI-1669 c,TOI_1669,0.0376,0,90,2.68005,2.2964,13,1285.16,2024
TOI_1669_b,TOI-1669 b,TOI_1669,1.27,0,90,500,14.1,191,241.72,2023
TOI_1670_b,TOI-1670 b,TOI_1670,0.103,0.59,86.87,10.9846,2.06,41.3177,1062,2022
TOI_1670_c,TOI-1670 c,TOI_1670,0.249,0.09,88.84,40.7498,11.0633,200.232,684,2022
TOI_1680_b,TOI-1680 b,TOI_1680,0.03144,0,89.58,4.80263,1.466,2.75,404,2023
TOI_1683_01,TOI-1683.01,TOI_1683,0.0365076,0,90,3.05754,2.6382,7.45,929.25,2024
TOI_1685_b,TOI-1685 b,TOI_1685,0.01164,0,86.62,0.669139,1.421,3.07,1000,2021
TOI_169_b,TOI-169 b,TOI_169,0.03524,0,80.98,2.25545,12.173,251.404,1715,2020
TOI_1691_b,TOI-1691 b,TOI_1691,0.129365,0,90,16.7369,3.66,14.6,703.49,2024
TOI_1693_b,TOI-1693 b,TOI_1693,0.0226,0,90,1.7667,1.41,2.57,764,2022
TOI_1694_b,TOI-1694 b,TOI_1694,0.0445,0.122,89.25,3.77014,5.27,28.24,1037,2023
TOI_1694_c,TOI-1694 c,TOI_1694,0.974,0.111,90,386.25,13.8,316.557,222,2023
TOI_1695_b,TOI-1695 b,TOI_1695,0.033548,0.097,87.2,3.13428,1.9,6.36,698,2022
TOI_1696_b,TOI-1696 b,TOI_1696,0.0229,0,88.461,2.50031,3.09,48.8,489,2022
TOI_1710_b,TOI-1710 b,TOI_1710,0.1652,0.05,90.01,24.2834,5.06,19.1,602.99,2022
TOI_1716_01,TOI-1716.01,TOI_1716,0.080496,0,90,8.08238,3.143,10,959,2024
TOI_1718_b,TOI-1718 b,TOI_1718,-1,0,87.883,5.58704,4.10825,15.8,948,2026
TOI_172_b,TOI-172 b,TOI_172,0.0914,0.3806,88.2,9.47725,10.8167,1722.64,1198,2019
TOI_1722_b,TOI-1722 b,TOI_1722,-1,0,87.8782,9.60523,4.38298,17.6,952,2026
TOI_1723_b,TOI-1723 b,TOI_1723,0.113496,0,90,13.727,3.435,10.4,782.98,2024
TOI_1728_b,TOI-1728 b,TOI_1728,0.0391,0.057,88.31,3.49151,5.05,26.78,767,2020
TOI_1732_b,TOI-1732 b,TOI_1732,-1,0,88.229,4.11924,2.4955,6.78,657.79,2026
TOI_1736_b,TOI-1736 b,TOI_1736,0.073,0,87.3,7.07308,3.18176,12.3,1099.79,2023
TOI_1736_c,TOI-1736 c,TOI_1736,1.37,0.3685,69,571.25,12.5,2800,249,2023
TOI_1739_b,TOI-1739 b,TOI_1739,0.073872,0,89.27,8.30334,1.946,4.45,755.55,2024
TOI_1742_b,TOI-1742 b,TOI_1742,0.154,0.3,90,21.2691,2.36508,9.7,694.09,2024
TOI_1743_b,TOI-1743 b,TOI_1743,0.03589,0,87.92,4.26605,1.83,4.01,485,2025
TOI_1744_01,TOI-1744.01,TOI_1744,0.164086,0,90,22.3417,2.68,7.65,598,2024
TOI_1749_b,TOI-1749 b,TOI_1749,0.0291,0.14,86.4,2.38839,1.39,57,831,2021
TOI_1749_c,TOI-1749 c,TOI_1749,0.0443,0.019,88.8,4.4929,2.12,14,673,2021
TOI_1749_d,TOI-1749 d,TOI_1749,0.0707,0.062,88.53,9.0497,2.52,15,533,2021
TOI_1750_b,TOI-1750 b,TOI_1750,-1,0,88.9563,11.3373,2.78944,8.19,612.92,2026
TOI_1751_b,TOI-1751 b,TOI_1751,0.215,0.327,90,37.4685,2.95078,19.5,651.64,2024
TOI_1752_b,TOI-1752 b,TOI_1752,0.01624,0,86.75,0.935186,1.693,3.51,1036,2026
TOI_1752_c,TOI-1752 c,TOI_1752,0.1614,0,89.63,32.7144,2.29,5.86,291,2026
TOI_1753_b,TOI-1753 b,TOI_1753,0.059,0,90,5.38461,2.47853,16.6,1005.43,2024
TOI_1756_b,TOI-1756 b,TOI_1756,-1,0,87.4364,2.78302,1.94226,4.43,696.39,2026
TOI_1758_b,TOI-1758 b,TOI_1758,0.141409,0,90,20.7051,3.62,6.9,551.44,2024
TOI_1759_b,TOI-1759 b,TOI_1759,0.1177,0,89.72,18.8502,3.14,10.8,443,2022
TOI_1768_01,TOI-1768.01,TOI_1768,0.076381,0,90,7.3377,3.453,11.8,1566,2024
TOI_1772_01,TOI-1772.01,TOI_1772,0.078375,0,90,8.05425,2.905,8.78,877.67,2024
TOI_1774_01,TOI-1774.01,TOI_1774,-1,0.05,89.4,16.7099,2.78,8.5,824,2021
HD_85426_c,HD 85426 c,TOI_1774,-1,0.06,90,35.73,3.19,10.3,640,2026
TOI_1775_b,TOI-1775 b,TOI_1775,0.08,0,90,10.2406,8.04729,96,707.89,2024
TOI_1776_b,TOI-1776 b,TOI_1776,0.0378,0,90,2.79987,1.21613,1.4,1269.21,2024
TOI_1777_01,TOI-1777.01,TOI_1777,0.119466,0,90,14.6501,2.246,5.67,580,2024
TOI_178_b,TOI-178 b,TOI_178,0.02607,0,88.8,1.91456,1.2,0.96,1040,2021
TOI_178_c,TOI-178 c,TOI_178,0.037,0.00032,88.4,3.23849,1.754,4.64,873,2021
TOI_178_d,TOI-178 d,TOI_178,0.0592,0.0068,88.58,6.55757,2.695,5.2,690,2021
TOI_178_e,TOI-178 e,TOI_178,0.0783,0.00038,88.71,9.96318,2.301,3.48,600,2021
TOI_178_f,TOI-178 f,TOI_178,0.1039,0.00045,88.723,15.2333,2.417,5.63,521,2021
TOI_178_g,TOI-178 g,TOI_178,0.1275,0.00043,88.823,20.7166,2.939,4.4,470,2021
TOI_1782_02,TOI-1782.02,TOI_1782,0.025739,0,90,1.82902,1.839,4.04,974.95,2024
TOI_1782_01,TOI-1782.01,TOI_1782,0.05024,0,87.9386,4.98764,2.368,6.2,697.84,2024
TOI_1789_b,TOI-1789 b,TOI_1789,0.04882,0,78.41,3.20866,16.1409,222.48,1927,2021
TOI_1794_b,TOI-1794 b,TOI_1794,0.082,0,88.6083,8.76553,3.29701,8.7,992.91,2024
TOI_1798_02,TOI-1798.02,TOI_1798,0.010789,0,90,0.437812,1.464,5.6,1935.83,2024
TOI_1798_01,TOI-1798.01,TOI_1798,0.074984,0,88.4351,8.02152,2.448,6.5,734.31,2024
TOI_1799_b,TOI-1799 b,TOI_1799,0.072502,0,90,7.09457,1.642,4,922.72,2024
TOI_1801_b,TOI-1801 b,TOI_1801,0.075,0,89.507,10.6439,2.079,5.738,493.7,2023
TOI_1803_b,TOI-1803 b,TOI_1803,0.06,0,88.9,6.29329,2.99,10.32,747,2025
TOI_1803_c,TOI-1803 c,TOI_1803,0.097,0,88.48,12.8858,4.29,8,588,2025
TOI_1806_01,TOI-1806.01,TOI_1806,0.087735,0,90,15.1455,3.40954,11.5,337.47,2024
TOI_1807_b,TOI-1807 b,TOI_1807,0.0122,0,77.7,0.549371,1.49682,2.44,1694.1,2021
TOI_181_b,TOI-181 b,TOI_181,0.0539,0.1543,88.28,4.532,6.9559,46.1687,895.1,2023
TOI_1811_b,TOI-1811 b,TOI_1811,0.04389,0.052,86.48,3.71308,11.1417,308.929,962.2,2023
TOI_1814_b,TOI-1814 b,TOI_1814,-1,0,87.4551,6.36861,5.18537,23.5,977.83,2026
TOI_1820_b,TOI-1820 b,TOI_1820,0.061,0.043,84.4,4.86067,12.7782,731.005,1375,2022
TOI_1823_b,TOI-1823 b,TOI_1823,0.212,0,90,38.8,7.54062,67.4,423.63,2024
TOI_1824_b,TOI-1824 b,TOI_1824,0.151,0,90,22.8085,2.74383,16,528.67,2024
TOI_1836_c,TOI-1836 c,TOI_1836,0.03089,0,90,1.77275,2.59988,8,2007.6,2024
TOI_1836_b,TOI-1836 b,TOI_1836,0.1597,0,88.74,20.3808,8.00321,38.4572,966,2024
TOI_1839_b,TOI-1839 b,TOI_1839,0.02355,0,87.8,1.42378,2.27,7.1,1585,2026
TOI_1839_c,TOI-1839 c,TOI_1839,0.04708,0,88.39,4.02395,2.5,6,1121,2026
TOI_1842_b,TOI-1842 b,TOI_1842,0.1,0.276,88.4,9.57392,12.3485,89.4,1199.55,2021
TOI_1846_b,TOI-1846 b,TOI_1846,0.03646,0,88.65,3.93067,1.792,3.87,568.1,2025
TOI_1853_b,TOI-1853 b,TOI_1853,0.0213,0.03,84.7,1.24363,3.46,73.2,1479,2023
TOI_1855_b,TOI-1855 b,TOI_1855,0.02398,0.033,78.1,1.36415,18.4948,360.1,1701,2024
TOI_1859_b,TOI-1859 b,TOI_1859,0.337,0.57,88.64,63.4835,9.75181,68.6,615,2023
TOI_1860_b,TOI-1860 b,TOI_1860,0.0204,0,90,1.06621,1.31,2.27,1885,2022
TOI_1873_b,TOI-1873 b,TOI_1873,-1,0,87.7492,7.00573,2.86356,8.57,923.5,2026
TOI_1883_b,TOI-1883 b,TOI_1883,0.0423,0,89.37,4.508,5.65,13.7,544,2024
TOI_1898_b,TOI-1898 b,TOI_1898,0.269,0.485,87.531,45.5223,9.39553,129,674.54,2024
TOI_1899_b,TOI-1899 b,TOI_1899,0.1525,0.044,89.64,29.0903,11.0969,212.945,378,2020
TOI_1937_A_b,TOI-1937 A b,TOI_1937_A,0.01932,0,77,0.946679,13.9776,638.835,2097,2023
TOI_198_b,TOI-198 b,TOI_198,0.0675,0.15,89.63,10.2152,1.36,3.17,456,2023
TOI_199_b,TOI-199 b,TOI_199,0.4254,0.09,90,104.854,9.07927,54.0308,325,2023
TOI_199_c,TOI-199 c,TOI_199,0.807,0.096,90,273.69,11.4,88.992,255.43,2023
TOI_1994_b,TOI-1994 b,TOI_1994,0.0613,0.341,85.5,4.03371,13.675,7024.01,2290,2024
TOI_2000_b,TOI-2000 b,TOI_2000,0.04271,0,84.59,3.09833,2.7,11,1488,2023
TOI_2000_c,TOI-2000 c,TOI_2000,0.0878,0.063,87.86,9.12706,8.14,81.7,1038,2023
TOI_2005_b,TOI-2005 b,TOI_2005,0.16,0.597,87.1,17.3059,11.9936,2034.1,1221.39,2025
TOI_201_d,TOI-201 d,TOI_201,0.0698,0.3,91.7,5.84889,1.39,5.8,1237,2026
TOI_201_b,TOI-201 b,TOI_201,0.303,0.275,91.18,52.9786,11.4,164,759,2021
TOI_201_c,TOI-201 c,TOI_201,4.37,0.651,89.92,2890,10.4,4990,169.58,2025
TOI_2010_b,TOI-2010 b,TOI_2010,0.5516,0.212,89.903,141.834,11.8143,408.727,400.2,2023
TOI_2015_b,TOI-2015 b,TOI_2015,0.029322,0.0789,87.61,3.34824,3.309,9.2,530.9,2023
TOI_2015_c,TOI-2015 c,TOI_2015,0.041232,0.00033,85.7,5.5828,2.93,8.91,448,2025
TOI_2018_b,TOI-2018 b,TOI_2018,-1,0,88.52,7.43558,2.268,9.2,576.34,2023
TOI_2019_b,TOI-2019 b,TOI_2019,0.128,0,90,15.3444,5.33275,34.4,917.46,2024
TOI_2025_b,TOI-2025 b,TOI_2025,0.0892,0.394,88.65,8.8721,11.8927,1144.18,1166,2022
TOI_2031_A_b,TOI-2031 A b,TOI_2031_A,0.066,0.076,88.32,5.71549,14.2018,254.263,1358,2025
TOI_2040_b,TOI-2040 b,TOI_2040,0.0473,0.109,88.48,3.86086,10.3235,248.224,1070,2026
TOI_2046_b,TOI-2046 b,TOI_2046,-1,0,83.6,1.49718,16.1409,731.005,1828.82,2022
TOI_2048_b,TOI-2048 b,TOI_2048,-1,0.13,89.41,13.7902,2.61,7.32,646,2022
TOI_2049_b,TOI-2049 b,TOI_2049,0.06919,0.054,78.85,5.30347,16.6453,486.277,1869,2026
TOI_205_b,TOI-205 b,TOI_205,-1,0,86.6259,4.25301,2.50121,6.81,1799.55,2026
TOI_206_b,TOI-206 b,TOI_206,0.0112,0,90,0.73631,1.3,2.24,910,2022
TOI_2068_b,TOI-2068 b,TOI_2068,0.0632,0,89.01,7.76891,1.821,3.97,520.62,2024
TOI_2071_b,TOI-2071 b,TOI_2071,-1,0,88.3086,5.67395,2.56484,7.1,1029.33,2026
TOI_2076_e,TOI-2076 e,TOI_2076,0.03863,0,89.46,3.02238,1.301,4.7,1110,2025
TOI_2076_b,TOI-2076 b,TOI_2076,0.08781,0.0114,89.75,10.355,2.59,6.7,736,2021
TOI_2076_c,TOI-2076 c,TOI_2076,0.1407,0.036,89.76,21.0145,3.54,7.2,581,2021
TOI_2076_d,TOI-2076 d,TOI_2076,0.1982,0.027,89.164,35.128,3.27,7.3,490,2021
TOI_2081_b,TOI-2081 b,TOI_2081,0.0752,0,89.34,10.5053,2.04,4.82,488,2022
TOI_2084_b,TOI-2084 b,TOI_2084,0.05006,0,89.15,6.07842,2.47,6.66,527,2023
TOI_2088_b,TOI-2088 b,TOI_2088,0.472,0,90,124.73,3.68312,37,300.33,2024
TOI_209_b,TOI-209 b,TOI_209,-1,0,88.7658,4.37944,2.39472,6.32,845.78,2026
TOI_2092_b,TOI-2092 b,TOI_2092,-1,0,87.0094,4.30326,2.94893,9,1042,2026
TOI_2093_b,TOI-2093 b,TOI_2093,0.097,0,90,12.836,3.25,10.6,535,2025
TOI_2093_c,TOI-2093 c,TOI_2093,0.257,0,89.577,53.8115,2.3,15.8,329,2025
TOI_2094_b,TOI-2094 b,TOI_2094,0.136,0,89.387,18.7932,1.9,4.27,276,2026
TOI_2095_b,TOI-2095 b,TOI_2095,0.101,0,89.67,17.6648,1.25,4.1,347,2023
TOI_2095_c,TOI-2095 c,TOI_2095,0.137,0,89.91,28.1723,1.33,7.4,297,2023
TOI_2096_b,TOI-2096 b,TOI_2096,0.025,0.15,89.24,3.11906,1.243,2.08,445,2023
TOI_2096_c,TOI-2096 c,TOI_2096,0.04,0.1,89.56,6.38784,1.914,4.32,349,2023
TOI_2104_b,TOI-2104 b,TOI_2104,-1,0,88.2755,5.90437,1.52898,2.95,846,2026
TOI_2107_b,TOI-2107 b,TOI_2107,0.03515,0.033,89.44,2.45455,13.5741,263.798,1397,2024
TOI_2109_b,TOI-2109 b,TOI_2109,0.01791,0,70.74,0.672474,15.0985,1595.5,3646,2021
TOI_2114_b,TOI-2114 b,TOI_2114,0.076,0.472,84.39,6.20996,14.5493,324.185,1472,2026
TOI_2120_b,TOI-2120 b,TOI_2120,0.0377,0.32,88.67,5.79982,2.122,6.8,384,2024
TOI_2128_b,TOI-2128 b,TOI_2128,0.127,0,90,16.3414,2.08875,4.5,780.53,2024
TOI_2133_b,TOI-2133 b,TOI_2133,0.041,0,89.5,3.82665,2.37,6.21,798,2026
TOI_2134_b,TOI-2134 b,TOI_2134,0.07803,0.067,89.69,9.2292,2.735,9.37,660,2023
TOI_2134_c,TOI-2134 c,TOI_2134,0.3715,0.3125,89.688,95.8528,7.35,58.3,302,2023
TOI_2136_b,TOI-2136 b,TOI_2136,0.057,0,89.4,7.85193,2.19,6.37,395,2022
TOI_2141_c,TOI-2141 c,TOI_2141,0.0585,0,90,5.4624,2.35,6.14,1095,2025
TOI_2141_b,TOI-2141 b,TOI_2141,0.1322,0.21,88.755,18.2616,3.147,20.1,728,2023
TOI_2141_d,TOI-2141 d,TOI_2141,0.2906,0,90,60.45,3.97,14.9,491.4,2025
TOI_2145_b,TOI-2145 b,TOI_2145,0.1117,0.214,88.6,10.2611,12.2402,1805.27,1484,2023
TOI_2147_b,TOI-2147 b,TOI_2147,0.172,0.29,89.3,26.2052,10.5,116,820,2026
TOI_2152_A_b,TOI-2152 A b,TOI_2152,0.05064,0.057,86.42,3.37735,14.3587,899.454,1802,2023
TOI_2154_b,TOI-2154 b,TOI_2154,0.0513,0.117,83.37,3.82408,16.2866,292.402,1580,2023
TOI_2158_b,TOI-2158 b,TOI_2158,0.075,0.07,85.7,8.60077,10.7606,260.619,1188,2022
TOI_216_02,TOI-216.02,TOI_216,0.1293,0.16,88.6,17.1607,8,18.7519,628,2019
TOI_216_01,TOI-216.01,TOI_216,0.2069,0.0046,89.84,34.5255,10.1,177.984,497,2019
TOI_2169_A_b,TOI-2169 A b,TOI_2169_A,0.0896,0.045,85.8,8.21483,12.5092,329.588,1364,2025
TOI_2180_b,TOI-2180 b,TOI_2180,0.828,0.3683,89.955,260.79,11.3211,875.617,348,2022
TOI_2184_b,TOI-2184 b,TOI_2184,-1,0.08,90,6.90683,11.3995,206.588,1676.05,2022
TOI_2193_A_b,TOI-2193 A b,TOI_2193_A,0.03319,0,79.96,2.12257,19.8399,298.759,1763,2022
TOI_2194_b,TOI-2194 b,TOI_2194,-1,0,89.27,15.3376,1.9892,4.61,590.88,2023
TOI_2196_b,TOI-2196 b,TOI_2196,0.02234,0,81.11,1.19473,3.51,26,1860,2022
TOI_220_b,TOI-220 b,TOI_220,0.08911,0.032,87.88,10.6953,3.03,13.8,805,2021
TOI_2200_b,TOI-2200 b,TOI_2200,-1,0,88.6445,2.93603,6.96311,38.7,1147,2026
TOI_2202_b,TOI-2202 b,TOI_2202,0.09564,0.022,89.29,11.9126,10.9512,287.317,652.07,2021
TOI_2202_c,TOI-2202 c,TOI_2202,0.15544,0.0622,84.7,24.6744,13.4,117.279,560.61,2021
TOI_2207_b,TOI-2207 b,TOI_2207,0.0854,0.174,88.84,8.00197,11.1529,203.41,1259,2022
TOI_2211_01,TOI-2211.01,TOI_2211,0.04011,0,87.169,3.09269,1.561,3.06,1056.92,2024
TOI_2227_b,TOI-2227 b,TOI_2227,-1,0,87.5282,4.22176,3.09885,9.79,1539.88,2026
TOI_2236_b,TOI-2236 b,TOI_2236,0.05009,0,83.58,3.53159,14.3699,502.169,1688,2022
TOI_2257_b,TOI-2257 b,TOI_2257,0.145,0.496,89.786,35.1893,2.194,5.45,256,2021
TOI_2260_b,TOI-2260 b,TOI_2260,0.0097,0,90,0.352473,1.62,3.26,2609,2022
TOI_2266_b,TOI-2266 b,TOI_2266,0.02,0,88.51,2.32632,1.54,2.99,550,2024
TOI_2267_b,TOI-2267 b,TOI_2267_A,0.0205,0,90.35,2.28909,1,0.972,424,2025
TOI_2267_c,TOI-2267 c,TOI_2267_A,0.0263,0,89.66,3.49504,1.14,1.55,374,2025
TOI_2267_d,TOI-2267 d,TOI_2267_B,0.0145,0,89,2.03447,1.77,3.78,422,2025
TOI_2274_b,TOI-2274 b,TOI_2274,0.05,0,87.37,2.67963,2.45,6.57,771.46,2024
TOI_2285_b,TOI-2285 b,TOI_2285,0.1363,0.3,89.66,13.6351,1.77,19.5,358,2021
TOI_2295_b,TOI-2295 b,TOI_2295,0.1992,0.334,88.16,30.0333,16.4772,278.1,747,2024
TOI_2295_c,TOI-2295 c,TOI_2295,2.018,0.194,90,966.5,12.8,1783.02,234.9,2024
TOI_2322_b,TOI-2322 b,TOI_2322,0.0924,0,89.57,11.3072,0.994,2.31,603.1,2025
TOI_2322_c,TOI-2322 c,TOI_2322,0.1362,0,88.98,20.2255,1.874,18.1,496.8,2025
TOI_2328_b,TOI-2328 b,TOI_2328,0.127,0.057,88.66,17.102,9.97599,50.8525,842,2025
TOI_2337_b,TOI-2337 b,TOI_2337,-1,0.019,90,2.99432,10.0881,508.525,1272.46,2022
TOI_2338_b,TOI-2338 b,TOI_2338,0.158,0.676,89.52,22.654,11.209,1900.61,799,2023
TOI_2345_b,TOI-2345 b,TOI_2345,0.01705,0,86.9,1.05286,1.504,3.49,1478,2025
TOI_2345_c,TOI-2345 c,TOI_2345,0.1257,0,89.914,21.0643,2.451,7.27,544,2025
TOI_2346_b,TOI-2346 b,TOI_2346,0.0473,0.086,89.01,3.3312,16.1185,394.107,1689,2025
TOI_2364_b,TOI-2364 b,TOI_2364,0.04871,0,88.98,4.01975,8.6085,71.5114,1091,2023
TOI_2368_b,TOI-2368 b,TOI_2368,0.05649,0.061,86.61,5.17501,10.8391,206.588,1000,2024
TOI_237_c,TOI-237 c,TOI_237,0.016,0,89.14,1.74486,1.206,1.9,515,2026
TOI_237_b,TOI-237 b,TOI_237,0.0341,0,89.5,5.4361,1.44,2.67,388,2020
TOI_2373_b,TOI-2373 b,TOI_2373,0.112,0.112,89.2,13.3367,10.4244,2955.8,860,2023
TOI_2374_b,TOI-2374 b,TOI_2374,0.04818,0.13,87.2,4.31362,7.4876,61.6587,926,2024
TOI_2379_b,TOI-2379 b,TOI_2379,0.05263,0.342,88.85,5.46938,11.7246,1830.69,624,2024
TOI_238_b,TOI-238 b,TOI_238,0.0212,0.18,85.78,1.2731,1.559,3.37,1378,2024
TOI_238_c,TOI-238 c,TOI_238,0.0749,0.36,87.938,8.46565,2.18,6.7,696,2024
TOI_2382_b,TOI-2382 b,TOI_2382,0.059,0.18,84.11,4.66121,12.2514,235.193,1426,2025
TOI_2384_b,TOI-2384 b,TOI_2384,0.02793,0,88.37,2.1357,11.4892,624.851,889.7,2024
TOI_2406_b,TOI-2406 b,TOI_2406,0.02267,0.17,89.8,3.07669,2.86,15.6,449,2021
TOI_2407_b,TOI-2407 b,TOI_2407,0.033,0.08,88.83,2.70297,4.26,16.8,705,2025
TOI_2411_b,TOI-2411 b,TOI_2411,0.0144,0,90,0.782694,1.68,3.46,1355,2022
TOI_2416_b,TOI-2416 b,TOI_2416,0.0831,0.32,90,8.27548,9.8639,953.485,1080,2023
TOI_2420_b,TOI-2420 b,TOI_2420,0.0684,0.055,82.07,5.84264,15.02,294.627,1571.6,2024
TOI_2421_b,TOI-2421 b,TOI_2421,0.0543,0,86.49,4.3474,10.3683,105.837,1534,2022
TOI_2427_b,TOI-2427 b,TOI_2427,0.0202,0,90,1.306,1.8,3.89,1117,2022
TOI_2431_b,TOI-2431 b,TOI_2431,0.0063,0,74,0.224196,1.534,6.2,2063,2026
TOI_244_b,TOI-244 b,TOI_244,0.0559,0,88.32,7.39722,1.52,2.68,458,2023
TOI_2443_b,TOI-2443 b,TOI_2443,0.105,0.301,89.72,15.6686,2.363,4.8,519,2023
TOI_2445_b,TOI-2445 b,TOI_2445,0.0064,0,90,0.371128,1.25,2.1,1060,2022
TOI_2447_b,TOI-2447 b,TOI_2447,0.347,0.17,90,69.3368,9.6061,124.907,414,2024
TOI_2449_b,TOI-2449 b,TOI_2449,0.45,0.098,89.55,106.145,11.24,222,400,2025
TOI_2453_b,TOI-2453 b,TOI_2453,-1,0,87.9509,4.44143,3.2438,10.6,550.78,2026
TOI_2458_b,TOI-2458 b,TOI_2458,0.0482,0.087,84.03,3.73659,2.83,13.31,1509.4,2024
TOI_2458_c,TOI-2458 c,TOI_2458,0.129,0.29,90,16.553,3.18,10.22,922.76,2024
TOI_2459_b,TOI-2459 b,TOI_2459,-1,0,89.59,19.1047,2.9531,9.03,445.01,2023
TOI_2485_b,TOI-2485 b,TOI_2485,0.1093,0.0341,89.49,11.2348,12.1393,766.602,1134,2024
TOI_2497_b,TOI-2497 b,TOI_2497,0.1166,0.195,88.16,10.6557,11.1417,1531.93,1595,2023
TOI_2498_b,TOI-2498 b,TOI_2498,0.0491,0.089,87.12,3.73825,6.06,34.62,1443,2023
TOI_251_b,TOI-251 b,TOI_251,0.05741,0,87.52,4.93777,2.74,317.83,1041.19,2021
TOI_2518_b,TOI-2518 b,TOI_2518,-1,0,87.9575,6.89797,2.26839,5.77,1095,2026
TOI_2524_b,TOI-2524 b,TOI_2524,0.073,0,89.4,7.18585,11.209,203.41,1100,2023
TOI_2525_b,TOI-2525 b,TOI_2525,0.1511,0.17,89.5,23.2856,8.67575,26.6976,512.97,2023
TOI_2525_c,TOI-2525 c,TOI_2525,0.249,0.157,89.97,49.2519,10.1329,208.813,399.96,2023
TOI_2529_b,TOI-2529 b,TOI_2529,0.327,0.021,90,64.5949,11.5453,743.718,636,2024
TOI_2537_b,TOI-2537 b,TOI_2537,0.3715,0.364,89.592,94.1022,11.2538,415.402,338,2024
TOI_2537_c,TOI-2537 c,TOI_2537,2.78,0.287,90,1920,12.7,2297.9,123.1,2024
TOI_2545_b,TOI-2545 b,TOI_2545,-1,0,90,7.99404,2.75,8,1022.99,2022
TOI_2567_b,TOI-2567 b,TOI_2567,0.0672,0,88.3,5.98394,10.9288,63.8835,1352,2022
TOI_257_b,TOI-257 b,TOI_257,0.1528,0,87.91,18.3882,7.16254,43.8603,1027,2021
TOI_2570_b,TOI-2570 b,TOI_2570,0.04145,0,87.73,2.98876,13.6413,260.619,1431,2022
TOI_2578_b,TOI-2578 b,TOI_2578,0.0495,0.098,81.32,3.45797,19.6606,167.178,1778,2026
TOI_2580_b,TOI-2580 b,TOI_2580,0.048,0.08,90,3.39775,17.3739,200.232,2410,2024
TOI_2583_A_b,TOI-2583 A b,TOI_2583_A,0.0571,0,88.16,4.52073,14.4596,79.4571,1456,2023
TOI_2587_A_b,TOI-2587 A b,TOI_2587_A,0.0635,0,84.81,5.45664,12.0721,69.2866,1445,2023
TOI_2589_b,TOI-2589 b,TOI_2589,0.3,0.522,89.17,61.6277,12.1057,1112.4,592,2023
TOI_260_b,TOI-260 b,TOI_260,0.0943,0,88.84,13.4759,1.71,4.23,493,2024
TOI_261_01,TOI-261.01,TOI_261,0.0347922,0,90,3.36393,3.04499,9.51,1722.49,2021
TOI_261_02,TOI-261.02,TOI_261,-1,0,90,13.0394,3.34822,11.2,1007.53,2021
TOI_262_b,TOI-262 b,TOI_262,0.163,0,89.011,11.1453,2.07,4.94,584,2023
TOI_2641_b,TOI-2641 b,TOI_2641,0.0607,0.18,83.75,4.88097,18.1025,122.682,1387,2023
TOI_2654_b,TOI-2654 b,TOI_2654,-1,0,87.7926,2.9676,7.94454,48.4,819,2026
TOI_2669_b,TOI-2669 b,TOI_2669,-1,0.09,90,6.2034,19.7278,193.875,1226,2022
TOI_269_b,TOI-269 b,TOI_269,0.0345,0.425,88.14,3.69771,2.77,8.8,531,2021
TOI_270_b,TOI-270 b,TOI_270,0.03197,0.0167,89.39,3.35992,1.28,1.48,600,2019
TOI_270_c,TOI-270 c,TOI_270,0.04526,0.0044,89.36,5.66051,2.33,6.2,489,2019
TOI_270_d,TOI-270 d,TOI_270,0.0721,0.0066,89.68,11.3819,2,4.2,383,2019
TOI_2714_b,TOI-2714 b,TOI_2714,0.036,0.164,86.3,2.49939,13.72,228,1603,2024
TOI_2719_b,TOI-2719 b,TOI_2719,-1,0,83.07,3.37594,5.98,29.9,1710,2025
TOI_2768_b,TOI-2768 b,TOI_2768,0.027,0,87.78,1.50801,2.63,7.41,855,2024
TOI_277_b,TOI-277 b,TOI_277,0.0269,0,88.9,3.994,2.65,7.51,587.92,2022
TOI_2796_b,TOI-2796 b,TOI_2796,0.0569,0,85.22,4.8085,17.2618,139.844,1205,2023
TOI_2803_A_b,TOI-2803 A b,TOI_2803_A,0.03185,0,89,1.96229,18.1137,309.883,1893,2023
TOI_2818_b,TOI-2818 b,TOI_2818,0.0493,0,87.73,4.03971,15.2778,225.658,1376,2023
TOI_283_b,TOI-283 b,TOI_283,0.123,0,89.12,17.6175,2.34,6.54,661,2025
TOI_2842_b,TOI-2842 b,TOI_2842,0.0475,0,84.42,3.55141,12.8455,117.597,1471,2023
TOI_286_b,TOI-286 b,TOI_286,0.0503,0,87.52,4.51172,1.42,4.53,979,2024
TOI_286_c,TOI-286 c,TOI_286,0.213,0,89.69,39.3618,1.88,3.72,475,2024
TOI_2876_b,TOI-2876 b,TOI_2876,0.0654,0.13,87.13,6.29964,9.63972,54.0308,929,2025
TOI_2886_b,TOI-2886 b,TOI_2886,0.02871,0.11,87.8,1.602,18.6405,444.96,1978,2025
TOI_2969_b,TOI-2969 b,TOI_2969,0.0261,0,84.9,1.82371,12.3299,368.681,1186,2025
TOI_2977_b,TOI-2977 b,TOI_2977,0.03386,0,89.19,2.35056,13.1593,533.952,1544,2023
TOI_2981_b,TOI-2981 b,TOI_2981,0.048,0.035,87.98,3.6015,13.4,638,1358,2024
TOI_2986_b,TOI-2986 b,TOI_2986,0.04489,0.14,88.8,3.27837,9.29224,96.6198,1622,2025
TOI_2989_b,TOI-2989 b,TOI_2989,0.0384,0,88.1,3.12283,12.5541,953.485,1001,2025
TOI_2992_b,TOI-2992 b,TOI_2992,0.0434,0.089,86.1,3.00781,13.7534,1058.37,1726,2025
TOI_3023_b,TOI-3023 b,TOI_3023,0.0505,0,88.9,3.9015,16.4324,197.054,1596,2023
TOI_3053_b,TOI-3053 b,TOI_3053,0.039,0,87.3,2.992,13.5629,270.154,1290,2026
TOI_3071_b,TOI-3071 b,TOI_3071,0.0249,0.09,82.1,1.26694,7.16,68.2,2155,2024
TOI_3082_b,TOI-3082 b,TOI_3082,-1,0,87.63,1.92691,3.6621,13,1032.78,2023
TOI_3135_b,TOI-3135 b,TOI_3135,0.04756,0.24,85.69,3.70656,13.6525,327.363,1292,2025
TOI_3160_A_b,TOI-3160 A b,TOI_3160_A,0.0505,0.18,84.63,3.97128,13.7646,378.216,1539,2025
TOI_3235_b,TOI-3235 b,TOI_3235,0.02709,0.029,88.14,2.59262,11.3995,211.356,604,2023
TOI_3261_b,TOI-3261 b,TOI_3261,0.01714,0,87.8,0.883133,3.82,30.3,1722,2024
TOI_3278_b,TOI-3278 b,TOI_3278,0.043,0,83,3.24646,13.8991,95.3485,1561,2026
TOI_3288_b,TOI-3288 b,TOI_3288,0.02285,0.021,89,1.43386,12.2402,536.177,973,2025
TOI_329_b,TOI-329 b,TOI_329,0.0638,0.39,90,5.70439,4.94058,40.4,1213.02,2024
TOI_332_b,TOI-332 b,TOI_332,0.0159,0,86.4,0.777038,3.2,57.2,1871,2023
TOI_3321_b,TOI-3321 b,TOI_3321,0.047,0.054,86.33,3.65251,15.5581,176.077,1616,2024
TOI_333_b,TOI-333 b,TOI_333,0.049,0,89.26,3.78525,4.26,20.1,1445,2025
TOI_3331_A_b,TOI-3331 A b,TOI_3331_A,0.03144,0,85.4,2.01802,12.98,721.47,1488,2022
TOI_3353_01,TOI-3353.01,TOI_3353,0.0601182,0,90,4.6658,2.66676,7.59,1264.36,2024
TOI_3362_b,TOI-3362 b,TOI_3362,0.153,0.815,89.14,18.0955,12.8007,1598.36,688,2021
TOI_3364_b,TOI-3364 b,TOI_3364,0.0675,0,88.79,5.87689,12.229,530.773,1264,2023
TOI_3457_b,TOI-3457 b,TOI_3457,0.2001,0.59,88.34,32.6003,10.64,797.749,824.2,2026
TOI_3464_b,TOI-3464 b,TOI_3464,0.0515,0.25,82.89,3.65156,13.7646,397.286,1693,2025
TOI_3474_b,TOI-3474 b,TOI_3474,0.0502,0.13,89.33,3.87951,14.6726,193.875,1451,2025
TOI_3486_b,TOI-3486 b,TOI_3486,0.03138,0.078,85.2,2.21778,10.5701,99.1625,1190,2025
TOI_3493_b,TOI-3493 b,TOI_3493,-1,0,89.25,8.15947,3.22,8.97,1102,2025
TOI_3523_A_b,TOI-3523 A b,TOI_3523_A,0.03559,0.047,88.3,2.30459,15.9728,435.425,1984,2025
TOI_3540_A_b,TOI-3540 A b,TOI_3540_A,0.04289,0,81.93,3.12,23.5389,375.038,1498,2022
TOI_3568_b,TOI-3568 b,TOI_3568,0.0485,0.035,89.2,4.41796,5.3,26.4,899,2024
TOI_3593_b,TOI-3593 b,TOI_3593,0.0481,0.105,88.09,3.82129,11.0296,565.735,1170,2025
TOI_3629_b,TOI-3629 b,TOI_3629,0.043,0.05,89.1,3.93655,8.29465,82.6354,690,2022
TOI_3664_b,TOI-3664 b,TOI_3664,0.0431,0.159,87.8,3.29748,13.6974,114.418,1232,2026
TOI_3682_b,TOI-3682 b,TOI_3682,0.048,0.22,85.51,3.34624,12.8007,69.2866,1657,2025
TOI_3688_A_b,TOI-3688 A b,TOI_3688_A,0.0456,0,87.9,3.24607,13.0809,311.472,1534,2023
TOI_3693_b,TOI-3693 b,TOI_3693,0.0813,0,89.57,9.08852,12.5989,324.185,801,2022
TOI_3714_b,TOI-3714 b,TOI_3714,0.027,0.03,88.7,2.15485,11.3211,222.48,750,2022
TOI_375_b,TOI-375 b,TOI_375,0.099,0.087,90,9.45469,10.7718,236.782,1373,2026
TOI_375_c,TOI-375 c,TOI_375,0.524,0,90,115.5,13.4,669.347,596,2026
TOI_375_d,TOI-375 d,TOI_375,0.984,0,90,297.9,13.6,445.595,434,2026
TOI_3757_b,TOI-3757 b,TOI_3757,0.03845,0.14,86.76,3.43875,12,85.3,759,2022
TOI_3785_b,TOI-3785 b,TOI_3785,0.043,0.11,88.1,4.67474,5.14,14.95,582,2023
TOI_3807_b,TOI-3807 b,TOI_3807,0.0421,0,80.81,2.89897,18.4948,330.542,1646,2023
TOI_3819_b,TOI-3819 b,TOI_3819,0.04611,0,82.79,3.24431,13.1369,352.79,1633,2023
TOI_3837_b,TOI-3837 b,TOI_3837,0.099,0.221,88,11.8887,10.8727,187.519,1178,2025
TOI_3856_b,TOI-3856 b,TOI_3856,0.0325,0.083,82.94,2.0436,13.5965,171.627,1544,2025
TOI_3862_b,TOI-3862 b,TOI_3862,0.02539,0.0232,89.15,1.55746,5.53,53.7,1539,2026
TOI_3877_b,TOI-3877 b,TOI_3877,0.0529,0.22,83.97,4.1236,11.6798,99.7981,1445,2025
TOI_3884_b,TOI-3884 b,TOI_3884,0.0361,0.06,89.81,4.54458,6.43,32.59,441,2022
TOI_3894_b,TOI-3894 b,TOI_3894,0.05354,0.05,84.63,4.33454,15.2778,260.619,1531,2024
TOI_3896_b,TOI-3896 b,TOI_3896,-1,0,87.7484,4.3773,3.14949,10.1,966,2026
TOI_3912_b,TOI-3912 b,TOI_3912,0.0463,0,85.64,3.49363,14.2802,129.038,1512,2023
TOI_3919_b,TOI-3919 b,TOI_3919,0.0795,0.259,86.98,7.43323,12.3187,1233.17,1198,2024
TOI_3976_A_b,TOI-3976 A b,TOI_3976_A,0.0743,0,87.28,6.60766,12.2738,55.62,1295,2023
TOI_3980_b,TOI-3980 b,TOI_3980,0.0494,0.16,81.95,3.60893,14.4596,187.519,1621,2025
TOI_3984_A_b,TOI-3984 A b,TOI_3984_A,0.041,0.23,89.5,4.35333,7.9,44,563,2023
TOI_4010_b,TOI-4010 b,TOI_4010,0.0229,0.03,88.1,1.34834,3.02,11,1441,2023
TOI_4010_c,TOI-4010 c,TOI_4010,0.058,0.03,88.8,5.41465,5.93,20.31,907,2023
TOI_4010_d,TOI-4010 d,TOI_4010,0.113,0.07,89,14.7089,6.18,38.15,650,2023
TOI_4010_e,TOI-4010 e,TOI_4010,1.57,0.26,90,762,13.3,692,174,2023
TOI_4029_b,TOI-4029 b,TOI_4029,-1,0,87.2039,5.88498,6.73757,36.6,1142,2026
TOI_4030_b,TOI-4030 b,TOI_4030,-1,0,86.8927,2.509,5.84626,28.8,1384,2026
TOI_4034_b,TOI-4034 b,TOI_4034,0.03289,0,80.76,1.80209,17.7102,276.511,1907,2026
TOI_406_c,TOI-406 c,TOI_406,0.0322,0.032,87.6,3.30744,1.32,2.08,584,2024
TOI_406_01,TOI-406.01,TOI_406,0.0809,0.056,89.4,13.1757,2.08,6.57,368,2024
TOI_4087_b,TOI-4087 b,TOI_4087,0.04469,0,87.82,3.17748,13.0473,232.015,1458,2023
TOI_4127_b,TOI-4127 b,TOI_4127,0.303,0.7484,89.39,56.3987,12.07,743.718,556,2023
TOI_4137_b,TOI-4137 b,TOI_4137,0.05222,0,85.7,3.80161,13.5741,457.673,1570,2022
TOI_4145_A_b,TOI-4145 A b,TOI_4145_A,0.04823,0,86.2,4.06644,13.3051,136.666,1074,2023
TOI_4153_b,TOI-4153 b,TOI_4153,0.06311,0.039,88.75,4.61741,16.1185,365.503,1669,2024
TOI_4155_b,TOI-4155 b,TOI_4155,-1,0,88.84,3.32073,3.21,10.4,1255,2025
TOI_4156_b,TOI-4156 b,TOI_4156,-1,0,87.093,4.46189,2.53824,6.98,1289,2026
TOI_4156_c,TOI-4156 c,TOI_4156,-1,0,88.7385,12.8228,2.92304,8.87,809.32,2026
TOI_4184_b,TOI-4184 b,TOI_4184,0.0336,0,89.43,4.90198,2.43,6.48,412,2023
TOI_4201_b,TOI-4201 b,TOI_4201,0.04,0.041,88,3.58192,13.675,788.214,725,2023
TOI_421_b,TOI-421 b,TOI_421,0.0554,0.13,85.68,5.19758,2.64,6.7,922,2020
TOI_421_c,TOI-421 c,TOI_421,0.117,0.19,88.353,16.0675,5.09,14.1,635,2020
TOI_4214_b,TOI-4214 b,TOI_4214,0.05018,0.17,85.77,3.49139,10.6822,165.271,1642,2025
TOI_426_b,TOI-426 b,TOI_426,0.02374,0,87,1.3205,2.19,6.7,1790,2026
TOI_426_c,TOI-426 c,TOI_426,0.747,0,90,235.8,13.6,444,319.2,2026
TOI_4308_b,TOI-4308 b,TOI_4308,-1,0,89.07,9.1512,2.4189,6.43,763.05,2023
TOI_431_b,TOI-431 b,TOI_431,0.0113,0,84.3,0.490047,1.28,3.07,1862,2021
TOI_431_c,TOI-431 c,TOI_431,0.052,0,86.35,4.8494,1.49,2.83,867,2021
TOI_431_d,TOI-431 d,TOI_431,0.098,0,89.7,12.461,3.29,9.9,633,2021
TOI_4311_b,TOI-4311 b,TOI_4311,0.01817,0,85.4,0.990274,1.376,4.5,1664,2026
TOI_4311_c,TOI-4311 c,TOI_4311,0.1116,0.22,89.05,15.0704,2.47,13.58,671,2026
TOI_4329_b,TOI-4329 b,TOI_4329,-1,0.068,90,2.9223,16.8135,143.023,2027.12,2022
TOI_4336_A_c,TOI-4336 A c,TOI_4336_A,0.05092,0,89.64,7.58727,1.251,1.55,399.5,2026
TOI_4336_A_b,TOI-4336 A b,TOI_4336_A,0.0849,0,89.492,16.3364,2.137,3.33,309.4,2024
TOI_4342_b,TOI-4342 b,TOI_4342,0.0519,0,88.83,5.53826,2.329,7.3,639,2023
TOI_4342_c,TOI-4342 c,TOI_4342,0.0804,0,89.61,10.6887,2.349,4.8,514,2023
TOI_4363_b,TOI-4363 b,TOI_4363,-1,0,86.4349,2.11868,1.76689,3.77,884.71,2026
TOI_4364_b,TOI-4364 b,TOI_4364,0.04753,0.29,88.68,5.42402,2.01,4.7,488,2025
TOI_4377_b,TOI-4377 b,TOI_4377,0.0579,0.045,80.3,4.37808,15.1097,304.162,1162.08,2023
TOI_4379_b,TOI-4379 b,TOI_4379,-1,0.018,90,3.25352,16.6902,353.743,1869.38,2024
TOI_4405_b,TOI-4405 b,TOI_4405,-1,0,88.6991,5.92144,2.55505,7.06,671.87,2026
TOI_4406_b,TOI-4406 b,TOI_4406,0.201,0.15,88.48,30.0836,11.209,95.3485,904,2023
TOI_4409_b,TOI-4409 b,TOI_4409,-1,0.036,90,92.4918,7.44,14.9379,305.05,2026
TOI_4427_b,TOI-4427 b,TOI_4427,0.05389,0.074,87.4,4.61826,13.0921,87.7206,1040,2026
TOI_4438_b,TOI-4438 b,TOI_4438,0.0523,0.07,89.7,7.4463,2.4,4.11,446,2024
TOI_444_b,TOI-444 b,TOI_444,0.133,0,89.647,17.9636,2.77,8.1,609,2023
TOI_4443_01,TOI-4443.01,TOI_4443,0.0299626,0,90,1.84986,1.71933,3.6,1638.82,2024
TOI_4458_b,TOI-4458 b,TOI_4458,0.0522,0.03,89.46,3.93938,12.4083,552.068,1759,2026
TOI_4463_A_b,TOI-4463 A b,TOI_4463_A,0.04036,0,83.82,2.88072,13.2602,252.356,1395,2023
TOI_4465_b,TOI-4465 b,TOI_4465,0.416,0.24,89.95,101.941,14.0112,1872.01,427,2025
TOI_4479_b,TOI-4479 b,TOI_4479,0.0164,0,86.36,1.1589,2.82,8.35,861,2022
TOI_4487_A_b,TOI-4487 A b,TOI_4487_A,0.05448,0.083,86.85,3.95407,14.6053,397.286,1639,2025
TOI_4492_b,TOI-4492 b,TOI_4492,0.0535,0,88.78,4.43318,11.7806,1881.54,1207,2026
TOI_4495_b,TOI-4495 b,TOI_4495,0.03957,0.078,87.8,2.56699,2.483,7.7,1735,2026
TOI_4495_c,TOI-4495 c,TOI_4495,0.06323,0.023,86.8,5.18553,4.03,23.2,1365,2024
TOI_4504_b,TOI-4504 b,TOI_4504,0.0338,0.84,92.4,2.42615,2.65,140,1345,2024
TOI_4504_d,TOI-4504 d,TOI_4504,0.2219,0.293,88.982,41.2872,11.26,643,524.8,2024
TOI_4504_c,TOI-4504 c,TOI_4504,0.3593,0.04987,89.545,82.8191,11.17,821,412.5,2024
TOI_4507_b,TOI-4507 b,TOI_4507,0.456,0.09,89.93,104.616,8.2,20,464.8,2025
TOI_451_b,TOI-451 b,TOI_451,0.0274,0,88.7,1.8587,1.84,4.7,1474,2020
TOI_451_c,TOI-451 c,TOI_451,0.0795,0,89.27,9.19246,2.93,3.7,865,2020
TOI_451_d,TOI-451 d,TOI_451,0.1168,0,89.26,16.365,3.93,10.2,714,2020
TOI_4511_b,TOI-4511 b,TOI_4511,-1,0,88.9265,10.9809,2.75305,8.01,1542,2026
TOI_4513_b,TOI-4513 b,TOI_4513,-1,0,89.1897,9.76042,2.34588,6.11,653,2026
TOI_4515_b,TOI-4515 b,TOI_4515,0.118,0.461,87.954,15.2664,12.17,637,705,2024
TOI_4527_01,TOI-4527.01,TOI_4527,0.00833235,0,90,0.399444,0.908662,0.689,1362.93,2024
TOI_4529_b,TOI-4529 b,TOI_4529,-1,0,88.7,5.87958,1.77,4.9,511,2026
TOI_4551_b,TOI-4551 b,TOI_4551,0.0994,0.101,86.9,9.95581,11.8591,473.564,1655,2023
TOI_4552_b,TOI-4552 b,TOI_4552,0.0056255,0,87.77,0.3011,1.11,1.83,1122,2026
TOI_4559_b,TOI-4559 b,TOI_4559,0.0359,0,88.64,3.96599,1.415,2.59,554.16,2024
TOI_4561_b,TOI-4561 b,TOI_4561,-1,0,88.8782,8.93548,1.77789,3.81,789.81,2026
TOI_4562_b,TOI-4562 b,TOI_4562,0.768,0.76,89.15,225.106,12.53,732,318,2023
TOI_4562_c,TOI-4562 c,TOI_4562,5.219,0.122,90,3990,12.8,1833.87,138.11,2024
TOI_4578_b,TOI-4578 b,TOI_4578,-1,0,88.9414,8.62393,2.26974,5.77,842.42,2026
TOI_4582_b,TOI-4582 b,TOI_4582,-1,0.51,90,31.034,10.5364,168.449,614.66,2023
TOI_4588_b,TOI-4588 b,TOI_4588,0.1376,0,88.6612,13.1188,2.92923,8.9,1768,2026
TOI_4600_b,TOI-4600 b,TOI_4600,0.349,0.25,89.76,82.6869,6.8,959.842,347,2023
TOI_4600_c,TOI-4600 c,TOI_4600,1.152,0.21,89.9,482.819,9.42,2946.27,191,2023
TOI_4602_01,TOI-4602.01,TOI_4602,0.04747,0,88.93,3.9813,2.45,5.53,1344,2024
TOI_4603_b,TOI-4603 b,TOI_4603,0.0888,0.325,80.21,7.24599,11.6798,4096.81,1677,2023
TOI_4633_c,TOI-4633 c,TOI_4633,0.847,0.117,89.888,271.945,3.2,123,268.57,2024
TOI_4638_01,TOI-4638.01,TOI_4638,0.093013,0,90,10.2839,2.933,8.92,779.83,2024
TOI_4640_b,TOI-4640 b,TOI_4640,-1,0,87.1739,2.68566,2.84327,8.46,1378.86,2026
TOI_4641_b,TOI-4641 b,TOI_4641,0.173,0.074,87.9,22.0934,8.18256,1230,950.11,2023
TOI_4662_b,TOI-4662 b,TOI_4662,-1,0,87.465,4.70344,2.87998,8.65,741,2026
TOI_4666_b,TOI-4666 b,TOI_4666,0.034,0.023,89.79,2.90892,12.5316,155.418,695,2025
HIP_29442_c,HIP 29442 c,TOI_469,0.04518,0,86.3,3.53796,1.551,4.5,1123,2023
HIP_29442_d,HIP 29442 d,TOI_469,0.0673,0,88.9,6.42957,1.538,5.14,920,2023
TOI_469_01,TOI-469.01,TOI_469,0.111,0,89.3,13.6308,3.41,9.1,716,2021
TOI_470_b,TOI-470 b,TOI_470,0.119,0,89.527,12.1915,4.34,17.4,660,2023
TOI_4734_b,TOI-4734 b,TOI_4734,0.074,0.12,89.2,6.23563,10.9175,61.6587,1468,2025
TOI_4747_b,TOI-4747 b,TOI_4747,-1,0,88.4203,5.21924,3.95803,14.8,1035,2026
TOI_4773_b,TOI-4773 b,TOI_4773,0.03216,0.024,78.64,1.74529,15.2218,1687.67,2255,2025
TOI_4791_b,TOI-4791 b,TOI_4791,0.0555,0,85.55,4.28088,12.442,734.184,1472,2023
TOI_4794_b,TOI-4794 b,TOI_4794,0.0492,0.1,88.6,3.56581,14.3587,308.294,1673,2025
TOI_480_b,TOI-480 b,TOI_480,0.077,0,90,6.8662,2.85372,20.8,1198.94,2024
TOI_481_b,TOI-481 b,TOI_481,0.097,0.153,89.2,10.3311,11.0969,486.28,1370,2020
TOI_4860_b,TOI-4860 b,TOI_4860,0.01808,0.008,88.5,1.52276,8.7,86.7,694,2023
TOI_4898_b,TOI-4898 b,TOI_4898,-1,0,87.3917,2.7652,3.7198,13.4,667,2026
TOI_4914_b,TOI-4914 b,TOI_4914,0.098,0.408,86.35,10.6006,12.87,227,894,2024
TOI_4930_b,TOI-4930 b,TOI_4930,-1,0,86.4796,6.7813,6.93277,38.4,1169,2026
TOI_4940_b,TOI-4940 b,TOI_4940,0.165,0,88.47,25.8678,6.61,89,643,2025
TOI_4961_b,TOI-4961 b,TOI_4961,0.0726,0.182,88.11,7.47918,12.3411,572.091,919,2025
TOI_4994_b,TOI-4994 b,TOI_4994,0.1515,0.319,89.56,21.492,8.54124,88.992,717.6,2024
TOI_500_b,TOI-500 b,TOI_500,0.01189,0.063,82.09,0.548177,1.166,1.42,1617,2022
TOI_500_c,TOI-500 c,TOI_500,-1,0.072,90,6.6356,2.09,5.03,-1,2022
TOI_500_d,TOI-500 d,TOI_500,-1,0.016,90,26.233,6.35,33.12,-1,2022
TOI_500_e,TOI-500 e,TOI_500,-1,0.073,90,61.3,3.99,15.05,-1,2022
TOI_5005_b,TOI-5005 b,TOI_5005,0.06614,0,89.53,6.3085,6.25,32.7,1040,2024
TOI_5007_b,TOI-5007 b,TOI_5007,0.0307,0.074,84.86,2.54337,11.0745,211.038,774,2026
TOI_5027_b,TOI-5027 b,TOI_5027,0.093,0.385,88.18,10.2437,10.7606,642.013,1056,2025
TOI_5076_b,TOI-5076 b,TOI_5076,0.1481,0,89.84,23.4432,3.48936,16.1457,550,2024
TOI_5082_01,TOI-5082.01,TOI_5082,0.0512048,0,90,4.24012,2.54811,7.03,1164.91,2024
TOI_5108_b,TOI-5108 b,TOI_5108,0.073,0,85.91,6.75358,6.6,32,1180,2025
TOI_5110_b,TOI-5110 b,TOI_5110,0.2157,0.745,85.2,30.1586,11.9824,921.702,976,2024
TOI_512_b,TOI-512 b,TOI_512,-1,0.02,88.92,7.18886,1.54,3.57,1009,2025
TOI_5126_b,TOI-5126 b,TOI_5126,0.06519,0,88.79,5.45884,4.74,20.2,1442,2023
TOI_5126_c,TOI-5126 c,TOI_5126,0.1439,0,89.23,17.8999,3.86,14.2,971,2023
TOI_5143_c,TOI-5143 c,TOI_5143,0.05602,0,86.02,5.20971,16.253,-1,904.48,2025
TOI_5153_b,TOI-5153 b,TOI_5153,0.158,0.091,88.27,20.33,11.8815,1036.12,906,2022
TOI_5159_b,TOI-5159 b,TOI_5159,-1,0,88.2763,5.83639,1.54732,3.01,866.29,2026
TOI_5160_b,TOI-5160 b,TOI_5160,-1,0,87.8756,4.28077,2.3973,6.33,1016,2026
TOI_5174_b,TOI-5174 b,TOI_5174,-1,0,90,12.2143,5.351,24.8,808.37,2022
TOI_5181_A_b,TOI-5181 A b,TOI_5181_A,0.0522,0.15,83.68,3.89223,13.3499,330.542,1585,2025
TOI_519_b,TOI-519 b,TOI_519,0.0159,0.33,88.9,1.26523,11.5453,147.155,687,2021
TOI_5205_b,TOI-5205 b,TOI_5205,0.0199,0.02,88.21,1.63076,11.6,343,737,2023
TOI_521_b,TOI-521 b,TOI_521,0.0195,0,88.6,1.54285,1.98,5.3,794,2025
TOI_5210_b,TOI-5210 b,TOI_5210,0.0557,0.066,88.59,4.56611,10.727,81.9997,1286,2025
TOI_5218_b,TOI-5218 b,TOI_5218,0.0469,0,88.41,4.29145,9.86,657,783,2024
TOI_5232_b,TOI-5232 b,TOI_5232,0.05593,0.035,88.3,4.09667,12.7782,743.718,1772,2024
TOI_5238_b,TOI-5238 b,TOI_5238,-1,0,90,4.87217,5.22,23.7,1042,2022
TOI_5261_b,TOI-5261 b,TOI_5261,0.05134,0.1585,86.07,4.15098,11.6013,3651.85,1244,2025
TOI_5292_A_b,TOI-5292 A b,TOI_5292_A,0.0279,0.034,88.87,2.02191,12.6437,412.859,809,2026
TOI_5293_A_b,TOI-5293 A b,TOI_5293_A,0.034,0.38,88.8,2.93029,11.9,170.4,675,2023
TOI_530_b,TOI-530 b,TOI_530,0.052,0,89.1,6.3876,9.30345,127.131,565,2021
TOI_5300_b,TOI-5300 b,TOI_5300,0.0295,0,89.2,2.2622,9.8639,190.697,1043,2025
TOI_5301_b,TOI-5301 b,TOI_5301,0.073,0.33,83.3,5.85886,13.0921,1182.32,1648,2024
TOI_5319_b,TOI-5319 b,TOI_5319,0.0506,0,89.25,4.07853,2.83,8.4,695,2024
TOI_532_b,TOI-532 b,TOI_532,0.0296,0,88.08,2.32665,5.82,61.5,867,2021
TOI_5322_b,TOI-5322 b,TOI_5322,0.0604,0.055,89.19,5.42332,16.6117,184.023,1350,2025
TOI_5335_b,TOI-5335 b,TOI_5335,-1,0,86.1238,3.61366,4.02422,15.3,1048,2026
TOI_5340_b,TOI-5340 b,TOI_5340,0.0628,0.13,86.17,4.93944,15.0761,270.154,1566,2025
TOI_5344_b,TOI-5344 b,TOI_5344,0.04041,0.054,87.15,3.79262,10.6037,130.945,689,2023
TOI_5349_b,TOI-5349 b,TOI_5349,0.0369,0.03,87.9,3.31792,10.2,127.4,719,2026
TOI_5350_b,TOI-5350 b,TOI_5350,0.0796,0.0165,89.04,7.58137,12.4196,2094.49,1195,2025
TOI_5380_b,TOI-5380 b,TOI_5380,-1,0,85.8282,3.77229,3.48093,11.9,1479,2026
TOI_5386_A_b,TOI-5386 A b,TOI_5386_A,0.04856,0.072,83.951,3.62157,14.7062,155.1,1488,2025
TOI_5388_01,TOI-5388.01,TOI_5388,0.0243359,0,88.8,2.59467,0.99,2.2,488,2024
TOI_5398_c,TOI-5398 c,TOI_5398,0.057,0.14,88.4,4.77271,3.52,11.8,1242,2023
TOI_5398_b,TOI-5398 b,TOI_5398,0.098,0.13,89.21,10.5905,10.3,58.7,947,2022
TOI_540_b,TOI-540 b,TOI_540,0.01223,0,86.8,1.23915,0.903,0.674,611,2020
TOI_5422_b,TOI-5422 b,TOI_5422,0.0619,0.094,88.71,5.37722,9.10169,8899.2,1369,2026
TOI_544_b,TOI-544 b,TOI_544,0.0225,0,90,1.54835,2.018,2.89,999,2022
TOI_544_c,TOI-544 c,TOI_544,-1,0.32,90,50.089,4.92,21.5,-1,2023
TOI_5486_b,TOI-5486 b,TOI_5486,-1,0,85.2079,2.0247,3.96825,14.9,752,2026
TOI_5489_b,TOI-5489 b,TOI_5489,-1,0,88.6,3.15222,1.4,2.54,624,2025
TOI_5489_c,TOI-5489 c,TOI_5489,-1,0,88.8,4.92126,1.28,2.18,536,2025
TOI_5502_b,TOI-5502 b,TOI_5502,-1,0,88.9351,11.6259,4.12874,15.9,870,2026
TOI_5515_b,TOI-5515 b,TOI_5515,-1,0,88.5883,8.59226,2.65363,7.53,778.1,2026
TOI_5532_b,TOI-5532 b,TOI_5532,-1,0,85.1576,5.65397,2.52764,6.93,617.33,2026
TOI_5542_b,TOI-5542 b,TOI_5542,0.332,0.018,89.643,75.1238,11.3099,419.533,441,2022
TOI_5573_b,TOI-5573 b,TOI_5573,0.0712,0.072,89.01,8.79759,9.75,112,528,2025
TOI_558_b,TOI-558 b,TOI_558,0.1291,0.298,86.24,14.5741,12.173,1147.36,1061,2021
TOI_559_b,TOI-559 b,TOI_559,0.0723,0.151,89.08,6.98391,12.229,1910.15,1180,2021
TOI_5592_b,TOI-5592 b,TOI_5592,0.03935,0.062,81.14,2.60858,17.1497,285.728,1789,2025
TOI_5595_b,TOI-5595 b,TOI_5595,-1,0,89.0797,5.99003,4.7374,20.1,621,2026
TOI_5599_b,TOI-5599 b,TOI_5599,-1,0,87.2305,5.43692,7.18882,40.9,1496,2026
TOI_5605_b,TOI-5605 b,TOI_5605,-1,0,87.8261,5.9134,2.52611,6.92,669,2026
TOI_561_b,TOI-561 b,TOI_561,0.01064,0,87,0.44657,1.397,2.02,2319,2020
TOI_561_c,TOI-561 c,TOI_561,0.0889,0.023,89.61,10.7788,2.865,5.93,802,2020
TOI_561_d,TOI-561 d,TOI_561,0.1587,0.111,89.51,25.7127,2.615,13.33,600,2020
TOI_561_e,TOI-561 e,TOI_561,0.33,0.074,89.864,77.144,2.517,12.4,416,2020
TOI_5614_b,TOI-5614 b,TOI_5614,-1,0,87.469,4.17221,3.21759,10.4,817,2026
TOI_5616_b,TOI-5616 b,TOI_5616,0.0272,0,88.13,2.00285,10.78,624,939,2024
TOI_5624_b,TOI-5624 b,TOI_5624,0.04201,0,89.41,3.39035,2.314,9.4,1136,2026
TOI_5624_c,TOI-5624 c,TOI_5624,0.07374,0,89.58,7.88539,2.474,4.8,857,2026
TOI_5624_d,TOI-5624 d,TOI_5624,0.1067,0,89.69,13.7315,3.584,4.9,712.6,2026
TOI_5624_e,TOI-5624 e,TOI_5624,0.1439,0,89.405,21.4899,3.247,8.9,613.8,2026
TOI_5624_f,TOI-5624 f,TOI_5624,0.2366,0,90,45.37,3.66,13,478.5,2026
TOI_5628_A_b,TOI-5628 A b,TOI_5628_A,0.0368,0,88.98,4.34166,8.29465,28.6046,492,2026
TOI_5630_b,TOI-5630 b,TOI_5630,-1,0,84.9577,3.22118,2.37118,6.22,1541,2026
TOI_5634_A_b,TOI-5634 A b,TOI_5634_A,0.0272,0,88.19,2.20354,10.42,588,837,2024
TOI_564_b,TOI-564 b,TOI_564,0.02734,0.072,78.38,1.65114,11.4332,464.985,1714,2020
TOI_5678_b,TOI-5678 b,TOI_5678,0.249,0.14,89.83,47.7302,4.91,20,513,2023
TOI_5688_A_b,TOI-5688 A b,TOI_5688_A,0.03379,0.128,87.05,2.94816,10.3,124,742,2024
TOI_5704_b,TOI-5704 b,TOI_5704,-1,0,88.94,3.77112,3.2274,10.5,949.07,2023
TOI_5713_b,TOI-5713 b,TOI_5713,0.06008,0.24,89.37,10.442,1.77,3.78,347.2,2024
TOI_5716_b,TOI-5716 b,TOI_5716,-1,0,89.4,6.7663,0.96,0.84,400,2025
TOI_5720_b,TOI-5720 b,TOI_5720,0.018288,0,89.3,1.43446,1.09,4.3,708,2024
TOI_5726_01,TOI-5726.01,TOI_5726,0.062186,0,90,5.49113,2.554,7.05,1093.03,2024
TOI_5728_b,TOI-5728 b,TOI_5728,-1,0,89.83,11.4976,1.31,2.27,382,2025
TOI_5734_b,TOI-5734 b,TOI_5734,0.05921,0,89.88,6.18419,2.1,9.1,688,2026
TOI_5736_b,TOI-5736 b,TOI_5736,-1,0,84.5,0.64899,1.56,3.05,1311,2025
TOI_5777_b,TOI-5777 b,TOI_5777,-1,0,84.3076,6.91716,3.09551,9.78,602,2026
TOI_5786_b,TOI-5786 b,TOI_5786,0.114,0,88.9,12.7791,8.54,73,1040,2025
TOI_5788_b,TOI-5788 b,TOI_5788,0.064,0.061,87.94,6.34076,1.528,3.72,910,2026
TOI_5788_c,TOI-5788 c,TOI_5788,0.1197,0.046,89.6,16.2134,2.272,6.4,667,2026
TOI_5789_b,TOI-5789 b,TOI_5789,0.03608,0,90,2.76369,1.26,2.12,1201,2026
TOI_5789_c,TOI-5789 c,TOI_5789,0.1009,0.067,88.02,12.9277,2.86,5,718,2026
TOI_5789_d,TOI-5789 d,TOI_5789,0.1756,0.096,90,29.65,1.91,4.29,545,2026
TOI_5789_e,TOI-5789 e,TOI_5789,0.2901,0.071,90,62.98,3.43,11.61,424,2026
TOI_5795_b,TOI-5795 b,TOI_5795,0.064,0.25,88.54,6.14063,5.62,23.66,1136.78,2025
TOI_5799_b,TOI-5799 b,TOI_5799,0.0348,0,89.15,4.16451,1.733,3.65,505,2024
TOI_5799_c,TOI-5799 c,TOI_5799,0.0782,0,89.317,14.0104,1.76,3.75,337,2025
TOI_5800_b,TOI-5800 b,TOI_5800,0.0344,0.3,85.08,2.62788,2.46,9.5,1108,2025
TOI_5803_b,TOI-5803 b,TOI_5803,-1,0,89.3,5.38305,3.2732,10.7,678.87,2023
TOI_5806_b,TOI-5806 b,TOI_5806,0.0484,0,82.24,3.18564,15.1321,721.47,1621,2026
TOI_5811_B_b,TOI-5811 B b,TOI_5811_B,0.0731,0,76.72,6.25663,21.9696,257.441,1530,2026
TOI_5817_b,TOI-5817 b,TOI_5817,0.1223,0.2,88.72,15.6103,3.08,10.3,950,2025
TOI_5882_b,TOI-5882 b,TOI_5882,0.0804,0.0339,88.56,7.14897,11.4668,6995.4,1515,2025
TOI_5916_b,TOI-5916 b,TOI_5916,0.02789,0.045,89.13,2.36712,11.8,219,716,2026
TOI_5926_b,TOI-5926 b,TOI_5926,-1,0,87.7868,3.81123,7.56807,44.6,987,2026
TOI_5938_b,TOI-5938 b,TOI_5938,0.0308,0,88.85,2.26042,3.82,14,1077,2026
TOI_6000_b,TOI-6000 b,TOI_6000,-1,0,87.05,0.448959,0.94,0.779,1120,2025
TOI_6002_b,TOI-6002 b,TOI_6002,0.05722,0.15,89.68,10.9048,1.65,3.36,321.4,2024
TOI_6008_b,TOI-6008 b,TOI_6008,0.010777,0,87.2,0.857435,1.03,4,707,2024
TOI_6016_b,TOI-6016 b,TOI_6016,0.055,0,90,4.02369,13.675,371.859,1890,2024
TOI_6019_b,TOI-6019 b,TOI_6019,0.1212,0.48,86.8,14.548,12.3,149,1095,2026
TOI_6029_b,TOI-6029 b,TOI_6029,-1,0.091,90,5.7987,14.3923,519.649,1484,2024
TOI_603_b,TOI-603 b,TOI_603,0.1282,0,89.58,16.1798,7.37,33,899,2026
TOI_6034_b,TOI-6034 b,TOI_6034,0.02949,0.04,87.06,2.57618,11.92,254,714,2024
TOI_6038_A_b,TOI-6038 A b,TOI_6038_A,0.069,0,88.96,5.82673,6.41,78.5,1439,2025
TOI_6041_b,TOI-6041 b,TOI_6041,0.1651,0,88.955,26.0495,4.55,28.9,605.6,2025
TOI_6041_c,TOI-6041 c,TOI_6041,0.3721,0,90,88,10.5,77.9,403.5,2025
TOI_6054_01,TOI-6054.01,TOI_6054,0.0763,0.164,88.59,7.50143,2.64,12.5,1360,2024
TOI_6054_02,TOI-6054.02,TOI_6054,0.1079,0.332,88.82,12.5636,2.82,9.3,1143,2024
TOI_6080_b,TOI-6080 b,TOI_6080,-1,0,88.0835,8.05562,3.32424,11,919.33,2026
TOI_6086_b,TOI-6086 b,TOI_6086,0.01541,0,87.3,1.38887,1.18,1.76,634,2024
TOI_6109_b,TOI-6109 b,TOI_6109,0.0599,0,85.6909,5.69048,4.8704,21.1,700,2025
TOI_6109_c,TOI-6109 c,TOI_6109,0.0786,0,87.2,8.53888,4.8326,20.8,786,2025
TOI_6130_b,TOI-6130 b,TOI_6130,0.036,0.036,90,2.39268,14.3475,333.72,1750,2024
TOI_615_b,TOI-615 b,TOI_615,0.0678,0.39,86.73,4.6616,18.9768,138.255,1666,2023
TOI_6158_b,TOI-6158 b,TOI_6158,0.03275,0.059,86.51,3.04469,10.4,135,636,2026
TOI_620_b,TOI-620 b,TOI_620,0.04825,0.22,87.47,5.09882,3.76,13.6,603.6,2022
TOI_622_b,TOI-622 b,TOI_622,0.0708,0.42,86.62,6.40251,9.2362,96.302,1388,2023
TOI_6223_b,TOI-6223 b,TOI_6223,0.04018,0,88.68,3.85522,5.07,22.6,714,2025
TOI_6255_b,TOI-6255 b,TOI_6255,-1,0,74.4,0.238182,1.079,1.44,1256.46,2024
TOI_628_b,TOI-628 b,TOI_628,0.0486,0.072,88.41,3.40957,11.8815,2011.86,1586,2021
TOI_6281_b,TOI-6281 b,TOI_6281,-1,0,85.0499,1.05426,1.92416,4.36,2240,2026
TOI_6303_b,TOI-6303 b,TOI_6303,0.0761,0.02,89.03,9.48524,11.59,2493,541,2025
TOI_6324_b,TOI-6324 b,TOI_6324,-1,0,74.6,0.279221,1.059,1.17,1216,2025
TOI_6330_b,TOI-6330 b,TOI_6330,0.05763,0.34,88.41,6.85002,10.89,3179,495,2025
TOI_6383_A_b,TOI-6383 A b,TOI_6383_A,0.02292,0.05,88.8,1.79059,11.29,331,745,2024
TOI_6393_b,TOI-6393 b,TOI_6393,-1,0,88.4902,9.53176,2.75959,8.04,696,2026
TOI_640_b,TOI-640 b,TOI_640,0.06608,0.013,81.79,5.00378,19.2794,181.162,1816,2021
TOI_6420_b,TOI-6420 b,TOI_6420,0.0753,0.078,85.8,6.96151,11.9376,2606.19,1213,2025
TOI_6448_b,TOI-6448 b,TOI_6448,0.131,0.2,88.95,14.8443,8.47399,54,745,2025
TOI_6478_b,TOI-6478 b,TOI_6478,0.1136,0,89.898,34.005,4.6,19.2,204.4,2025
TOI_654_01,TOI-654.01,TOI_654,0.01944,0,88.28,1.52756,2.378,8.71,794,2024
TOI_6564_b,TOI-6564 b,TOI_6564,0.0542,0,86.77,3.98541,16.3987,222.162,1445,2026
TOI_6628_b,TOI-6628 b,TOI_6628,0.134,0.67,88.19,18.1842,10.9848,235.193,833,2025
TOI_663_b,TOI-663 b,TOI_663,0.0295,0,89.14,2.5989,2.27,4.45,674,2024
TOI_663_c,TOI-663 c,TOI_663,0.0437,0,89.3,4.69555,2.26,3.65,553,2024
TOI_663_d,TOI-663 d,TOI_663,0.0576,0,89.6,7.10273,1.92,5.2,482,2024
TOI_6651_b,TOI-6651 b,TOI_6651,0.0633,0.091,84.93,5.05697,5.09,61,1493,2024
TOI_6677_b,TOI-6677 b,TOI_6677,-1,0,86.8039,5.45061,5.83507,28.7,334,2026
TOI_669_b,TOI-669 b,TOI_669,0.048,0,85.7828,3.94515,2.58606,10,1124.85,2023
TOI_6692_b,TOI-6692 b,TOI_6692,0.512,0.537,89.483,131.125,11.6798,197.054,467,2026
TOI_6695_b,TOI-6695 b,TOI_6695,0.402,0.04,90.62,80.389,9.52763,66.744,599,2025
TOI_6695_c,TOI-6695 c,TOI_6695,0.838,0.022,90,242.4,13.6,460.851,415,2025
TOI_6699_b,TOI-6699 b,TOI_6699,-1,0,87.9666,5.32006,2.32645,6.02,976,2026
TOI_6707_b,TOI-6707 b,TOI_6707,-1,0,87.1669,3.83479,5.72673,27.8,1509.43,2026
TOI_6716_b,TOI-6716 b,TOI_6716,0.0319,0.88,89.45,4.71859,0.982,0.911,369,2026
TOI_672_b,TOI-672 b,TOI_672,0.0376,0,88,3.63358,5.31,50.9,699.5,2023
TOI_674_b,TOI-674 b,TOI_674,0.025,0,87.21,1.97714,5.25,23.6,635,2021
TOI_677_b,TOI-677 b,TOI_677,0.1041,0.46,85.77,11.2366,13.1145,392.2,1252,2020
TOI_682_01,TOI-682.01,TOI_682,-1,0,90,6.83924,3.74186,13.5,1090,2021
TOI_6884_b,TOI-6884 b,TOI_6884,0.0629,0.067,82.46,4.80826,10.3907,8365.24,1652,2026
TOI_6894_b,TOI-6894 b,TOI_6894,0.02604,0.029,89.58,3.37077,9.58368,53.3952,417.9,2025
TOI_6954_b,TOI-6954 b,TOI_6954,-1,0,88.3602,4.02074,3.63524,12.8,930,2026
TOI_697_b,TOI-697 b,TOI_697,-1,0,88.5417,8.60789,2.35859,6.16,839.8,2026
TOI_700_b,TOI-700 b,TOI_700,0.0678,0.032,89.63,9.97722,0.963,0.849,417,2020
TOI_700_c,TOI-700 c,TOI_700,0.0931,0.033,88.942,16.0511,2.535,6.96,356,2020
TOI_700_e,TOI-700 e,TOI_700,0.1336,0.059,89.89,27.8101,0.919,0.718,272.9,2023
TOI_700_d,TOI-700 d,TOI_700,0.1642,0.042,89.83,37.4235,1.145,1.58,268.8,2020
TOI_7008_b,TOI-7008 b,TOI_7008,-1,0,81.4173,0.84069,4.94735,21.7,1783,2026
TOI_7009_b,TOI-7009 b,TOI_7009,0.0287,0,86.1,2.32066,3.71,13.3,872,2026
TOI_7041_b,TOI-7041 b,TOI_7041,-1,0.04,90,9.691,11.4332,114.418,882.37,2025
TOI_707_b,TOI-707 b,TOI_707,0.275,0,89.602,52.7992,2.416,6.42,491.7,2026
TOI_712_b,TOI-712 b,TOI_712,0.07928,0.54,88.22,9.53136,2.049,4.85,650,2022
TOI_712_c,TOI-712 c,TOI_712,0.2447,0.089,89.78,51.6991,2.701,7.76,369.9,2022
TOI_712_d,TOI-712 d,TOI_712,0.3405,0.073,89.817,84.8396,2.474,6.68,313.6,2022
TOI_7149_b,TOI-7149 b,TOI_7149,0.02603,0.078,89.25,2.65206,13.2,224,593,2025
TOI_715_b,TOI-715 b,TOI_715,0.083,0,89.856,19.288,1.55,3.02,234,2023
TOI_7155_b,TOI-7155 b,TOI_7155,-1,0,86.8712,3.8949,2.40821,6.38,914,2026
TOI_7166_b,TOI-7166 b,TOI_7166,0.06191,0,89.8,12.9206,2.01,4.7,249,2025
TOI_7169_b,TOI-7169 b,TOI_7169,0.0428,0.055,84.62,3.43731,16.5332,130.31,1631,2026
TOI_7189_b,TOI-7189 b,TOI_7189,0.03294,0.0601,88.41,2.89055,10.9,159.04,738,2026
TOI_7265_B_b,TOI-7265 B b,TOI_7265_B,0.04007,0.0372,88.89,4.17232,10.7,224.95,571,2026
TOI_733_b,TOI-733 b,TOI_733,0.0618,0.046,88.85,4.88476,1.992,5.72,1055.8,2023
TOI_7333_b,TOI-7333 b,TOI_7333,-1,0,87.7802,6.2645,2.09469,5.04,755,2026
TOI_7384_b,TOI-7384 b,TOI_7384,0.0439,0.4,88.79,6.23403,3.56,12.4,378,2026
TOI_7393_b,TOI-7393 b,TOI_7393,0.03664,0.1198,86.43,3.33708,11.3,194.78,747,2026
TOI_7394_B_b,TOI-7394 B b,TOI_7394_B,0.01913,0.0271,83.93,1.253,11.5,668.74,986,2026
TOI_7510_b,TOI-7510 b,TOI_7510,0.1019,0.0572,90.03,11.5309,7.31,18.1,878,2025
TOI_7510_c,TOI-7510 c,TOI_7510,0.1595,0.0091,90.11,22.5687,10.81,131,702,2025
TOI_7510_d,TOI-7510 d,TOI_7510,0.2672,0.04,89.312,48.8645,10.52,190,542.4,2025
TOI_756_b,TOI-756 b,TOI_756,0.018,0,85.53,1.23925,2.81,9.83,934,2025
TOI_756_c,TOI-756 c,TOI_756,0.439,0.445,90,149.4,13,1287.21,194,2025
TOI_757_b,TOI-757 b,TOI_757,0.122,0.39,89.5,17.4682,2.5,10.5,641,2024
TOI_762_A_b,TOI-762 A b,TOI_762_A,0.03418,0.083,87.5,3.47168,8.33948,79.7749,555.4,2024
TOI_763_b,TOI-763 b,TOI_763,0.06,0.04,87.9551,5.6057,2.28,9.79,1038,2020
TOI_763_c,TOI-763 c,TOI_763,0.1011,0.04,90,12.2737,2.63,9.32,800,2020
TOI_771_b,TOI-771 b,TOI_771,0.0208,0.055,89.3,2.32602,1.36,2.47,543,2024
TOI_771_c,TOI-771 c,TOI_771,0.046,0.065,90,7.61,1.5,2.87,365,2025
TOI_776_b,TOI-776 b,TOI_776,0.0653,0.052,89.41,8.24662,1.798,5,520,2020
TOI_776_c,TOI-776 c,TOI_776,0.1001,0.089,89.49,15.6653,2.047,6.9,420,2020
TOI_778_b,TOI-778 b,TOI_778,0.06,0.21,84.7,4.63361,15.4,878,1561,2023
TOI_782_b,TOI-782 b,TOI_782,0.0578,0.19,88.98,8.024,2.734,19.1,435,2024
TOI_791_b,TOI-791 b,TOI_791,0.602,0.032,89.797,139.299,11.1305,9.5,434.3,2026
TOI_791_c,TOI-791 c,TOI_791,0.863,0.028,89.695,232.016,12.9464,18.6,362.8,2026
TOI_799_b,TOI-799 b,TOI_799,-1,0,87.7697,5.54519,2.06632,4.92,958.69,2026
TOI_808_b,TOI-808 b,TOI_808,-1,0,88.4232,9.73945,2.20344,5.49,710.98,2026
TOI_813_b,TOI-813 b,TOI_813,0.423,0,89.64,83.8911,6.71,36.4,610,2020
TOI_815_b,TOI-815 b,TOI_815,0.0903,0.2,89.36,11.1973,2.94,7.6,686,2024
TOI_815_c,TOI-815 c,TOI_815,0.193,0.22,89.107,34.9761,2.62,23.5,469,2024
TOI_824_b,TOI-824 b,TOI_824,0.02177,0,83.65,1.39298,2.926,18.467,1253,2020
TOI_833_b,TOI-833 b,TOI_833,0.0171,0,90,1.04188,1.27,2.15,1118,2022
TOI_836_b,TOI-836 b,TOI_836,0.0422,0.053,87.57,3.81673,1.704,4.53,871,2023
TOI_836_01,TOI-836.01,TOI_836,0.075,0.078,88.7,8.59545,2.587,9.6,665,2021
TOI_837_b,TOI-837 b,TOI_837,0.0888,0,87.097,8.32491,9.16895,120.457,995.3,2020
TOI_849_b,TOI-849 b,TOI_849,0.0155,0,86.8,0.765548,3.64,41.8,1932,2020
TOI_858_B_b,TOI-858 B b,TOI_858_B,0.04435,0.15,86.8,3.27972,14.0673,349.611,1529,2023
TOI_871_b,TOI-871 b,TOI_871,0.1054,0,89.26,14.3626,1.664,3.41,621,2024
TOI_880_02,TOI-880.02,TOI_880,0.0349,0,87.8,2.57571,2.19,5.43,1085,2024
TOI_880_c,TOI-880 c,TOI_880,0.0635,0,88.2,6.38727,4.95,21.7,805,2025
TOI_883_b,TOI-883 b,TOI_883,-1,0,88.7394,10.0577,7.17166,40.7,861,2026
TOI_892_b,TOI-892 b,TOI_892,0.092,0.125,88.2,10.6266,11.9936,301.938,1397,2020
TOI_904_b,TOI-904 b,TOI_904,0.056,0,88.19,10.8772,2.426,6.46,429.43,2023
TOI_904_c,TOI-904 c,TOI_904,0.312,0,89.83,83.9997,2.167,5.34,217.26,2023
TOI_905_b,TOI-905 b,TOI_905,0.04666,0.024,85.68,3.73949,13.1257,211.993,1192,2020
TOI_907_01,TOI-907.01,TOI_907,0.0552255,0,90,4.58491,9.61589,67,1846.6,2024
TOI_908_b,TOI-908 b,TOI_908,0.041657,0.132,86.475,3.18379,3.186,16.137,1317,2023
TOI_912_b,TOI-912 b,TOI_912,0.041,0.58,88.7,4.67807,1.93,5.1,551,2025
TOI_913_b,TOI-913 b,TOI_913,-1,0,89.1,11.0986,2.4528,6.59,712.01,2023
TOI_921_b,TOI-921 b,TOI_921,-1,0,86.5756,5.12872,3.5341,12.2,951,2026
TOI_929_b,TOI-929 b,TOI_929,-1,0,88.1958,5.83015,2.68983,7.7,774,2026
TOI_938_b,TOI-938 b,TOI_938,-1,0,88.7833,8.80734,4.82402,20.8,1073,2026
TOI_941_b,TOI-941 b,TOI_941,-1,0,89.0848,8.51461,6.51165,34.6,982.42,2026
TOI_942_b,TOI-942 b,TOI_942,0.04866,0.34,89.966,4.32421,3.89,826.358,1120,2020
TOI_942_c,TOI-942 c,TOI_942,0.08598,0.32,89.16,10.1563,4.67,37,772.63,2020
TOI_954_b,TOI-954 b,TOI_954,0.04963,0.14,84.4,3.68497,9.55007,55.3024,1526,2020
TOI_969_b,TOI-969 b,TOI_969,0.02636,0,86.75,1.82373,2.765,9.1,941,2022
TOI_969_c,TOI-969 c,TOI_969,2.52,0.628,90,1700,12.4,3591.46,96.4,2022
TRAPPIST_1_b,TRAPPIST-1 b,TRAPPIST_1,0.01154,0.00622,89.728,1.51083,1.116,1.374,397.6,2016
TRAPPIST_1_c,TRAPPIST-1 c,TRAPPIST_1,0.0158,0.00654,89.778,2.42194,1.097,1.308,339.7,2016
TRAPPIST_1_d,TRAPPIST-1 d,TRAPPIST_1,0.02227,0.00837,89.896,4.04922,0.788,0.388,286.2,2016
TRAPPIST_1_e,TRAPPIST-1 e,TRAPPIST_1,0.02925,0.0051,89.793,6.10101,0.92,0.692,249.7,2017
TRAPPIST_1_f,TRAPPIST-1 f,TRAPPIST_1,0.03849,0.01007,89.74,9.20754,1.045,1.039,217.7,2017
TRAPPIST_1_g,TRAPPIST-1 g,TRAPPIST_1,0.04683,0.00208,89.742,12.3524,1.129,1.321,197.3,2017
TRAPPIST_1_h,TRAPPIST-1 h,TRAPPIST_1,0.06189,0.00567,89.805,18.7729,0.755,0.326,171.7,2017
TWA_7_b,TWA 7 b,TWA_7,52,0,90,-1,12.7,108.062,316,2025
TYC_0434_04538_1_b,TYC 0434-04538-1 b,TYC_0434_04538_1,0.66,0.08,90,193.2,12.7,1938.76,877.8,2021
TYC_1422_614_1_b,TYC 1422-614-1 b,TYC_1422_614_1,0.69,0.06,90,198.4,13.3,794.5,730.19,2014
TYC_1422_614_1_c,TYC 1422-614-1 c,TYC_1422_614_1,1.37,0.048,90,559.3,12.5,3178,518.21,2014
TYC_2187_512_1_b,TYC 2187-512-1 b,TYC_2187_512_1,1.22,0.05,90,691.9,12.5,104.883,114.69,2022
TYC_3318_01333_1_b,TYC 3318-01333-1 b,TYC_3318_01333_1,1.414,0.098,90,562,13.1,1086.98,470.43,2018
TYC_3667_1280_1_b,TYC 3667-1280-1 b,TYC_3667_1280_1,0.21,0.036,90,26.468,12.8,1716.28,1350,2016
TYC_4282_00605_1_b,TYC 4282-00605-1 b,TYC_4282_00605_1,0.422,0.28,90,101.54,12.4,3426.21,1285.1,2017
TYC_8998_760_1_b,TYC 8998-760-1 b,TYC_8998_760_1,146,0.44,90.6,-1,21.185,6928.66,2638,2020
TYC_8998_760_1_c,TYC 8998-760-1 c,TYC_8998_760_1,320,0,90,-1,12.3299,1906.98,1240,2020
Teegarden_s_Star_b,Teegarden's Star b,Teegarden_s_Star,0.0259,0.03,90,4.90634,1.05,1.16,277,2019
Teegarden_s_Star_c,Teegarden's Star c,Teegarden_s_Star,0.0455,0.04,90,11.416,1.02,1.05,209,2019
Teegarden_s_Star_d,Teegarden's Star d,Teegarden_s_Star,0.0791,0.07,90,26.13,0.954,0.82,159,2024
TrES_1_b,TrES-1 b,TrES_1,0.03925,0,90,3.03007,12.6662,266.977,1140,2004
TrES_2_b,TrES-2 b,TrES_2,0.03568,0,83.57,2.47063,15.2442,473.567,1466,2006
TrES_3_b,TrES-3 b,TrES_3,0.02282,0,81.85,1.30619,14.975,607.03,1638,2007
TrES_4_b,TrES-4 b,TrES_4,0.05084,0,82.81,3.55395,18.0465,247.907,1778,2007
TrES_5_b,TrES-5 b,TrES_5,0.02459,0,84.27,1.48225,13.3835,568.916,1480,2011
UCAC3_113_933_b,UCAC3 113-933 b,UCAC3_113_933,6100,0,90,-1,12.1,6674.4,1.79,2024
UCAC4_328_061594_b,UCAC4 328-061594 b,UCAC4_328_061594,19000,0,90,-1,12.1,6674.4,-1,2024
UKIRT_2017_BLG_001L_b,UKIRT-2017-BLG-001L b,UKIRT_2017_BLG_001L,4.18,0,90,-1,13.7,407,-1,2018
USco_CTIO_108_b,USco CTIO 108 b,USco_CTIO_108,670,0,90,-1,12.3,4449.62,2.96,2008
USco1556_b,USco1556 b,USco1556_A,3500,0,90,-1,12.3,4767.45,2240,2019
USco1621_b,USco1621 b,USco1621_A,2880,0,90,-1,12.2,5085.28,2270,2019
UZ_For_c,UZ For c,UZ_For,2.8,0.05,90,1916.25,-1,2447.2,-1,2011
UZ_For_b,UZ For b,UZ_For,5.9,0.04,90,5840,-1,2002.2,-1,2011
V0391_Peg_b,V0391 Peg b,V0391_Peg,1.7,0,90,1170,13.1,1017.06,519.69,2007
V1298_Tau_c,V1298 Tau c,V1298_Tau,0.0824,0.0094,88.49,8.24916,5.08,4.7,953,2019
V1298_Tau_d,V1298 Tau d,V1298_Tau,0.1081,0.0087,89.04,12.4014,6.53,6,831,2019
V1298_Tau_b,V1298 Tau b,V1298_Tau,0.1685,0.0079,88.759,24.14,9.41,13.1,666,2019
V1298_Tau_e,V1298 Tau e,V1298_Tau,0.2689,0.0124,89.4,48.6777,10.17,15.3,527,2019
V2376_Ori_b,V2376 Ori b,V2376_Ori,71,0,90,-1,87.2059,6356.57,2100,2025
V830_Tau_b,V830 Tau b,V830_Tau,0.057,0,55,4.927,14,222.481,1213.95,2016
VHS_J125601_92_125723_9_b,VHS J125601.92-125723.9 b,VHS_J125601_92_125723_9,350,0.68,24,5.8e+06,13.675,5085.25,1194,2015
WASP_1_b,WASP-1 b,WASP_1,0.03889,0,90,2.51995,16.623,271.415,1812,2007
WASP_10_b,WASP-10 b,WASP_10,0.03781,0.0473,88.49,3.09276,12.106,1001.12,1370,2008
WASP_100_b,WASP-100 b,WASP_100,0.04574,0,82.6,2.84938,14.908,400.466,2099,2014
WASP_101_b,WASP-101 b,WASP_101,0.05057,0,85,3.58572,16.0289,162.093,1560,2014
WASP_102_b,WASP-102 b,WASP_102,0.041,0,89.06,2.70981,14.9079,197.689,1671,2025
WASP_103_b,WASP-103 b,WASP_103,0.01985,0,86.3,0.925542,17.127,473.547,2508,2014
WASP_104_b,WASP-104 b,WASP_104,0.02918,0,83.63,1.75541,12.745,404.263,1516,2014
WASP_105_b,WASP-105 b,WASP_105,0.075,0,89.7,7.87288,10.7606,572.094,900,2017
WASP_106_b,WASP-106 b,WASP_106,0.0901,0.023,88.3,9.28969,12.1057,613.409,1140,2014
WASP_107_b,WASP-107 b,WASP_107,0.055,0.052,89.57,5.72149,10.4804,33.0224,736,2017
WASP_107_c,WASP-107 c,WASP_107,-1,0.315,90,1091,13,111.24,-1,2020
WASP_108_b,WASP-108 b,WASP_108,-1,0,89.2,2.67555,15.1321,283.503,1589,2020
WASP_11_b,WASP-11 b,WASP_11,0.0435,0,89.8,3.72247,12.442,251.086,992,2008
WASP_110_b,WASP-110 b,WASP_110,-1,0,88.37,3.7784,13.193,154.782,1158,2021
WASP_113_b,WASP-113 b,WASP_113,0.05885,0,86.46,4.54217,15.7935,150.969,1496,2016
WASP_114_b,WASP-114 b,WASP_114,0.02851,0.012,83.96,1.54877,15.0089,562.241,2043,2016
WASP_116_b,WASP-116 b,WASP_116,0.065,0,89.57,6.6132,13.675,203.41,1414,2025
WASP_117_b,WASP-117 b,WASP_117,0.09459,0.3,89.14,10.0216,11.8815,95.349,1001,2014
WASP_118_b,WASP-118 b,WASP_118,0.05453,0,88.7,4.04604,16.141,163.365,1729,2016
WASP_119_b,WASP-119 b,WASP_119,0.0363,0.058,85,2.49979,15.6926,390.931,1600,2016
WASP_12_b,WASP-12 b,WASP_12,0.0234,0.0447,81.8,1.09142,22.0256,467.21,2601,2008
WASP_120_b,WASP-120 b,WASP_120,0.0514,0.057,84.54,3.61127,15.5805,1541.48,1749,2016
WASP_121_b,WASP-121 b,WASP_121,0.02571,0.0085,88.49,1.27493,19.526,371.859,2409,2016
WASP_123_b,WASP-123 b,WASP_123,0.04263,0,86.2,2.97764,15.1321,285.729,1500,2016
WASP_124_b,WASP-124 b,WASP_124,0.0449,0.017,86.3,3.37265,13.8992,190.698,1400,2016
WASP_126_b,WASP-126 b,WASP_126,0.0449,0.18,89.51,3.28883,10.5136,90.3,1480,2016
WASP_127_b,WASP-127 b,WASP_127,0.0484,0,87.84,4.17806,14.695,52.3466,1400,2016
WASP_129_b,WASP-129 b,WASP_129,0.0628,0.096,87.7,5.74815,10.4244,317.83,1100,2016
WASP_13_b,WASP-13 b,WASP_13,0.05362,0,85.43,4.35301,13.675,114.419,1531,2009
WASP_130_b,WASP-130 b,WASP_130,0.1012,0,88.66,11.551,9.97601,390.931,833,2016
WASP_131_b,WASP-131 b,WASP_131,0.0608,0,84.96,5.32201,13.7422,86.7672,1460,2016
WASP_132_c,WASP-132 c,WASP_132,0.01833,0,88.82,1.01154,1.841,6.26,1329,2022
WASP_132_b,WASP-132 b,WASP_132,0.0674,0.0163,89.46,7.13352,10.0993,136.031,682,2016
WASP_132_d,WASP-132 d,WASP_132,2.71,0.12,90,1816.6,12.8,1639.99,107,2024
WASP_133_b,WASP-133 b,WASP_133,0.0345,0.17,87,2.17642,13.5629,368.683,1790,2016
WASP_135_b,WASP-135 b,WASP_135,0.0243,0,82,1.40138,14.5717,603.877,1403.66,2015
WASP_136_b,WASP-136 b,WASP_136,0.0661,0,87.7,5.21536,16.8135,479.921,1630,2016
WASP_138_b,WASP-138 b,WASP_138,0.0494,0,88.5,3.63443,12.2178,387.753,1590,2016
WASP_139_b,WASP-139 b,WASP_139,0.062,0,88.9,5.92426,8.9672,37.1861,910,2016
WASP_14_b,WASP-14 b,WASP_14,0.037,0.09,84.32,2.24375,15.4684,2809.62,1872,2008
WASP_140_b,WASP-140 b,WASP_140,0.0323,0.047,84.3,2.23598,14.2354,775.505,1270,2016
WASP_141_b,WASP-141 b,WASP_141,0.0469,0,87.6,3.31065,13.5629,854.963,1540,2016
WASP_142_b,WASP-142 b,WASP_142,0.0347,0,80.2,2.05287,17.1498,266.977,2000,2016
WASP_144_b,WASP-144 b,WASP_144,0.0316,0,86.9,2.27832,9.52765,139.845,1260,2018
WASP_145_A_b,WASP-145 A b,WASP_145_A,0.0261,0,83.3,1.76904,10.0881,282.869,1200,2018
WASP_147_b,WASP-147 b,WASP_147,0.0549,0,87.9,4.60273,12.498,87.4032,1404,2018
WASP_148_b,WASP-148 b,WASP_148,0.08215,0.208,89.3,8.80381,8.47399,91.2168,940,2020
WASP_148_c,WASP-148 c,WASP_148,0.2044,0.1809,104.9,34.524,13.9,124.589,590,2020
WASP_149_b,WASP-149 b,WASP_149,0.024,0,83.02,1.33281,15.2442,314.968,1855,2025
WASP_15_b,WASP-15 b,WASP_15,0.05165,0,85.96,3.7521,15.8047,171.628,1676,2009
WASP_150_b,WASP-150 b,WASP_150,0.0694,0.3775,84.01,5.64421,11.9936,2688.84,1460,2020
WASP_151_b,WASP-151 b,WASP_151,0.055,0,88.25,4.53348,13.3051,100.434,1312,2017
WASP_153_b,WASP-153 b,WASP_153,0.048,0.009,84.1,3.33261,17.374,123.954,1700,2017
WASP_154_b,WASP-154 b,WASP_154,0.044,0,88.46,3.81168,10.7606,198.961,994,2025
WASP_155_b,WASP-155 b,WASP_155,0.043,0,86.7,3.11041,13.4508,276.829,1468,2025
WASP_156_b,WASP-156 b,WASP_156,0.046,0.16,88.1,3.83616,6.15,42,934.5,2017
WASP_157_b,WASP-157 b,WASP_157,0.0499,0,85.0904,3.95162,11.19,182.434,1193,2016
WASP_158_b,WASP-158 b,WASP_158,0.0517,0,87.7,3.65633,11.9936,886.746,1590,2018
WASP_159_b,WASP-159 b,WASP_159,0.0538,0,88.1,3.8404,15.4684,174.806,1850,2018
WASP_16_b,WASP-16 b,WASP_16,0.0415,0,85.22,3.1186,13.675,394.109,1389,2009
WASP_160_B_b,WASP-160 B b,WASP_160_B,0.0452,0,88.97,3.7685,12.2178,88.3567,1119,2018
WASP_161_b,WASP-161 b,WASP_161,0.0673,0,89.01,5.40604,12.8119,791.397,1557,2018
WASP_162_b,WASP-162 b,WASP_162,0.0871,0.434,89.3,9.62468,11.209,1652.72,910,2018
WASP_163_b,WASP-163 b,WASP_163,0.0266,0,85.42,1.60969,13.4732,594.342,1638,2018
WASP_164_b,WASP-164 b,WASP_164,0.02818,0,82.73,1.77713,12.6438,676.978,1610,2018
WASP_165_b,WASP-165 b,WASP_165,0.04823,0,84.9,3.46551,14.1233,209.132,1624,2018
WASP_166_b,WASP-166 b,WASP_166,0.0641,0,88,5.44354,7.06167,32.1008,1270,2019
WASP_167_b,WASP-167 b,WASP_167,0.0365,0,79.9,2.02196,17.7102,2542.64,2329,2017
WASP_168_b,WASP-168 b,WASP_168,0.0519,0,84.4,4.15366,16.8135,133.489,1340,2018
WASP_169_b,WASP-169 b,WASP_169,0.0681,0,87.9,5.61141,14.6165,178.303,1604,2019
WASP_17_b,WASP-17 b,WASP_17,0.0515,0,86.63,3.73543,20.9608,247.907,1755,2009
WASP_170_b,WASP-170 b,WASP_170,0.0337,0,84.87,2.34478,12.2851,508.528,1422,2018
WASP_171_b,WASP-171 b,WASP_171,0.0504,0,88.3,3.81862,10.9848,344.528,1642,2019
WASP_172_b,WASP-172 b,WASP_172,0.0694,0,86.7,5.47743,17.5981,149.38,1740,2018
WASP_173_A_b,WASP-173 A b,WASP_173_A,0.0248,0,85.2,1.38665,13.4508,1172.79,1880,2018
WASP_174_b,WASP-174 b,WASP_174,0.05503,0,83.78,4.2337,16.1073,104.883,1528,2018
WASP_175_b,WASP-175 b,WASP_175,0.04403,0,85.33,3.06529,13.5405,314.652,1571,2019
WASP_176_b,WASP-176 b,WASP_176,0.0535,0,86.7,3.89905,16.8695,271.745,1721,2020
WASP_177_b,WASP-177 b,WASP_177,0.03957,0,84.14,3.07172,17.7102,161.458,1142,2019
WASP_178_b,WASP-178 b,WASP_178,0.0558,0,85.7,3.34483,20.2883,527.598,2470,2019
WASP_18_b,WASP-18 b,WASP_18,0.02024,0.0051,83.5,0.941452,13.8991,3241.85,2429,2009
WASP_180_A_b,WASP-180 A b,WASP_180_A,0.048,0,88.1,3.40926,13.8992,286.047,1540,2019
WASP_181_b,WASP-181 b,WASP_181,0.05427,0,88.38,4.51951,13.2715,95.0312,1186,2019
WASP_182_b,WASP-182 b,WASP_182,0.0451,0,83.88,3.37698,9.52765,47.0388,1479,2019
WASP_183_b,WASP-183 b,WASP_183,0.04632,0,85.37,4.11178,16.4772,159.551,1111,2019
WASP_184_b,WASP-184 b,WASP_184,0.0627,0,86.9,5.1817,14.908,181.163,1480,2019
WASP_185_b,WASP-185 b,WASP_185,0.0904,0.24,86.8,9.38755,14.0113,311.473,1160,2019
WASP_186_b,WASP-186 b,WASP_186,0.06,0.33,83.59,5.0268,12.442,1341.24,1378.4,2020
WASP_187_b,WASP-187 b,WASP_187,0.0653,0,90,5.14788,18.3828,254.264,1760,2020
WASP_188_b,WASP-188 b,WASP_188,0.072,0,85.88,5.74892,14.8183,458.626,1666,2025
WASP_189_b,WASP-189 b,WASP_189,0.05053,0,84.03,2.72403,18.1473,632.479,3353,2020
WASP_19_b,WASP-19 b,WASP_19,0.01652,0.0126,79.08,0.788839,15.8607,366.774,2113,2009
WASP_190_b,WASP-190 b,WASP_190,0.0663,0,87.1,5.36775,12.8903,317.83,1500,2019
WASP_192_b,WASP-192 b,WASP_192,0.0408,0,82.7,2.87868,13.7871,731.009,1620,2019
WASP_193_b,WASP-193 b,WASP_193,0.0668,0.081,89.25,6.24635,14.7846,35.5968,1250,2023
WASP_194_b,WASP-194 b,WASP_194,0.047,0,83.23,3.18339,15.4796,373.131,1693,2025
WASP_195_b,WASP-195 b,WASP_195,0.063,0,86.3,5.05193,10.3123,33.0542,1522,2025
WASP_197_b,WASP-197 b,WASP_197,0.065,0,86.29,5.16723,14.4484,403.324,1665,2025
WASP_2_b,WASP-2 b,WASP_2,0.03144,0.0054,84.49,2.15218,12.1169,295.9,1311,2007
WASP_20_b,WASP-20 b,WASP_20,0.05999,0,85.82,4.89964,15.4684,98.841,1362,2015
WASP_21_b,WASP-21 b,WASP_21,0.052,0,88.75,4.32248,11.99,95.345,1333,2010
WASP_22_b,WASP-22 b,WASP_22,0.047,0.02,89.2,3.53269,13.7871,212.946,1502,2010
WASP_23_b,WASP-23 b,WASP_23,0.0376,0.062,88.39,2.94443,10.783,280.95,1076.55,2010
WASP_24_b,WASP-24 b,WASP_24,0.03651,0,83.64,2.34121,15.4684,394.109,1772,2010
WASP_25_b,WASP-25 b,WASP_25,0.0473,0,88.19,3.76483,13.8095,179.255,1217,2010
WASP_26_b,WASP-26 b,WASP_26,0.04,0,82.5,2.7566,13.5629,270.156,1650,2010
WASP_28_b,WASP-28 b,WASP_28,0.0442,0,88.514,3.40883,13.6637,282.549,1456,2014
WASP_29_b,WASP-29 b,WASP_29,0.0457,0.03,88.8,3.92273,8.63093,73.1009,970,2010
WASP_3_b,WASP-3 b,WASP_3,0.0315,0,85.06,1.84683,15.9168,772.327,2020,2007
WASP_31_b,WASP-31 b,WASP_31,0.04659,0,84.41,3.40591,17.363,151.916,1423.7,2010
WASP_32_b,WASP-32 b,WASP_32,0.0394,0,85.1,2.71866,10.7606,835.893,1388,2010
WASP_33_b,WASP-33 b,WASP_33,0.0239,0,86.63,1.21987,17.8559,665.218,2781.7,2010
WASP_34_b,WASP-34 b,WASP_34,0.0524,0.04,85.2,4.31768,11.209,177.985,1250,2010
WASP_35_b,WASP-35 b,WASP_35,0.04317,0,87.96,3.16158,14.5717,225.659,1338.29,2011
WASP_36_b,WASP-36 b,WASP_36,0.02677,0,83.15,1.53737,14.8743,750.397,1733,2011
WASP_37_b,WASP-37 b,WASP_37,0.0446,0,88.82,3.57747,13.002,572.07,1232.5,2010
WASP_38_b,WASP-38 b,WASP_38,0.07522,0.03,89.5,6.87188,13.7871,1093.34,1250,2010
WASP_39_b,WASP-39 b,WASP_39,0.04828,0,87.32,4.05529,14.3363,89.3102,1166,2011
WASP_4_b,WASP-4 b,WASP_4,0.02261,0.0053,88.05,1.33823,15.1209,381.394,1653,2007
WASP_41_b,WASP-41 b,WASP_41,0.04022,0,89.4,3.0524,12.3299,270.156,1244,2011
WASP_41_c,WASP-41 c,WASP_41,1.07,0.294,90,421,13.1,1010.7,241,2015
WASP_42_b,WASP-42 b,WASP_42,0.0561,0.062,88,4.98168,12.5765,167.496,1021,2012
WASP_43_b,WASP-43 b,WASP_43,0.0142,0,82.6,0.813475,10.424,565.714,1426.7,2011
WASP_44_b,WASP-44 b,WASP_44,0.03453,0,86.21,2.4238,12.3299,276.512,1337,2011
WASP_45_b,WASP-45 b,WASP_45,0.03963,0,85.02,3.12609,10.6037,306.388,1153,2011
WASP_46_b,WASP-46 b,WASP_46,0.02335,0,82.8,1.43037,13.1594,607.055,1636,2011
WASP_47_e,WASP-47 e,WASP_47,0.01673,0,86.73,0.78961,1.83,9,1992,2015
WASP_47_b,WASP-47 b,WASP_47,0.052,0.0006,89,4.15915,12.86,374,1275,2012
WASP_47_d,WASP-47 d,WASP_47,0.085,0.001,89.23,9.0305,3.65,15.5,885,2015
WASP_47_c,WASP-47 c,WASP_47,1.393,0.264,90,589.57,-1,447,247,2015
WASP_48_b,WASP-48 b,WASP_48,0.03444,0,80.09,2.14363,16.8135,254.264,2035,2011
WASP_49_b,WASP-49 b,WASP_49,0.0379,0,84.89,2.78174,12.442,117.597,1400,2012
WASP_5_b,WASP-5 b,WASP_5,0.0267,0.038,86.9,1.62843,12.184,502.15,1706,2008
WASP_50_b,WASP-50 b,WASP_50,0.0293,0.009,84.88,1.9551,13.0697,466.829,1394.84,2011
WASP_52_b,WASP-52 b,WASP_52,0.0272,0,85.35,1.74978,14.24,146.2,1315,2012
WASP_53_b,WASP-53 b,WASP_53,0.04101,0.03,87.08,3.30984,12.0385,677.614,1053,2017
WASP_53_c,WASP-53 c,WASP_53,3.73,0.8369,90,2840,-1,5196.52,110.47,2017
WASP_54_b,WASP-54 b,WASP_54,0.04988,0.07,84.97,3.69364,17.7102,187.52,1759,2012
WASP_55_b,WASP-55 b,WASP_55,0.0558,0,88.74,4.46563,14.7286,186.247,1342,2012
WASP_56_b,WASP-56 b,WASP_56,0.05614,0,88.5,4.6171,10.5365,143.024,1216,2012
WASP_57_b,WASP-57 b,WASP_57,0.03769,0,86.05,2.83892,11.7695,204.683,1338,2012
WASP_58_b,WASP-58 b,WASP_58,0.0562,0,87.4,5.01718,16.0289,308.295,1270,2012
WASP_59_b,WASP-59 b,WASP_59,0.0697,0.1,89.27,7.91958,8.687,274.276,670,2012
WASP_6_b,WASP-6 b,WASP_6,0.04217,0.054,89,3.361,12.5428,148.426,1167,2009
WASP_60_b,WASP-60 b,WASP_60,0.05548,0,87.9,4.305,9.86392,174.806,1479,2012
WASP_61_b,WASP-61 b,WASP_61,0.0521,0,89.35,3.8559,15.8047,851.784,1624.4,2012
WASP_62_b,WASP-62 b,WASP_62,0.0571,0,88.3,4.41195,14.7959,165.272,1475.3,2012
WASP_63_b,WASP-63 b,WASP_63,0.0574,0,87.8,4.37808,15.8047,117.597,1469.91,2012
WASP_64_b,WASP-64 b,WASP_64,0.02648,0,86.57,1.57329,14.247,403.945,1689,2012
WASP_65_b,WASP-65 b,WASP_65,0.0334,0,88.8,2.31142,12.464,492.62,1480,2013
WASP_66_b,WASP-66 b,WASP_66,0.0546,0,85.9,4.08605,15.6926,746.9,1569.7,2012
WASP_67_b,WASP-67 b,WASP_67,0.05179,0,85.8,4.61442,12.8903,136.667,1003,2012
WASP_68_b,WASP-68 b,WASP_68,0.06206,0,88.1,5.0843,14.7959,343.256,1490,2014
WASP_69_b,WASP-69 b,WASP_69,0.0453,0,86.79,3.86814,11.21,82.58,971,2014
WASP_7_b,WASP-7 b,WASP_7,0.0617,0.034,87.03,4.95464,14.908,305.117,1487,2008
WASP_70_A_b,WASP-70 A b,WASP_70_A,0.04853,0,87.12,3.71302,13.047,187.512,1387,2014
WASP_71_b,WASP-71 b,WASP_71,0.046,0,84.2,2.90367,13.2266,441.784,2016.1,2012
WASP_72_b,WASP-72 b,WASP_72,0.03711,0,86.8,2.21673,14.4596,731.009,2210,2012
WASP_73_b,WASP-73 b,WASP_73,0.05512,0,87.4,4.08722,15.9168,908.994,1790,2014
WASP_74_b,WASP-74 b,WASP_74,0.03443,0,79.81,2.13775,15.2442,228.838,1865,2015
WASP_75_b,WASP-75 b,WASP_75,0.0375,0,82,2.48419,14.235,340.06,1710,2013
WASP_76_b,WASP-76 b,WASP_76,0.033,0,89.623,1.80988,20.7815,284.139,2228,2016
WASP_77_A_b,WASP-77 A b,WASP_77_A,0.0232336,0.01353,89.99,1.36003,13.56,529.311,1674,2012
WASP_78_b,WASP-78 b,WASP_78,0.03488,0,83.2,2.17518,21.6334,352.791,2469.7,2012
WASP_79_b,WASP-79 b,WASP_79,0.0519,0,86.1,3.66239,17.1497,270.154,1716.2,2012
WASP_8_b,WASP-8 b,WASP_8,0.0801,0.31,88.55,8.15872,12.6662,807.288,1059,2010
WASP_8_c,WASP-8 c,WASP_8,5.28,0,90,4323,12.5,3003.37,116.99,2013
WASP_80_b,WASP-80 b,WASP_80,0.0344,0.002,89.02,3.06785,11.1978,170.993,825,2012
WASP_81_b,WASP-81 b,WASP_81,0.03908,0.066,88.69,2.71648,16.0177,231.698,1623,2017
WASP_82_b,WASP-82 b,WASP_82,0.0447,0,87.9,2.70579,18.1586,371.861,2190,2015
WASP_83_b,WASP-83 b,WASP_83,0.059,0,88.9,4.97125,11.6574,95.349,1120,2015
WASP_84_c,WASP-84 c,WASP_84,0.02359,0,83.2,1.44688,1.95,15.2,1329,2023
WASP_84_b,WASP-84 b,WASP_84,0.0778,0,88.292,8.5235,10.72,220,732,2014
WASP_85_A_b,WASP-85 A b,WASP_85_A,0.039,0,89.69,2.65568,13.8992,402.055,1452,2016
WASP_87_b,WASP-87 b,WASP_87,0.02946,0,81.07,1.6828,15.5245,692.869,2049.54,2016
WASP_88_b,WASP-88 b,WASP_88,0.06431,0,88,4.954,16.3651,133.489,1772,2014
WASP_89_b,WASP-89 b,WASP_89,0.0427,0.193,89.4,3.35642,11.6574,1875.2,1120,2015
WASP_90_b,WASP-90 b,WASP_90,0.0562,0,82.1,3.91624,18.2707,200.233,1840,2016
WASP_91_b,WASP-91 b,WASP_91,0.037,0,86.8,2.79858,11.5453,425.892,1160,2017
WASP_92_b,WASP-92 b,WASP_92,0.0348,0,83.75,2.17467,16.3763,255.853,1871,2016
WASP_93_b,WASP-93 b,WASP_93,0.04211,0,81.18,2.73253,17.9008,467.21,1942,2016
WASP_94_A_b,WASP-94 A b,WASP_94_A,0.055,0,88.7,3.95019,17.7102,158.915,1604,2014
WASP_94_B_b,WASP-94 B b,WASP_94_B,0.0335,0,90,2.00839,14.1,196.411,1848.91,2014
WASP_95_b,WASP-95 b,WASP_95,0.03416,0,88.4,2.18467,13.7871,457.675,1570,2014
WASP_96_b,WASP-96 b,WASP_96,0.0453,0,85.6,3.42526,13.45,152.55,1285,2014
WASP_97_b,WASP-97 b,WASP_97,0.03303,0,88,2.07276,12.7783,432.249,1555,2014
WASP_98_b,WASP-98 b,WASP_98,0.03762,0,86.38,2.96264,12.8231,293.039,1171,2014
WASP_99_b,WASP-99 b,WASP_99,0.0717,0,88.8,5.75251,11.4332,772.327,1480,2014
WD_0806_661_b,WD 0806-661 b,WD_0806_661,2500,0,90,-1,12.1057,2224.8,357,2011
WD_1856_534_b,WD 1856+534 b,WD_1856_534,0.0204,0,88.778,1.40794,10.4,4386.05,163,2020
WISE_J033605_05_014350_4_b,WISE J033605.05-014350.4 b,WISE_J033605_05_014350_4,0.97,0,90,2560,12.6,2622.08,325,2023
WISEP_J121756_91_162640_2_A_b,WISEP J121756.91+162640.2 A b,WISEP_J121756_91_162640_2_A,8,0,90,-1,10.468,6992,450,2012
WISPIT_1_b,WISPIT 1 b,WISPIT_1,338,0,90,-1,12.4,3305.42,12.94,2025
WISPIT_1_c,WISPIT 1 c,WISPIT_1,840,0,90,-1,12.8,1684.49,8.21,2025
WISPIT_2_c,WISPIT 2 c,WISPIT_2,14,0,90,-1,17.9344,3178.28,2050,2026
WISPIT_2_b,WISPIT 2 b,WISPIT_2,57,0,90,-1,17.9344,1541.47,33.46,2025
WTS_1_b,WTS-1 b,WTS_1,0.047,0.1,85.5,3.35206,16.7,1274.44,1500,2012
WTS_2_b,WTS-2 b,WTS_2,0.01855,0,83.55,1.01871,15.2779,355.97,2000,2014
Wendelstein_1_b,Wendelstein-1 b,Wendelstein_1,0.0282,0.012,86.12,2.66342,11.561,188.155,2198,2020
Wendelstein_2_b,Wendelstein-2 b,Wendelstein_2,0.0234,0.057,87.87,1.75222,12.9935,232.334,2470,2020
Wolf_1061_b,Wolf 1061 b,Wolf_1061,0.0375,0.15,90,4.8869,1.21,1.91,461.1,2015
Wolf_1061_c,Wolf 1061 c,Wolf_1061,0.089,0.11,90,17.8719,1.66,3.41,299.3,2015
Wolf_1061_d,Wolf 1061 d,Wolf_1061,0.47,0.55,90,217.21,2.69,7.7,130.24,2015
Wolf_1069_b,Wolf 1069 b,Wolf_1069,0.0672,0,90,15.564,1.08,1.26,250.1,2023
Wolf_327_b,Wolf 327 b,Wolf_327,0.01,0,84.89,0.573474,1.24,2.53,996,2024
Wolf_503_b,Wolf 503 b,Wolf_503,0.05706,0.41,89.87,6.00127,2.043,6.26,790,2018
KOINTREAU_1_b,KOINTREAU-1 b,XEST_17_036,690,0,90,-1,12.4,3368.98,-1,2026
XO_1_b,XO-1 b,XO_1,0.0488,0,88.81,3.94153,12.7783,263.799,1210,2006
XO_2_N_b,XO-2 N b,XO_2_N,0.03666,0,88.01,2.61586,11.1305,199.915,1328,2007
XO_2_S_b,XO-2 S b,XO_2_S,0.1347,0.15,90,18.22,10.9,82.6354,706.59,2014
XO_2_S_c,XO-2 S c,XO_2_S,0.4737,0.149,90,120.059,13.6,438.603,376.79,2014
XO_2_S_d,XO-2 S d,XO_2_S,5.46,0.091,4,4696,13,1179.14,110.98,2024
XO_3_b,XO-3 b,XO_3,0.04815,0.2791,83.66,3.19152,14.7959,4217.58,1890,2007
XO_4_b,XO-4 b,XO_4,0.05524,0,88.8,4.12508,14.0113,451.319,1630,2010
XO_5_b,XO-5 b,XO_5,0.0515,0,86.8,4.18776,12.78,378.2,1230,2008
XO_6_b,XO-6 b,XO_6,0.0815,0,86,3.765,23.2026,1398.45,1577,2016
XO_7_b,XO-7 b,XO_7,0.04421,0.038,83.45,2.86414,15.39,225.341,1743,2019
YZ_Cet_b,YZ Cet b,YZ_Cet,0.01634,0.06,90,2.02087,0.913,0.7,471.2,2017
YZ_Cet_c,YZ Cet c,YZ_Cet,0.02156,0,90,3.05989,1.05,1.14,410.3,2017
YZ_Cet_d,YZ Cet d,YZ_Cet,0.02851,0.07,90,4.65626,1.03,1.09,356.7,2017
ZTF_J1230_2655_b,ZTF J1230-2655 b,ZTF_J1230_2655,-1,0,86.7,0.235978,13.787,7024.01,2949.65,2025
ZTF_J1828_2308_b,ZTF J1828+2308 b,ZTF_J1828_2308,-1,0,88.9,0.112007,11.1305,6356.57,-1,2025
alf_Ari_b,alf Ari b,alf_Ari,1.2,0.25,90,380.8,13.4,572.07,747.22,2010
alf_Tau_b,alf Tau b,alf_Tau,1.46,0.1,90,628.96,12.7,2056.36,1086.77,2015
b_Cen_AB_b,b Cen AB b,b_Cen_A,556,0.4,143,1.79e+06,12.4,3464.33,-1,2021
bet_Cnc_b,bet Cnc b,bet_Cnc,1.7,0.08,90,605.2,12.6,2479,1039.74,2014
bet_Pic_c,bet Pic c,bet_Pic,2.7,0.307,88.93,1202,12.5,2765.11,1250,2019
bet_Pic_b,bet Pic b,bet_Pic,10.07,0.105,88.993,8682,18.4948,2765.11,1612,2008
bet_Pic_d,bet Pic d,bet_Pic,26,0.44,89,33200,14.1233,762.788,600,2026
bet_UMi_b,bet UMi b,bet_UMi,1.4,0.19,90,522.3,12.7,1938.7,1040.63,2014
eps_CrB_b,eps CrB b,eps_CrB,1.3,0.11,90,417.9,12.7,2129.46,853.92,2012
eps_Eri_b,eps Eri b,eps_Eri,3.53,0.06,40,2680,13.8,317.828,112.26,2000
eps_Ind_A_b,eps Ind A b,eps_Ind_A,15.76,0.25,102.18,25450,12.7,2065.88,275,2019
eps_Tau_b,eps Tau b,eps_Tau,1.878,0.076,90,585.82,12.7,2285.19,603.08,2006
gam_Cep_b,gam Cep b,gam_Cep,1.978,0.07,90,904,12.5,2987.59,356.44,2003
gam_Lib_b,gam Lib b,gam_Lib,1.319,0.16,90,414.88,13.7,357.875,720.78,2018
gam_Lib_c,gam Lib c,gam_Lib,2.318,0.065,90,966.49,12.8,1662.56,543.71,2018
gam_Psc_b,gam Psc b,gam_Psc,1.32,0.204,90,555.1,13.6,425.89,666.07,2021
gam1_Leo_b,gam1 Leo b,gam1_Leo,1.19,0.144,90,428.5,12.5,2790.43,1080.7,2009
iot_Dra_b,iot Dra b,iot_Dra,1.453,0.701,46,510.854,12.4,3756.73,618.67,2002
iot_Dra_c,iot Dra c,iot_Dra,19.4,0.455,86,25000,12.2,4958.12,169.31,2021
kap_And_b,kap And b,kap_And,55,0,90,-1,15.9168,5498.43,1791,2012
kap_CrB_b,kap CrB b,kap_CrB,2.5,0.04,60,1253.68,13.3,689.691,319.32,2007
mu_Leo_b,mu Leo b,mu_Leo,1.1,0.09,90,357.8,13.3,762.8,704.49,2014
mu2_Sco_b,mu2 Sco b,mu2_Sco,242.4,0.56,96.6,-1,12.3,4576.73,159.05,2022
nu_Oct_A_b,nu Oct A b,nu_Oct_A,1.24,0.195,108.2,402.4,13.3,696.044,477.33,2016
nu_Oph_b,nu Oph b,nu_Oph,1.765,0.126,90,529.93,12,7057.73,620.57,2012
nu_Oph_c,nu Oph c,nu_Oph,5.829,0.179,90,3180.6,12,7838.32,341.48,2012
ome_Ser_b,ome Ser b,ome_Ser,0.838,0.18,90,278.59,14,233.922,824.94,2013
omi_CrB_b,omi CrB b,omi_CrB,0.699,0.105,90,187.01,13.7,355.968,947.65,2012
omi_UMa_b,omi UMa b,omi_UMa,3.691,0.149,90,1569.81,13,1160.39,473.88,2012
psi1_Dra_B_b,psi1 Dra B b,psi1_Dra_B,4.43,0.4,90,3117,13.5,486.28,159.48,2015
rho_CrB_e,rho CrB e,rho_CrB,0.1061,0.082,90,12.904,1.75,3.71,1004.88,2023
rho_CrB_b,rho CrB b,rho_CrB,0.2245,0.046,90,39.849,13.7,347.995,614,1997
rho_CrB_c,rho CrB c,rho_CrB,0.4206,0.048,90,102.036,5.68,27.442,448.1,2016
tau_Boo_b,tau Boo b,tau_Boo,0.049,0.011,44.5,3.31246,12.8,1891,1682.02,1996
tau_Cet_g,tau Cet g,tau_Cet,0.133,0.06,90,20,1.18,1.75,639.65,2017
tau_Cet_h,tau Cet h,tau_Cet,0.243,0.23,90,49.41,1.19,1.83,473.22,2017
tau_Cet_f,tau Cet f,tau_Cet,1.334,0.16,90,636.13,1.81,3.93,201.97,2017
tau_Gem_b,tau Gem b,tau_Gem,1.17,0.031,90,305.5,12.1,6547,1012.69,2013
ups_And_b,ups And b,ups_And,0.0592217,0.0215,90,4.61703,14,218.531,1523.73,1996
ups_And_c,ups And c,ups_And,0.827774,0.2596,90,241.258,12.3,4443.24,407.56,1999
ups_And_d,ups And d,ups_And,2.51329,0.2987,90,1276.46,12.5,3257.74,233.9,1999
ups_Leo_b,ups Leo b,ups_Leo,1.18,0.32,90,385.2,14.2,162.092,719.08,2021
xi_Aql_b,xi Aql b,xi_Aql,0.625,0.059,90,136.97,13.4,616.905,973.07,2007
